red,node_id,node_type,label,grado,grado_ponderado,componente,estado_estructural
bipartita_autor_video,author::UC-HeUTT6_g-VoiWds2a4H-w,author,@JorgeMunoz-gd9et,1,1,1,periferico_grado_1
bipartita_autor_video,author::UC-Iul5tDYH_oiAMXQH-KaaQ,author,@AlbertoMancilla-p9h,1,1,1,periferico_grado_1
bipartita_autor_video,author::UC-QOpE7GOxlXcHZ8b7HbQKA,author,@mariaalexander427,1,2,3,periferico_grado_1
bipartita_autor_video,author::UC-fiZBS5Gp1eCJd9ucgWnCg,author,@Tommii.10,1,1,1,periferico_grado_1
bipartita_autor_video,author::UC-hfX8J5JPJ-dfuakzegMLA,author,@normaleticiaorozcojuarez2418,1,1,1,periferico_grado_1
bipartita_autor_video,author::UC-jS_kA9w-OmpupXDx156Rg,author,@simoncreyesc7579,1,1,1,periferico_grado_1
bipartita_autor_video,author::UC-pNP6RMFuLg_-x7Ah_0kEA,author,@almacatalan2717,1,1,1,periferico_grado_1
bipartita_autor_video,author::UC094EFEmMSdwVa8NQjjYBXg,author,@CelestinoQuej-j7k,1,1,1,periferico_grado_1
bipartita_autor_video,author::UC0HvfEWozTHbwl_iEmJNvVA,author,@OttoPalencia-b7r,1,1,1,periferico_grado_1
bipartita_autor_video,author::UC0RpuMwkDKJYqgKHtsJRuWQ,author,@sabinamarinaguerra3248,1,1,2,periferico_grado_1
bipartita_autor_video,author::UC0aEyakBPqcBkVJiErfSupQ,author,@jhonymanuel9891,1,1,2,periferico_grado_1
bipartita_autor_video,author::UC14qlobYKqD-DO0j6b75lcA,author,@megavision4488,1,1,1,periferico_grado_1
bipartita_autor_video,author::UC1DpqK6vaPEkBOMNvypsKYg,author,@HectorCarranza-u4j4o,1,1,1,periferico_grado_1
bipartita_autor_video,author::UC1NiEdJ7gk6FlDexIalWnGg,author,@BorisTebalán,1,1,1,periferico_grado_1
bipartita_autor_video,author::UC1WlJfQmaIskYhP4gmWoamw,author,@marthareiss5434,1,1,3,periferico_grado_1
bipartita_autor_video,author::UC1Y7x3h0c95Z8kUhi-Tzaeg,author,@rosadiaz9235,1,1,1,periferico_grado_1
bipartita_autor_video,author::UC1vr9aaMI2crB0NvwFHUeoQ,author,@JoseSimilox-p6e,1,1,1,periferico_grado_1
bipartita_autor_video,author::UC2Y_EHWQKevubk4vOEBBFxw,author,@alfonsomorales2653,1,1,1,periferico_grado_1
bipartita_autor_video,author::UC2ngpd8UBQu4gcUYy0goAtg,author,@juliohernandez7438,1,1,1,periferico_grado_1
bipartita_autor_video,author::UC2weSE8rpqkGMOp6StYtVfg,author,@katerynsantiago2907,1,1,1,periferico_grado_1
bipartita_autor_video,author::UC32oozucwCF3q8d4m8fyOUg,author,@RauldejesusOlivagonzalez,1,1,1,periferico_grado_1
bipartita_autor_video,author::UC3E9mAgP7VoAE5mZoAexl5g,author,@EnnioAroche,1,1,1,periferico_grado_1
bipartita_autor_video,author::UC3MYTqpQqlWBuCB7Th0e0PA,author,@isaaclopez7220,1,1,1,periferico_grado_1
bipartita_autor_video,author::UC3NMzdMYryaw82kPTnsaljg,author,@marisosa7832,1,1,1,periferico_grado_1
bipartita_autor_video,author::UC3UVO7pTbeYvZ3ILEyRDskQ,author,@rosaelenaargueta79,1,1,1,periferico_grado_1
bipartita_autor_video,author::UC3XTwHxygNCgjndsg-UiCQA,author,@marioajset4283,1,3,1,periferico_grado_1
bipartita_autor_video,author::UC3YpzAr7pcdKC7BVFEpYzog,author,@carmenfigueroa1232,1,1,1,periferico_grado_1
bipartita_autor_video,author::UC3iIU62XKUOWuqL8BqBzj9A,author,@antonioduarte2288,1,1,1,periferico_grado_1
bipartita_autor_video,author::UC3qn1yJA5PeW9rkGPatQxiw,author,@VICTOREST19,1,1,1,periferico_grado_1
bipartita_autor_video,author::UC4Avya4kmR4Q0FrfFdBozSQ,author,@davidlima1348,1,1,1,periferico_grado_1
bipartita_autor_video,author::UC4cXueR2bKGFJV0Fk76gwmA,author,@aluxdel4792,1,1,1,periferico_grado_1
bipartita_autor_video,author::UC4kg7zuTfqQKLd2bkZrSYBA,author,@zoilagarcia9019,1,1,1,periferico_grado_1
bipartita_autor_video,author::UC4wq3DcbfaG6dtCqn8Oyu3w,author,@hugoasencio7764,1,1,1,periferico_grado_1
bipartita_autor_video,author::UC5H8ASmMC9WrURmzeB4ySog,author,@ManuelEdran,1,5,1,periferico_grado_1
bipartita_autor_video,author::UC5PrBbmUlQolwqmiru7yZhw,author,@lazarochavez8269,1,1,1,periferico_grado_1
bipartita_autor_video,author::UC5PyGvSfFM--OVKmQ3COu6g,author,@FreddyGmez,1,1,2,periferico_grado_1
bipartita_autor_video,author::UC5bG9nc_JV3FsNP2KseQiYw,author,@giovannirodas4836,1,1,1,periferico_grado_1
bipartita_autor_video,author::UC5fvhAfm89JH8eDFdvc0xYw,author,@isaidiaz2388,1,1,2,periferico_grado_1
bipartita_autor_video,author::UC5hvEnRUzI4Kfvwnyi4QxqQ,author,@leonelsantizo5281,1,1,1,periferico_grado_1
bipartita_autor_video,author::UC5wuDq3U3vRAhOQI3D7gNdw,author,@allanreneramirezgonzalez534,1,1,1,periferico_grado_1
bipartita_autor_video,author::UC63tFvbQ_hJhGDi2nbjssjw,author,@AbigailRodas-w2r,1,1,1,periferico_grado_1
bipartita_autor_video,author::UC650pRT-OYzny3GwOH8Cgfw,author,@edvinparedesherrera7632,1,1,1,periferico_grado_1
bipartita_autor_video,author::UC6PvO1_k5lHKGdAPo5_C6TA,author,@johnmejia992,1,1,1,periferico_grado_1
bipartita_autor_video,author::UC6Uj1FT5JjDSF8vudvDxPAA,author,@alfredoortega9264,1,1,1,periferico_grado_1
bipartita_autor_video,author::UC6YSZqL0vEcI-niPKIMUGfw,author,@maxwellsales885,1,1,1,periferico_grado_1
bipartita_autor_video,author::UC6xI_MOaxajIWpoP8BH6E_Q,author,@jahirdiaz5862,1,1,7,periferico_grado_1
bipartita_autor_video,author::UC72gBAtyb_VXQlYDcFrh6oQ,author,@osmanmorales3012,1,3,1,periferico_grado_1
bipartita_autor_video,author::UC7IMsCxfZyWN7YQo8-JYa6Q,author,@Burgos68,1,2,1,periferico_grado_1
bipartita_autor_video,author::UC7VUuJr9cGh845CmTvf7TlQ,author,@LuisCastillo-oz4df,1,1,1,periferico_grado_1
bipartita_autor_video,author::UC7dadZG7kkGYnsNu6td0FbA,author,@lesolorzano,1,1,1,periferico_grado_1
bipartita_autor_video,author::UC816IGbFCZinfYS1LRDaaHg,author,@ingenieroar,1,1,1,periferico_grado_1
bipartita_autor_video,author::UC8F2V63KZ4ZEay6opX2hAQw,author,@carmenr6311,1,1,1,periferico_grado_1
bipartita_autor_video,author::UC8G5cJONY8L9voMyBW8Eoug,author,@luisparedes-pw6qt,1,1,1,periferico_grado_1
bipartita_autor_video,author::UC8r11yOugM2NuRfitQOxLLg,author,@cesaraugustomoralesmonroy6907,1,1,1,periferico_grado_1
bipartita_autor_video,author::UC8xlJWNHz1V_W6q3fbuQH8g,author,@NormaLópez-v7e,1,1,1,periferico_grado_1
bipartita_autor_video,author::UC95PSMouTx2N5CbSq0hIyrQ,author,@lisss1908,1,1,1,periferico_grado_1
bipartita_autor_video,author::UC9Wp6vL5oCU37qC3Aj94WZA,author,@ManuelSanchez-b8q2z,1,1,1,periferico_grado_1
bipartita_autor_video,author::UC9vMq1YF-e7C-VO0SHkbUTA,author,@ErvinLeonardoCarreraLatín,1,4,1,periferico_grado_1
bipartita_autor_video,author::UC9xr9QvIcDvoZNUX5f-jaZw,author,@MariaaliciaColonmorales,1,1,1,periferico_grado_1
bipartita_autor_video,author::UCA93ym2TXs_Ibyxb4Vcn-6Q,author,@oswaldosolis8728,1,1,1,periferico_grado_1
bipartita_autor_video,author::UCAKuKvcbfnBD3kF5njNu-IA,author,@melvinlopez7096,1,1,1,periferico_grado_1
bipartita_autor_video,author::UCAV7QIjYhbDJaycQycM_0eQ,author,@mariavail8998,1,1,1,periferico_grado_1
bipartita_autor_video,author::UCAlzM_N6xBlMYmM8EBzX86Q,author,@carlossoto3252,1,1,1,periferico_grado_1
bipartita_autor_video,author::UCAmtbUiIrUIhikru0ZoTFig,author,@Aura-vf6dm,1,1,1,periferico_grado_1
bipartita_autor_video,author::UCAxvOOHQk7dYPOajzFEVtbA,author,@ruddydepaz322,1,2,1,periferico_grado_1
bipartita_autor_video,author::UCB5p8a5gklc80jJItP6xTHg,author,@ernestogamboa8737,1,1,1,periferico_grado_1
bipartita_autor_video,author::UCBlm80VQ4YoV3bUJR_XhkaQ,author,@rosadiaz6945,1,2,3,periferico_grado_1
bipartita_autor_video,author::UCBtB5dIyx-C16UN8ClUD2UA,author,@alexmonzon4257,1,1,1,periferico_grado_1
bipartita_autor_video,author::UCCBYcToQ2dwkd6TJh0FSyDg,author,@lidiarodriguez3493,1,1,1,periferico_grado_1
bipartita_autor_video,author::UCCUmP4PlbwgikVFpYwbtRTg,author,@alhvi,1,1,1,periferico_grado_1
bipartita_autor_video,author::UCCaYwkkbQGcvFoUmothVdQQ,author,@OsvaldoAguirre-l3i,1,1,1,periferico_grado_1
bipartita_autor_video,author::UCDIMztpVm7G27qBuiWuT6oQ,author,@lizardomorataya8274,1,1,1,periferico_grado_1
bipartita_autor_video,author::UCDPWkUX3sNNaCx-m1dV4glA,author,@hectoroliva949,1,1,1,periferico_grado_1
bipartita_autor_video,author::UCDQaQv0hr2SS_PO-CMEwVHg,author,@federicosaquimux1933,1,1,1,periferico_grado_1
bipartita_autor_video,author::UCDUffaruH6dyUnUGwsTKpgg,author,@luisletona2842,1,1,1,periferico_grado_1
bipartita_autor_video,author::UCDftMWXQoJ6nONfY7GVOVjg,author,@luisgpacheco5858,1,1,1,periferico_grado_1
bipartita_autor_video,author::UCDlr1VadSucIZgZ171pRBjQ,author,@cuabatzjj5924,1,1,1,periferico_grado_1
bipartita_autor_video,author::UCDrmf9y9nLgFY5wnA2hTuGA,author,@laboratorio5528,1,1,1,periferico_grado_1
bipartita_autor_video,author::UCEHXl4VvvVpq-_4xC5tsbhg,author,@anibalg47,1,1,1,periferico_grado_1
bipartita_autor_video,author::UCEgEQmRbtL5fwr9_DqAC--g,author,@ArielRodas-g5y,1,1,1,periferico_grado_1
bipartita_autor_video,author::UCErZPJpHmLCsXs8ZWkAUupQ,author,@dorisl.garciaroche7763,1,1,1,periferico_grado_1
bipartita_autor_video,author::UCFFrEmn6lPYiWyElpfzTy5Q,author,@denilsonlopez4083,1,1,1,periferico_grado_1
bipartita_autor_video,author::UCFOxCyF926Y9eHhMeVoWLzw,author,@arielsarc09,1,1,2,periferico_grado_1
bipartita_autor_video,author::UCFUuDARXdmmIrLppEqf-rFg,author,@allanmunoz7410,1,1,1,periferico_grado_1
bipartita_autor_video,author::UCFhxtoeARHPnXXPcDrOU3Xg,author,@diegoalejandrolopezmendez205,1,1,1,periferico_grado_1
bipartita_autor_video,author::UCFjudnPLoaSL1BaRuLahyHg,author,@HaroldoCastillo-rh9iw,1,3,1,periferico_grado_1
bipartita_autor_video,author::UCFoIAE8k82D6AV-8gjjKaNg,author,@eddymunoz9789,1,1,1,periferico_grado_1
bipartita_autor_video,author::UCFxE8GbokBrBsPEKM1xrOjQ,author,@JuanDavila-qd7qj,1,1,1,periferico_grado_1
bipartita_autor_video,author::UCFybmWapGvBKcQod7cPPH9w,author,@vitalianochavez8382,1,1,1,periferico_grado_1
bipartita_autor_video,author::UCGGHbtfbbe0o68etrOf0qxw,author,@karensussetteleonvargas9794,1,1,1,periferico_grado_1
bipartita_autor_video,author::UCGX_UbAQOXGZknv5iqklwTA,author,@ronaldgarcia8522,1,1,1,periferico_grado_1
bipartita_autor_video,author::UCGZMgmM92E3njyXNe9-kjAQ,author,@pasionpornada,1,1,3,periferico_grado_1
bipartita_autor_video,author::UCGj2v6Gl5bN8NSrzJMXS-CA,author,@juliogutierrez492,1,1,1,periferico_grado_1
bipartita_autor_video,author::UCGm3gRBEHGRJYmtCryZLtDw,author,@JoséLopez-g6k,1,1,1,periferico_grado_1
bipartita_autor_video,author::UCGqKxQS-z3NZzZF-2w338AA,author,@samuelaguilar529,1,1,2,periferico_grado_1
bipartita_autor_video,author::UCGzXwyCzMzGmjmCbH3Hg01Q,author,@FidelZacarias-ph7dy,1,1,1,periferico_grado_1
bipartita_autor_video,author::UCHGd14aYuZZShLD73dkk6mg,author,@noemiherrera3152,1,1,5,periferico_grado_1
bipartita_autor_video,author::UCHMQ_lDhibZ-XZ_3fo6oxwg,author,@crislexrubi4387,1,1,2,periferico_grado_1
bipartita_autor_video,author::UCHTGCgY2l-DQJIvlA_cpa_Q,author,@virgiliogarcia3039,2,3,1,conectado
bipartita_autor_video,author::UCHbwIx9pmQuf7i-4_xO2EpA,author,@caminoseternos752,1,1,1,periferico_grado_1
bipartita_autor_video,author::UCHhHUjaMAZ8SiXdCUCj9DkQ,author,@fredymendez1786,1,2,1,periferico_grado_1
bipartita_autor_video,author::UCHu8x4MVkayU6VgwVKd--MQ,author,@Hernandez-i1o,1,1,1,periferico_grado_1
bipartita_autor_video,author::UCIUhbSCy3-SGRe5UtqM4fzQ,author,@jeanmorales1677,1,1,2,periferico_grado_1
bipartita_autor_video,author::UCIXLDYqR_syskKRJy_x9W9Q,author,@carlitosramirez4739,1,1,1,periferico_grado_1
bipartita_autor_video,author::UCIgoiXdIKJyUGmUoH2Lxdzg,author,@susievidal4134,1,1,3,periferico_grado_1
bipartita_autor_video,author::UCIp19h9igblA2YKfSLPDAug,author,@JoseReyes-rn6sh,1,1,2,periferico_grado_1
bipartita_autor_video,author::UCJp3OrVYcBorC94sKwdch_A,author,@ULJoshmg2011,1,1,1,periferico_grado_1
bipartita_autor_video,author::UCJxJC56BSAX-ArD0NAb9qnQ,author,@alfonsowilian9157,1,1,6,periferico_grado_1
bipartita_autor_video,author::UCKDR0f2fu2UzWL8mBv5-BHw,author,@mireyamorales6595,1,1,1,periferico_grado_1
bipartita_autor_video,author::UCKVzDUqbtdSMBcexaEtMmzQ,author,@rotorairgroup8409,1,1,4,periferico_grado_1
bipartita_autor_video,author::UCL13XhnRzbGokEkCkEOb0-g,author,@raquelprado3643,1,2,1,periferico_grado_1
bipartita_autor_video,author::UCL1MT278vSaQ83ZDkVWn1gw,author,@elmorodriguez6978,1,1,1,periferico_grado_1
bipartita_autor_video,author::UCLFdHr9BEbXHkoJopbEPLZw,author,@kanterra4584,1,2,1,periferico_grado_1
bipartita_autor_video,author::UCLXYp1Cvc5DLtq5UQL5D9vw,author,@jorgecifuentes-m5g,1,1,1,periferico_grado_1
bipartita_autor_video,author::UCLggDc_a5HriXv7I1h02sOA,author,@guillermogonzalez5153,1,2,1,periferico_grado_1
bipartita_autor_video,author::UCLh1Kde4_vI1sTZBkTNP7RQ,author,@JoelReynoso-d4r,1,1,1,periferico_grado_1
bipartita_autor_video,author::UCN2N_wYOw6fMwCeSzdXLPIw,author,@danielantoniogonzalezflore4901,1,1,1,periferico_grado_1
bipartita_autor_video,author::UCN6qbfPSzFtjhqUDZ3Cv3CQ,author,@carlosmedranovelasquez6380,1,1,1,periferico_grado_1
bipartita_autor_video,author::UCNBnKqWf4d-rS4HwJRQljmQ,author,@LE_A22,1,2,1,periferico_grado_1
bipartita_autor_video,author::UCNIeXbV_mEwpa412h1aqUWw,author,@juandeleon9060,1,3,1,periferico_grado_1
bipartita_autor_video,author::UCNiMNUJvaRJb0_QLClqwVnA,author,@Santiago.Nolasco,1,1,4,periferico_grado_1
bipartita_autor_video,author::UCNkcuy42zEwddwEcOd_HpnA,author,@vanigomez492,1,1,1,periferico_grado_1
bipartita_autor_video,author::UCNpt5CQlTzNjlAKY6CJtClQ,author,@eustaquiogomez9975,1,1,1,periferico_grado_1
bipartita_autor_video,author::UCO0zwwLWGyDgQmWPJ5Qrr1w,author,@elsalvador3605,1,1,1,periferico_grado_1
bipartita_autor_video,author::UCOARn3hnfkB7-_Rwa8Hoqcw,author,@nicelol5241,1,1,1,periferico_grado_1
bipartita_autor_video,author::UCOLGv5Pf6BF2wFcwUzgcvHg,author,@welfrealdana5559,1,2,1,periferico_grado_1
bipartita_autor_video,author::UCOLHH4ZpMxPYF-Q6e6wvn5A,author,@luisroldan7374,1,1,3,periferico_grado_1
bipartita_autor_video,author::UCOS8ViEkccrTZx2w2ccxotA,author,@OscarHernandez-q8y,1,1,1,periferico_grado_1
bipartita_autor_video,author::UCOY3XpD9qMCRSA8AA8c4CAw,author,@franciscorodas9686,1,1,1,periferico_grado_1
bipartita_autor_video,author::UCOcUI5XkTYNMSFhZNMIPpGg,author,@hendersonlopez3864,1,1,1,periferico_grado_1
bipartita_autor_video,author::UCOh6DaZC_x9HASnlRylEMfw,author,@AndresMedina-v1s,1,1,1,periferico_grado_1
bipartita_autor_video,author::UCPLW0HE3siElqCgXfgWxMqg,author,@elizabethmonterroso7719,1,1,8,periferico_grado_1
bipartita_autor_video,author::UCPNXmbOBVeC4HS-xemvcPtQ,author,@BelkisRodriguezRamirez,1,1,3,periferico_grado_1
bipartita_autor_video,author::UCPZueDLrCS4BmTBRMA4q0fA,author,@kevinochoa3695,1,1,1,periferico_grado_1
bipartita_autor_video,author::UCQIdKuZ-OzuFqy0KjGrgesg,author,@lyacausa,1,1,5,periferico_grado_1
bipartita_autor_video,author::UCQM2tCKRRytVDRxNUfCDqQQ,author,@elioelias7267,1,1,9,periferico_grado_1
bipartita_autor_video,author::UCQMMuADgqWUOcJpLwHOzC-g,author,@Ripped-Yoda,1,1,3,periferico_grado_1
bipartita_autor_video,author::UCQ_-LPP8JAbfkc-b1Q6NvWw,author,@MegaKristenstewart,1,2,1,periferico_grado_1
bipartita_autor_video,author::UCQgYjVngJRfPHDLGB5X6ZjA,author,@oscarnavas9996,1,1,1,periferico_grado_1
bipartita_autor_video,author::UCQqetiwzzmRNTM5OWuXarGQ,author,@isaiaslopezvelasquez1539,1,1,1,periferico_grado_1
bipartita_autor_video,author::UCQqlPPUGqAfWjd-FSh_qn7Q,author,@estuardoargueta137,1,1,1,periferico_grado_1
bipartita_autor_video,author::UCQtICyzWmhC5woCtbNgaSmg,author,@nestormendez6216,1,2,1,periferico_grado_1
bipartita_autor_video,author::UCQtSFINs1h6GHkpg9o5kMvg,author,@MacarioMartinezruiz,1,1,1,periferico_grado_1
bipartita_autor_video,author::UCQyOePccUP-fIJYzchAgZYw,author,@aguilar4254,1,1,1,periferico_grado_1
bipartita_autor_video,author::UCRAquv8el-tQ30bN7MlmySQ,author,@iamjimalesssa,1,1,1,periferico_grado_1
bipartita_autor_video,author::UCRETAiYdh2dL5ZxB0_N1zDA,author,@Joseroland21,1,1,1,periferico_grado_1
bipartita_autor_video,author::UCRcSR3Lvn9DZAmJpVPANfZQ,author,@WalksandSuch,1,1,2,periferico_grado_1
bipartita_autor_video,author::UCRelkU8JiZBytTzebJxaa-w,author,@danyraymundo2942,1,1,1,periferico_grado_1
bipartita_autor_video,author::UCRfkkatKrNtAARnXMMYBGlA,author,@BernerSoza-mg3vx,1,1,1,periferico_grado_1
bipartita_autor_video,author::UCRlCV9zSn7avAWh-9_XFWqQ,author,@ronyarana8849,1,1,1,periferico_grado_1
bipartita_autor_video,author::UCRvPToDkkumha7WJAfCDk1A,author,@ligiaguerra3057,1,1,1,periferico_grado_1
bipartita_autor_video,author::UCRznz9-N3Qc1w-qNdLSIY2Q,author,@jimmygomez724,1,1,2,periferico_grado_1
bipartita_autor_video,author::UCSTAUWVc1_82DHYeqOsqEFA,author,@TheAlexX_C,1,1,2,periferico_grado_1
bipartita_autor_video,author::UCSou6a2OuYGSvPjm5psquyA,author,@FranciscoRivera-sf7ne,1,1,1,periferico_grado_1
bipartita_autor_video,author::UCTD6q1nyIe3Y7HhqjaMj72w,author,@JuanChang-r6k,1,1,1,periferico_grado_1
bipartita_autor_video,author::UCTP3O0rMnc8z8v8jaDQwL0w,author,@RobertoZelaya-x1v,1,1,1,periferico_grado_1
bipartita_autor_video,author::UCTTILH6QCIxbTnEWxwRqs1g,author,@3762Jorge,1,1,1,periferico_grado_1
bipartita_autor_video,author::UCThW2XNsAaBKme5PUt7n-Zg,author,@thelmamoran8565,1,1,1,periferico_grado_1
bipartita_autor_video,author::UCTwSut16JyAg3mX6LVUNGqA,author,@SuperVictor2005,1,1,1,periferico_grado_1
bipartita_autor_video,author::UCTylKrsqkrBKIqubMu_5N0Q,author,@edwingeovanymarroquinmarro6684,1,1,1,periferico_grado_1
bipartita_autor_video,author::UCUIIIPTVDVHAXqhC_5V6lPA,author,@gorrarota,1,1,1,periferico_grado_1
bipartita_autor_video,author::UCUoYsrx1oZnCZ0usbBJn4fA,author,@AnaDiaz-re9sq,1,1,1,periferico_grado_1
bipartita_autor_video,author::UCV0iizTBoOfdAFX_thfI9BA,author,@BenjaminLarios-jd8nk,1,1,1,periferico_grado_1
bipartita_autor_video,author::UCV0lM03g5fg5pbPj97-sAtA,author,@genarodelgado3929,1,1,1,periferico_grado_1
bipartita_autor_video,author::UCV3fr-YOixFKCZBbJP1-X4w,author,@albertoshernandez5251,1,5,1,periferico_grado_1
bipartita_autor_video,author::UCVC2QugcI1G4RvlCiUqd1aQ,author,@rwdm76,1,2,1,periferico_grado_1
bipartita_autor_video,author::UCVQf0tzL7xRzFJsABVVULpg,author,@DennisseLopetegi,1,1,1,periferico_grado_1
bipartita_autor_video,author::UCVdjCrh4tQoX3haNAZv-n5A,author,@aurahernandez5646,1,1,3,periferico_grado_1
bipartita_autor_video,author::UCVhif9eV0f8plICen2DnpKA,author,@blogarteplus,1,1,1,periferico_grado_1
bipartita_autor_video,author::UCW-JC6lebVmf2P1dmY_L94g,author,@dinoraoroxon5771,1,1,1,periferico_grado_1
bipartita_autor_video,author::UCW80DaMjQlEUibC98Cot-Dg,author,@rogeraldana4289,1,1,1,periferico_grado_1
bipartita_autor_video,author::UCWIZUtKJ636y-4TYrNvok0g,author,@cesarandreas7824,1,1,1,periferico_grado_1
bipartita_autor_video,author::UCWWkebAekppaL5b5CNlppuw,author,@ninettmartinez425,1,1,5,periferico_grado_1
bipartita_autor_video,author::UCWaRixDdpgllTBf4V0jPnKQ,author,@hectormaaz5523,1,2,1,periferico_grado_1
bipartita_autor_video,author::UCWoAVGVqCn4xtINCMOTM4jg,author,@OmarMartinez-vv8re,1,1,1,periferico_grado_1
bipartita_autor_video,author::UCWvntqPQx99k_Z_skWKqNSA,author,@AntonioChiyal-x5s,1,1,1,periferico_grado_1
bipartita_autor_video,author::UCXN2s7DwTJm33xO-pNkAdaA,author,@edithsan7688,1,1,1,periferico_grado_1
bipartita_autor_video,author::UCXO1BBohNWXkK9SBDAG2ySg,author,@JBFlute92,1,1,1,periferico_grado_1
bipartita_autor_video,author::UCXSkL3ejZ8qWYyF_M7s_QKA,author,@JacintaTzoy,1,1,1,periferico_grado_1
bipartita_autor_video,author::UCXVLc8CmAO813ubM-fLvCDw,author,@herminiasaquimux7565,1,1,1,periferico_grado_1
bipartita_autor_video,author::UCXXh7yg5KUFIWylTiKVEFKQ,author,@MrDuenderojo,1,2,1,periferico_grado_1
bipartita_autor_video,author::UCXgr7vXlRrsaskPdo097kGA,author,@Rogergh-nw4oj,1,1,1,periferico_grado_1
bipartita_autor_video,author::UCXl30Y_upRqbti52fmjK4YA,author,@capitanfrans,1,1,1,periferico_grado_1
bipartita_autor_video,author::UCXmrpc6Li0spcKxtS0Q_ptg,author,@melvinperez6710,1,1,2,periferico_grado_1
bipartita_autor_video,author::UCXr8_5WtGeipe4haOoQDgyQ,author,@amyherrera7352,1,1,1,periferico_grado_1
bipartita_autor_video,author::UCY7Hq7F9Lnucf-Yr6JkHZNw,author,@maynorcalel1442,1,1,2,periferico_grado_1
bipartita_autor_video,author::UCYN4wSQ1Sx4_LurxLlW7MPg,author,@belarminavillatoro6474,1,1,1,periferico_grado_1
bipartita_autor_video,author::UCYwpX26TrCxq8TvbKGRYLXA,author,@beneficioelcaminovillacana8540,1,1,1,periferico_grado_1
bipartita_autor_video,author::UCZ51R_9Q9C0c8I3pAWhtmjQ,author,@belvettzapeta1251,1,1,1,periferico_grado_1
bipartita_autor_video,author::UCZFQwqh90apuL8eFhvRBkUg,author,@luisricardo9671,1,1,1,periferico_grado_1
bipartita_autor_video,author::UCZIQnb1fkwe39Iw2TAu-bGA,author,@jorgegomez2237,1,1,1,periferico_grado_1
bipartita_autor_video,author::UCZLG9qH0tUjNhEGFIUt0CYw,author,@SoniaMarroquin-y6e,1,1,1,periferico_grado_1
bipartita_autor_video,author::UCZOmq6MwFDVoCaEl99BRRaw,author,@daniloarevalo3170,1,1,1,periferico_grado_1
bipartita_autor_video,author::UCZeIIQrGAedW8tCbKWmGY-A,author,@mariocordon8873,1,1,1,periferico_grado_1
bipartita_autor_video,author::UCZjm6U576nX8WOiLhmMR3bw,author,@MariaNavarroYT,1,1,3,periferico_grado_1
bipartita_autor_video,author::UC_3xuTXvMIWU5MYP9HkJ3vQ,author,@Historia-wm4os,1,1,1,periferico_grado_1
bipartita_autor_video,author::UC_6KbBY1bsYXz9fwFS0eQRg,author,@imrcp5694,1,1,1,periferico_grado_1
bipartita_autor_video,author::UC_LYoGs5C3mbZKZuKuqYCvw,author,@javiercifuentesarchila6041,1,1,1,periferico_grado_1
bipartita_autor_video,author::UC_NRVt2UP88ZNTwzrZ66JSg,author,@aditalissethevasquezrojas8039,1,1,10,periferico_grado_1
bipartita_autor_video,author::UC_ljZ1hZXR9pzexFz87P5ZA,author,@ChRiStOpHeR7969,1,1,2,periferico_grado_1
bipartita_autor_video,author::UCa36MjQLoPAmgJo-R3G8WQA,author,@elsasalguero6914,1,1,1,periferico_grado_1
bipartita_autor_video,author::UCaKAjTW9MVub_clgr4DRYjQ,author,@josecastillo4390,1,1,1,periferico_grado_1
bipartita_autor_video,author::UCaT4saRcyqCLE657Rq2hhZQ,author,@elmilenial4064,1,1,1,periferico_grado_1
bipartita_autor_video,author::UCaT6M2zp7X6r6Whd8Vv3kHQ,author,@alexarcos8349,1,1,2,periferico_grado_1
bipartita_autor_video,author::UCat2qkYvqmtDNEmo2PVuhXw,author,@DoraSalas-j5o,1,1,3,periferico_grado_1
bipartita_autor_video,author::UCbNanjFI51cwGqMAb2rOrBw,author,@RosaMontesdeOca777,1,1,3,periferico_grado_1
bipartita_autor_video,author::UCbYoNG5J3Au5BqtbXogfEFw,author,@Luis-gn3fj,1,1,1,periferico_grado_1
bipartita_autor_video,author::UCbrtvygfRT6QXqWDNrOf-cA,author,@Alejandro00710,2,2,1,conectado
bipartita_autor_video,author::UCcFIBN-rtC3d3hXeuN5TfWw,author,@DenisRMC,1,1,1,periferico_grado_1
bipartita_autor_video,author::UCc_F88PzGWtA1OPNUEASulA,author,@rockyscarlet,1,1,1,periferico_grado_1
bipartita_autor_video,author::UCcfdg8crmMJwEuLUsAhV7yg,author,@RolandoRaguay,1,1,1,periferico_grado_1
bipartita_autor_video,author::UCdFlugHJJa4l3YqWuNRmvXw,author,@MarcosCarillo-b1r,2,2,1,conectado
bipartita_autor_video,author::UCdQAuWwyC99MB7Y02Umj26Q,author,@miguelbran1268,1,1,1,periferico_grado_1
bipartita_autor_video,author::UCe8JZoYkX5oKUZyivHYdXhw,author,@FernandoGarcia-jg1fj,1,1,1,periferico_grado_1
bipartita_autor_video,author::UCeDNEtI8_a42bZ47wJiJMwQ,author,@EdgarcalderonCalderong,1,1,1,periferico_grado_1
bipartita_autor_video,author::UCeQk-WfEA-cJRq4EKeE7TOw,author,@franciscojuarez9223,1,1,1,periferico_grado_1
bipartita_autor_video,author::UCefAH1MbvADWUjE9WVcB9EQ,author,@jabriz8152,1,1,1,periferico_grado_1
bipartita_autor_video,author::UCf5lnNZF7Qrtli9v4N_23WQ,author,@CarlosCortez-v5r,1,1,1,periferico_grado_1
bipartita_autor_video,author::UCfM3nrxtTQMY5jFx1v1J4Gg,author,@edgarroldan5539,1,1,1,periferico_grado_1
bipartita_autor_video,author::UCfRqgt2O-vjzUDMZY_tnxQw,author,@Williams-Garcia67E,1,1,1,periferico_grado_1
bipartita_autor_video,author::UCfXykdbSU97rj987LDUGfvg,author,@MariaSantos-c8y3h,1,1,1,periferico_grado_1
bipartita_autor_video,author::UCfjhejO7LZy4doXURa7LZCQ,author,@HonwayLee-z5g,1,1,1,periferico_grado_1
bipartita_autor_video,author::UCfo_yUPzy1f1POwwZxhZ06Q,author,@lara11roberto,1,1,1,periferico_grado_1
bipartita_autor_video,author::UCg3eIfd7BrsLEqS0BLkftHA,author,@ErmePérez-q4s,1,3,1,periferico_grado_1
bipartita_autor_video,author::UCgGqw4aqMdMVSGkKiMgrJRQ,author,@pattyfigueroa5609,1,1,1,periferico_grado_1
bipartita_autor_video,author::UCgJNFj5dnxXpcMvmuhZDPxA,author,@NataliaRodriguez-rx5mr,1,1,1,periferico_grado_1
bipartita_autor_video,author::UCgLrWFdYitoP-b7-PxtUr-w,author,@zetag,1,1,2,periferico_grado_1
bipartita_autor_video,author::UCgLurCo-e019HGODcjXHWCw,author,@perritojuega1,1,1,2,periferico_grado_1
bipartita_autor_video,author::UCgQJgI9vu1FI2dnC9mrFthw,author,@srms70,1,1,1,periferico_grado_1
bipartita_autor_video,author::UCgQw_Sbq3ugruDUKsq1e0-A,author,@marlenareano-h4t,1,1,1,periferico_grado_1
bipartita_autor_video,author::UCgvw7xIdGFupzpt1Y_BFkEA,author,@fredygarcia9151,1,1,1,periferico_grado_1
bipartita_autor_video,author::UCh5ESQvtzyHDhCA7XyekCFA,author,@andyB5280,1,3,1,periferico_grado_1
bipartita_autor_video,author::UChT7pzGytNd92Nmvi-zuWog,author,@sparkvalkov,1,1,1,periferico_grado_1
bipartita_autor_video,author::UChZknRmJkeGeQk0-mQuhDOg,author,@OdilioRodríguez-c5w,1,1,1,periferico_grado_1
bipartita_autor_video,author::UCheEJ5GZuIvV0fj-nXyVwXw,author,@rosaoliva9389,1,1,1,periferico_grado_1
bipartita_autor_video,author::UChep9kVb5gQmpodEEl10Xlg,author,@carlosaguilar-kz7ml,1,1,1,periferico_grado_1
bipartita_autor_video,author::UChgkn5Jt5tWKYMoEOuCjz3Q,author,@pablochitay46,1,1,1,periferico_grado_1
bipartita_autor_video,author::UChs3tU2BcKOT0CezykvAsGw,author,@byronpontaza,1,3,1,periferico_grado_1
bipartita_autor_video,author::UChyps3dqY-VY1_wLeq-2lhw,author,@maydamorales4395,1,1,1,periferico_grado_1
bipartita_autor_video,author::UCi-vPdnpQreC7BkFs40mJGA,author,@bryansicasales4280,1,1,2,periferico_grado_1
bipartita_autor_video,author::UCi1b_TRQfgO1Z9O2gNGGWNA,author,@davidisraelesquitsaquil,1,2,1,periferico_grado_1
bipartita_autor_video,author::UCi2KiZq63sRq8Mfbcp-MelQ,author,@eugeneramirez4405,1,6,3,periferico_grado_1
bipartita_autor_video,author::UCiC-Jn7wdgyQV4_Urk0DkWQ,author,@pedroros6358,1,1,1,periferico_grado_1
bipartita_autor_video,author::UCiGRBf2RNF0WRKhRVT7zFoA,author,@edwinavila4876,1,1,1,periferico_grado_1
bipartita_autor_video,author::UCiMythXHsw7eQEMykCdmMUA,author,@JavierBecerra-h6x,1,1,1,periferico_grado_1
bipartita_autor_video,author::UCiOZX__1gahg1ypIj0_XG_w,author,@mariogonzalezorellana8956,1,1,1,periferico_grado_1
bipartita_autor_video,author::UCipetjeiWj4CZB6EbyYziZg,author,@OseasSamayoa-ol5rz,1,1,1,periferico_grado_1
bipartita_autor_video,author::UCj-LL25XJnjxepPKCc3NGog,author,@anaaguirre8985,1,1,1,periferico_grado_1
bipartita_autor_video,author::UCjJf-AJKRFFWtiN-CSwkDmA,author,@2jose82,1,1,1,periferico_grado_1
bipartita_autor_video,author::UCjSKM9j0Q7HLDr1hD6D-TUw,author,@josehidalgo4875,1,1,1,periferico_grado_1
bipartita_autor_video,author::UCjZgFEowMBrsjodqfovzdKw,author,@franciscoflores3120,2,2,1,conectado
bipartita_autor_video,author::UCjmPuazZJzscrwvk0QR9RVw,author,@mynorrodas8591,1,1,1,periferico_grado_1
bipartita_autor_video,author::UCk4O-J1BhoqPmig1KLGJePA,author,@lazarobarillas3575,1,1,1,periferico_grado_1
bipartita_autor_video,author::UCkVtmkK07b2zaVVNssX4lOg,author,@HectorElias-u2l,1,1,1,periferico_grado_1
bipartita_autor_video,author::UCkbsS_3D-pvg1iHOld9uvIg,author,@gonzalo6075,1,1,1,periferico_grado_1
bipartita_autor_video,author::UCkd9W714-947dEE6ZOEBATA,author,@ARGELIATELON,1,2,1,periferico_grado_1
bipartita_autor_video,author::UCkxdJ_yGN2gghOMo2ybQtXQ,author,@11223344An,1,1,1,periferico_grado_1
bipartita_autor_video,author::UCl0ekS9Tt0jJGtOEM18S63w,author,@monkchapin,1,1,1,periferico_grado_1
bipartita_autor_video,author::UCld2stqxaVSk0QdGncM224A,author,@sarahernandez3873,1,1,4,periferico_grado_1
bipartita_autor_video,author::UClhMWQ7XKWywYvbRnuf8QsA,author,@EcPerez-zz9oh,1,1,1,periferico_grado_1
bipartita_autor_video,author::UCljDbleJul41G1TzOjOZAVA,author,@hectorcarranza3777,1,1,1,periferico_grado_1
bipartita_autor_video,author::UClqA491Xa5fQcXcJJa-vTWw,author,@AndresLemus-k2d,1,1,1,periferico_grado_1
bipartita_autor_video,author::UClsrFGJKWPxxw7MiaEdKLXw,author,@ericapaz5406,1,1,1,periferico_grado_1
bipartita_autor_video,author::UCmjppp6ujz3SAnULvP3sZMw,author,@marcomendez7509,1,1,1,periferico_grado_1
bipartita_autor_video,author::UCmvOgzmmXbjUthHy-WJ52hQ,author,@mariorodas593,1,1,1,periferico_grado_1
bipartita_autor_video,author::UCnU8wO1OurAmGstDw6VGjgQ,author,@cmorera21,1,1,1,periferico_grado_1
bipartita_autor_video,author::UCoGdCoJg2Lh0OX_jv6cG16g,author,@Israel-u5i7i,1,2,1,periferico_grado_1
bipartita_autor_video,author::UColMq7LmaoY3MT6aIDGrGvA,author,@quijotachapina1,1,1,1,periferico_grado_1
bipartita_autor_video,author::UCozFYHN0e_-vlQbX3wQGOug,author,@jesusguzman2321,1,1,3,periferico_grado_1
bipartita_autor_video,author::UCp29O_C7cchZV8IxV7Crdag,author,@robertoescobar5507,1,2,1,periferico_grado_1
bipartita_autor_video,author::UCp4iw5_5SmV9VGTFSNVGOmQ,author,@CARLOSSTREMS51,1,1,1,periferico_grado_1
bipartita_autor_video,author::UCpIdtvoFHVLGASGB5ySqIEA,author,@VidalVillatoro-p4w,1,1,1,periferico_grado_1
bipartita_autor_video,author::UCp_dAUfv8i3LW3zWc24dLaQ,author,@MarioCortez-o6v,1,1,3,periferico_grado_1
bipartita_autor_video,author::UCpe5jW3MIqkgTJ-PgkzvM6Q,author,@carloslam5333,1,1,1,periferico_grado_1
bipartita_autor_video,author::UCpl8rF8uv_8uui-QRvuJaRA,author,@SergioGarcia-z9c,1,1,1,periferico_grado_1
bipartita_autor_video,author::UCplrIQtaPj6au60_f2-mOYw,author,@romeolopezherrarte799,1,1,1,periferico_grado_1
bipartita_autor_video,author::UCpsKOkt5iWTbenzeuq7dsmQ,author,@inge_vergueta,3,3,1,conectado
bipartita_autor_video,author::UCq3mDTTRZnUybct5M9OSXbg,author,@MacoMorales-i2i2d,1,1,1,periferico_grado_1
bipartita_autor_video,author::UCqCrvuoJpC-aVb0f4logQRQ,author,@Lyrics_GT,1,1,1,periferico_grado_1
bipartita_autor_video,author::UCqilIa8r7iek5sGYg_q6ofA,author,@rolandojuchuna484,1,1,2,periferico_grado_1
bipartita_autor_video,author::UCql1n3Ey6ULMSOACjMe-fxQ,author,@RolandoGonzalez-o7g,1,1,1,periferico_grado_1
bipartita_autor_video,author::UCr1emrogPKkKTs_WTtx71xg,author,@domingopeneleu6457,1,1,1,periferico_grado_1
bipartita_autor_video,author::UCrJn_rbo_ENAdeqneS-RmRw,author,@josecarrera9623,1,2,1,periferico_grado_1
bipartita_autor_video,author::UCrqXyRsg-_hTosURZ-uvoKg,author,@flornolberto2425,1,1,3,periferico_grado_1
bipartita_autor_video,author::UCsGoJEvb-cFPZ2rWoJcXzEQ,author,@sergiohinestroza9709,1,1,1,periferico_grado_1
bipartita_autor_video,author::UCsJJAvrVGupdmhOqgtDp8dg,author,@nestorlorenzana1168,1,1,1,periferico_grado_1
bipartita_autor_video,author::UCsSXdJct-nsS8DsABoEsaYA,author,@IvánPérez-j4j,1,1,1,periferico_grado_1
bipartita_autor_video,author::UCsUCN0Yq_UyTvKjOJLmNrnQ,author,@moisesvaldez4043,2,2,1,conectado
bipartita_autor_video,author::UCs_5qeqdku9tGAq22y3OcuQ,author,@alexandrevasquez4135,1,1,2,periferico_grado_1
bipartita_autor_video,author::UCsjs5Hp_r86x1xbK6FAeqaA,author,@alvaroesquivel563,1,1,1,periferico_grado_1
bipartita_autor_video,author::UCtCtts20bW6F9CSohau51Iw,author,@carlosgranados9875,1,2,1,periferico_grado_1
bipartita_autor_video,author::UCtMBF_1O2jY2INlb_luuB_A,author,@mynorgudiel8646,1,1,2,periferico_grado_1
bipartita_autor_video,author::UCtNfIBnc5S5DbbQj_yxgJTw,author,@JosueRamirez-ey3ih,1,1,1,periferico_grado_1
bipartita_autor_video,author::UCtNyHmRZtvGF2hSvI2dUBWw,author,@aureliomaldonado4793,1,2,1,periferico_grado_1
bipartita_autor_video,author::UCtUR3_CAiE7fCoZHM6cMfyQ,author,@mdelcid01,1,1,1,periferico_grado_1
bipartita_autor_video,author::UCtiHFjFu7d5v2XxHnKFUYig,author,@Paul-gf7ec,1,1,3,periferico_grado_1
bipartita_autor_video,author::UCtowGNY2lnlg6O2CkwDgkLg,author,@taniagabrielacelis8434,1,1,4,periferico_grado_1
bipartita_autor_video,author::UCtsxPYw8VUsH_FfnKg-0lmw,author,@AlejandroPérez-b6r,1,1,1,periferico_grado_1
bipartita_autor_video,author::UCu8_3-Wg-YzNyvHYQDEscfw,author,@RolandoCastroPérez-d7y,1,1,1,periferico_grado_1
bipartita_autor_video,author::UCuP4UK33HKtJE_S39ksmaTw,author,@herbertaguilar1387,1,1,1,periferico_grado_1
bipartita_autor_video,author::UCuXmOjxC-htcprLgeVXz6Tg,author,@jorgeaguilar-bq3uj,1,1,1,periferico_grado_1
bipartita_autor_video,author::UCueV9cTyTDwgQSec1x2dYgA,author,@fredydomingo7062,1,1,1,periferico_grado_1
bipartita_autor_video,author::UCujPF2nBgsTD62nWE3lcpIg,author,@victorarturoruanobautista7588,1,1,1,periferico_grado_1
bipartita_autor_video,author::UCusjriFsDHEc2AOjqk-p5ig,author,@pablobarrios7931,1,1,1,periferico_grado_1
bipartita_autor_video,author::UCut6b9S98nv84cVX89PmKzA,author,@yeniferaguirre4498,1,2,1,periferico_grado_1
bipartita_autor_video,author::UCvApqeCbLod-wejtT4CcVuA,author,@davidgaher9550,1,1,1,periferico_grado_1
bipartita_autor_video,author::UCvDwJBBY1mHK70aTEYl6rsA,author,@cristianescobedo8296,1,1,1,periferico_grado_1
bipartita_autor_video,author::UCvcu1kR8xMYy_I1Ty-2mV2Q,author,@hashojea7348,3,4,1,conectado
bipartita_autor_video,author::UCvl1tzQeBeGy6efPTRJXSCw,author,@RaulPerez-cw2vi,1,1,1,periferico_grado_1
bipartita_autor_video,author::UCwCfs-2zbD5k0lG-UVg_JBw,author,@JessicaHuaz-96,1,1,1,periferico_grado_1
bipartita_autor_video,author::UCwEe1RKlEv1UpNWmWYfSh4w,author,@marioramirez299,1,1,1,periferico_grado_1
bipartita_autor_video,author::UCwO2SXr0ggzwg6QWWrr01nQ,author,@ricardofigueroa5720,1,1,1,periferico_grado_1
bipartita_autor_video,author::UCwUAv3_LpWVtTIi7lkmTL7A,author,@kingr4706,1,1,2,periferico_grado_1
bipartita_autor_video,author::UCwW2OFy95P7ZBkOPxWkpvYg,author,@TeresaLucero-b5o,1,2,1,periferico_grado_1
bipartita_autor_video,author::UCwgCc9Jd_gG-uLE_SY-FfPg,author,@armindapenados2841,1,1,1,periferico_grado_1
bipartita_autor_video,author::UCwha8rxULYMVtNwZWeSkE1A,author,@mariasamo8637,1,1,1,periferico_grado_1
bipartita_autor_video,author::UCwjUvRseNtJoItylIyIez7Q,author,@Silviazea,1,1,1,periferico_grado_1
bipartita_autor_video,author::UCwxoKK59nGCeBqB2sXfDBIw,author,@vic-bonivideos,1,1,1,periferico_grado_1
bipartita_autor_video,author::UCxKR3RA8T-kxMgq_2WWhRcQ,author,@elenaluarca9377,1,1,2,periferico_grado_1
bipartita_autor_video,author::UCxcoDvP-g2_KTZDmVZtvb3w,author,@angelmartinez9523,1,1,1,periferico_grado_1
bipartita_autor_video,author::UCxff05WuyvwELNITi7bj7UA,author,@markoherrera,1,1,1,periferico_grado_1
bipartita_autor_video,author::UCxhtlxPV8AYWaNNyU6S9H8Q,author,@WilR-s8r,1,1,3,periferico_grado_1
bipartita_autor_video,author::UCyJhqmMbsvjpoarBBStA2kg,author,@Murmullodelbarrio,1,6,1,periferico_grado_1
bipartita_autor_video,author::UCySYJU5kUh7X8gVt9la2ISA,author,@dantesarti4351,1,1,1,periferico_grado_1
bipartita_autor_video,author::UCyW68EGZey4ao_Vf2cR5Ztg,author,@ZabalaXabier,1,1,1,periferico_grado_1
bipartita_autor_video,author::UCylqlpsh8ENNM1LqgQ1KbxA,author,@Jel.Awesh.M,2,3,1,conectado
bipartita_autor_video,author::UCyor0Mmm0ivLX2jIdyGp84Q,author,@MiguelJordan-n3g,1,1,6,periferico_grado_1
bipartita_autor_video,author::UCyzf29IYjNw67gGIfsjgtxA,author,@carlosoliva9249,1,1,2,periferico_grado_1
bipartita_autor_video,author::UCz3gu01bmjNv0DpRq-K3XYg,author,@eusebiovasquez4385,1,2,1,periferico_grado_1
bipartita_autor_video,author::UCzSfZlOVxBSs5ObD25ywxDQ,author,@GilmarMaldonado-q9m,1,1,1,periferico_grado_1
bipartita_autor_video,author::UCzZ6dDCEsLMXbc5pCFXIprw,author,@josegil3813,2,2,1,conectado
bipartita_autor_video,author::UCzoL2l5H5eVlorWGH8AZfAg,author,@jor77cas,1,1,1,periferico_grado_1
bipartita_autor_video,video::-5puKGEqcUc,video,INSIVUMEH pronostica incremento de lluvias para el fin de semana en Guatemala,0,0,11,aislado
bipartita_autor_video,video::-E7OPOLjMug,video,BERNARDO ARÉVALO CALIFICA CAMBIO EN EL MP COMO EL FIN DE UNA ETAPA DE DETERIORO INSTITUCIONAL,0,0,12,aislado
bipartita_autor_video,video::-KDglrIzRKo,video,¡HISTÓRICO! Mexico recupera petróleo robado por Guatemala... 🔔,0,0,13,aislado
bipartita_autor_video,video::-O4Pa7qS9WQ,video,"Viaje completo Ciudad de Guatemala al IRTRA de Retalhuleu, menos tráfico, Diesel a Q42.59",0,0,14,aislado
bipartita_autor_video,video::06mFNPU0aB8,video,Capturan a presuntos delincuentes disfrazados de mujer señalados de cometer asalto,13,14,1,conectado
bipartita_autor_video,video::0LTLUY7LBlA,video,"Qué debes saber ANTES de viajar a GUATEMALA | Dónde cambiar DINERO, adquirir INTERNET y TRANSPORTE",0,0,15,aislado
bipartita_autor_video,video::0a4_g1R1-aA,video,Acciones relevantes en el #Resumen24Horas,0,0,16,aislado
bipartita_autor_video,video::0b2vfzXdCqs,video,Cadena Nacional del presidente Bernardo Arévalo,0,0,17,aislado
bipartita_autor_video,video::0eiVPMexNOo,video,CONRED se pronuncia tras sismos en el territorio nacional,0,0,18,aislado
bipartita_autor_video,video::0iQD8zHxZIg,video,SE FILTRO un AUDIO de PANDILLEROS en Guatemala | DISPUTA POLITICA  Guatemala en medio de EMERGENCIA,0,0,19,aislado
bipartita_autor_video,video::1-hr8eCOt_I,video,Este es el impacto ante el incremento del tráfico en la capital por el inicio de clases,0,0,20,aislado
bipartita_autor_video,video::1HQLJycvzaQ,video,Conferencia de Prensa del Gobierno de Guatemala. #LaRondaGt,0,0,21,aislado
bipartita_autor_video,video::1kSG-naIgqk,video,PRIMERA SEDE MIGRATORIA REGIONAL EN CHIQUIMULA,0,0,22,aislado
bipartita_autor_video,video::1w9faaYjhyU,video,Fundación de la República de Guatemala 21 marzo 1847,0,0,23,aislado
bipartita_autor_video,video::1y61Kb9uSbg,video,Departamento de Tránsito de PNC certifica a 43 PMT en Educación Vial,0,0,24,aislado
bipartita_autor_video,video::1yHN9Ci7pXs,video,Municipalidad de Guatemala informa,0,0,25,aislado
bipartita_autor_video,video::2iqOSL9YguA,video,Gabriel García Luna ya está en el MP para asumir como nuevo fiscal general,0,0,26,aislado
bipartita_autor_video,video::2n31FhKmELI,video,TRÁFICO EN GUATEMALA,0,0,27,aislado
bipartita_autor_video,video::2p23yPpu6aQ,video,#Conred,0,0,28,aislado
bipartita_autor_video,video::3-jKER3zqcA,video,VECINO VRS AGENTES DE LA PMT EN MAZATENANGO,0,0,29,aislado
bipartita_autor_video,video::3LAwISMokIg,video,MUNICIPALIDAD DE GUATEMALA 17/12/2025,0,0,30,aislado
bipartita_autor_video,video::3Nfp9h5avBI,video,"Noticiero en Directo 1 pm, 28 de Agosto de 2026",2,2,6,conectado
bipartita_autor_video,video::3P2OUk7aGmc,video,Presidente presenta Segundo Informe Presidencial en Sesión Solemne del Congreso de la República.,0,0,31,aislado
bipartita_autor_video,video::3S3KygWSjAQ,video,Himno de la Policía Nacional Civil de Guatemala,0,0,32,aislado
bipartita_autor_video,video::3bU7I_ZpXUk,video,Congreso inicia proceso para nombrar a nuevo Fiscal General en Guatemala y suceder a Consuelo Porras,0,0,33,aislado
bipartita_autor_video,video::3onMfRym3OU,video,PRIMER PUENTE DONDE ARRIBA VA EL TRÁFICO Y ABAJO UN TREN EN GUATEMALA Y AMÉRICA LATINA.,0,0,34,aislado
bipartita_autor_video,video::45xQLtMlPdo,video,"PRESIDENTE DE GUATEMALA, BERNARDO ARÉVALO SE REFIERE AL “DÍA INTERNACIONAL DE LA LIBERTAD DE PRENSA”",0,0,35,aislado
bipartita_autor_video,video::4DD1nlxWk2s,video,Fuertes LLUVIAS en el JABALI; a si luce una Tarde de Tormenta 😱,0,0,36,aislado
bipartita_autor_video,video::4FUed7cIhPU,video,El Sistema CONRED y el Gobierno de Guatemala trabajan unidos para atender emergencias.,0,0,37,aislado
bipartita_autor_video,video::4H6w9FQAcS8,video,"Avances en temas de economía, precios de los combustibles y otros temas de interés nacional.",0,0,38,aislado
bipartita_autor_video,video::5DRG-WGTq1k,video,El Sistema CONRED continúa activo y trabajando de manera coordinada #VolcánDeFuego.,0,0,39,aislado
bipartita_autor_video,video::5MFnG5B7ric,video,Municipalidad de Guatemala   09/07/2025,0,0,40,aislado
bipartita_autor_video,video::5OhxjDvuYbQ,video,"Operativos PMT ""Cero Tolerancia"" para fin de año",0,0,41,aislado
bipartita_autor_video,video::5UNxNfcSzG4,video,Distinción del Cambio de la Rosa de la Paz a Pedro Castro López del INACOP,0,0,42,aislado
bipartita_autor_video,video::5Y7fntl6Rc8,video,Cómo llegar a TIKAL desde Ciudad de GUATEMALA en autobús o en Avión | transporte a PETÉN,0,0,43,aislado
bipartita_autor_video,video::5nw9G1vwnYY,video,Actriz guatemalteca caracteriza a Consuelo Porras frente al MP por salida del cargo,0,0,44,aislado
bipartita_autor_video,video::677N9cx_kKE,video,Carlos Pineda Seguridad I - Guatemala tiene solución | Ep. 2,0,0,45,aislado
bipartita_autor_video,video::6KlI_geqPOI,video,Conferencia de Prensa del Gobierno de Guatemala. #LaRondaGt.,0,0,46,aislado
bipartita_autor_video,video::6W4u8sGEnGM,video,Inician los trabajos de recuperación del Puente Belice II.,32,45,1,conectado
bipartita_autor_video,video::6Wf0ItQUaDU,video,“Queremos generar 60 mil empleos”: Victorino Carranza revela el plan y las pérdidas de la Gremipe,0,0,47,aislado
bipartita_autor_video,video::6y3KQmmg3Oc,video,Noticiero El Informativo. Nuestra semana de resultados.,0,0,48,aislado
bipartita_autor_video,video::6z2Psav9Onw,video,Conferencia de Prensa del Gobierno de Guatemala. #LaRondaGt,0,0,49,aislado
bipartita_autor_video,video::74F3Mn_NWoE,video,"Acto de Graduación de los Cursos de Formación, Ascenso y Especialización Policial de la PNC.",0,0,50,aislado
bipartita_autor_video,video::7JerBdHtkWA,video,Cambio de horarios en Municipalidad de Guatemala,0,0,51,aislado
bipartita_autor_video,video::7hfUg8Z-W2o,video,Conferencia de Prensa del Gobierno de Guatemala. #LaRondaGt.,0,0,52,aislado
bipartita_autor_video,video::7kuHyjwuE_o,video,Centro Municipal de Emprendimiento - Municipalidad de Guatemala,0,0,53,aislado
bipartita_autor_video,video::7mdtGeIHQnE,video,"#LHEnContexto: Gestión de riesgos en GUATEMALA: Lo que debes saber, explicado por la CONRED",0,0,54,aislado
bipartita_autor_video,video::8CuQ2_HTaN0,video,Conferencia de Prensa del Gobierno de Guatemala.,0,0,55,aislado
bipartita_autor_video,video::8n6momRcC04,video,Mantenimiento constante,0,0,56,aislado
bipartita_autor_video,video::90oVm0P4_9Q,video,"El MINGOB a través del Viceministerio de Seguridad, combate  el crimen organizado.",0,0,57,aislado
bipartita_autor_video,video::9BIrwWQUdb8,video,"Capturan a ""guardián"" de parqueo utilizado por la mara Salvatrucha e incautan 5 vehículos robados.",0,0,58,aislado
bipartita_autor_video,video::9Jacxvi9umU,video,Los responsables de bloquear información en Guatecompras,0,0,59,aislado
bipartita_autor_video,video::9XFVeHiWDTo,video,En #LaRondaGT conoce las acciones que impulsamos para modernizar los puertos y aeropuertos del país.,0,0,60,aislado
bipartita_autor_video,video::9h7d1iDFaqo,video,Vuelve el tráfico lento en la ciudad capital,0,0,61,aislado
bipartita_autor_video,video::9wHujSu-nbQ,video,Quorum,0,0,62,aislado
bipartita_autor_video,video::AHzfpOL5sgw,video,Sistema de gobierno de Guatemala 🇬🇹,0,0,63,aislado
bipartita_autor_video,video::Aa7hIDCRh3g,video,Este BUS me LLEVO a UN PARAISO EN GUATEMALA,0,0,64,aislado
bipartita_autor_video,video::AakUTlieyH0,video,Crisis de seguridad en Guatemala,0,0,65,aislado
bipartita_autor_video,video::Ab0RrbzxyBU,video,Municipalidad de Guatemala 17/11/2025,0,0,66,aislado
bipartita_autor_video,video::AlbPEU3rbZs,video,Conferencia de Prensa del Gobierno de Guatemala. #LaRondaGt,0,0,67,aislado
bipartita_autor_video,video::ArljwpsURdY,video,"Entrevista especial con Claudinne Ogaldes, Secretaria Ejecutiva de la SE-CONRED",0,0,68,aislado
bipartita_autor_video,video::B60bWqpVUIE,video,Así es el transporte público en Ciudad de Guatemala,0,0,69,aislado
bipartita_autor_video,video::BLc_KXPng9g,video,Conferencia de Prensa del Gobierno de Guatemala. #LaRondaGT,0,0,70,aislado
bipartita_autor_video,video::BUNeDEi0yVU,video,CIV LICITACIÓN 800 KM 110717,0,0,71,aislado
bipartita_autor_video,video::BW41jT3t3oI,video,Provial,0,0,72,aislado
bipartita_autor_video,video::BbAeamItalk,video,ZARAGOZA DA UN PASO HACIA EL FORTALECIMIENTO DEL DEPORTE CON NUEVA CIUDAD DEPORTIVA,0,0,73,aislado
bipartita_autor_video,video::Bdn2nxDqQ90,video,Video Viral de PMT / GUATEMALA,0,0,74,aislado
bipartita_autor_video,video::Bi34XvRV6AM,video,Plan de Evacuación CONRED,0,0,75,aislado
bipartita_autor_video,video::BnZFUzpEDe4,video,Municipalidad de Guatemala se moderniza,0,0,76,aislado
bipartita_autor_video,video::Boj5GILjbI0,video,"Spot Rendición de Cuentas, segundo cuatrimestre 2023 - 2",0,0,77,aislado
bipartita_autor_video,video::Bp4LtQT8Hk0,video,"Ciudad de Guatemala, el mejor lugar para vivir",0,0,78,aislado
bipartita_autor_video,video::C5hJmAhpMMQ,video,"YOUTUBE PUNTO DE ENFOQUE MARIO MEJÍA, SUBDIRECTOR DE INSIVUMEH",0,0,79,aislado
bipartita_autor_video,video::C8wk4HWwWyM,video,Duro golpe al crimen organizado en Granja Penal de Pavón.,0,0,80,aislado
bipartita_autor_video,video::CDg6kLRfiqQ,video,Acciones relevantes en el #Resumen24Horas,0,0,81,aislado
bipartita_autor_video,video::CJQ46Hr4HcU,video,Municipalidad de Guatemala  19/12/2025,0,0,82,aislado
bipartita_autor_video,video::D3fRGjqHeHI,video,"Spot Rendición de Cuentas, segundo cuatrimestre 2023 - 1",0,0,83,aislado
bipartita_autor_video,video::D4CEpAfkkPI,video,Policías arremeten contra agente de PMT en zona 10,0,0,84,aislado
bipartita_autor_video,video::DBvMeKT4gzo,video,La Familia MÁS RICA de GUATEMALA… Ni la Guerra les Quitó el Trono y Hoy son DUEÑOS de tu CERVEZA,0,0,85,aislado
bipartita_autor_video,video::DC1_qrLUvHI,video,Municipalidad de Guatemala 26/08/2026,0,0,86,aislado
bipartita_autor_video,video::DMAKF8n0XJs,video,Guatemala TV • ID (2024-2026),0,0,87,aislado
bipartita_autor_video,video::DX5eT-hVU8Q,video,250 años Ciudad de Guatemala,0,0,88,aislado
bipartita_autor_video,video::DkxSkQipYwo,video,PRESIDENTE BERNARDO ARÉVALO PARTICIPA EN EL ACTO CONMEMORATIVO DEL DÍA DEL EJÉRCITO,0,0,89,aislado
bipartita_autor_video,video::EGfy1BxGLIk,video,Colabore con las medidas de la PMT,0,0,90,aislado
bipartita_autor_video,video::ELhvo8YnYnI,video,Insivumeh prevé lluvias fuertes por dos ondas del este,0,0,91,aislado
bipartita_autor_video,video::EQDcEgFpXCk,video,Guatemala: Gobierno refuerza lucha contra las pandillas en medio de crisis de seguridad,0,0,92,aislado
bipartita_autor_video,video::EZfm-05qtWo,video,Municipalidad de Guatemala prepara plan de actividades en Semana Santa 2023,0,0,93,aislado
bipartita_autor_video,video::F72Rdq5crG4,video,Cambios en el Ministerio de Comunicaciones: Salen Lizzette Benítez y Adrián Zapata Alamilla,0,0,94,aislado
bipartita_autor_video,video::FEc1BCuBiDg,video,¡Estamos con ustedes!,0,0,95,aislado
bipartita_autor_video,video::FQP4JTo9ShA,video,Rafael Carrera y el nacimiento de Guatemala,0,0,96,aislado
bipartita_autor_video,video::FU5zLTb4inc,video,#EnVivoDCA | Conferencia de prensa del Gobierno de Guatemala,0,0,97,aislado
bipartita_autor_video,video::Fapc1-8m5Zc,video,Municipalidad de Guatemala 21/11/2025,0,0,98,aislado
bipartita_autor_video,video::Fb2Ccfq5S9w,video,Reo y su esposa fueron asesinados dentro del Preventivo de zona 18,0,0,99,aislado
bipartita_autor_video,video::FuTz67jS7m0,video,124 nuevos brigadas refuerzan la seguridad vial en Guatemala,0,0,100,aislado
bipartita_autor_video,video::G2u4Rbq7zU4,video,Arévalo anuncia nueva cárcel de máxima seguridad en Guatemala,0,0,101,aislado
bipartita_autor_video,video::GgU7qhmf020,video,Sueños GT: educación para la niñez de vendedores ambulantes en Antigua | Super - Episodio 1,0,0,102,aislado
bipartita_autor_video,video::GjGMSFSE1gY,video,"“Gracias a dios, no hay reelección” 🤡",0,0,103,aislado
bipartita_autor_video,video::HMJXf1VdM5E,video,Lluvia inusual de Martes Santo provoca inundaciones en zona 1 de Villa Nueva,0,0,104,aislado
bipartita_autor_video,video::H_TGv_cMwww,video,PMT: La fuerza laboral reguladora del tránsito más grande,0,0,105,aislado
bipartita_autor_video,video::I277M6i4jnY,video,Gestión del Riesgo de Desastres desde las comunidades.,0,0,106,aislado
bipartita_autor_video,video::IZLflL4Hgco,video,El ciudadano Toriello da un paso al frente,0,0,107,aislado
bipartita_autor_video,video::IcF9rRdAtp8,video,Ministro de Comunicaciones Alejandro Sinibaldi realiza supervisión en la Ruta CA-1 Occidente,0,0,108,aislado
bipartita_autor_video,video::J6ctng-yAnI,video,CIV PROVIAL GRADUACIÓN XV PROMOCIÓN BRIGADAS 140619,0,0,109,aislado
bipartita_autor_video,video::JErfmk-TlRg,video,Rendición de Cuentas - Primer Cuatrimestre 2023,0,0,110,aislado
bipartita_autor_video,video::J_HBzJUTOus,video,Presentan estrategia nacional para prevenir violencia durante recorridos de antorchas,0,0,111,aislado
bipartita_autor_video,video::JdxHJkQjM50,video,🚡 ¿Cómo va avanzando #AeroMetroGT?,0,0,112,aislado
bipartita_autor_video,video::JgmCtBQWNL8,video,Conferencia de Prensa del Gobierno de Guatemala. #LaRondaGt,0,0,113,aislado
bipartita_autor_video,video::JkpVO1hx2f8,video,10 Preguntas a un año del Paro Nacional,3,3,5,conectado
bipartita_autor_video,video::Jr1hJ92H_Nc,video,"#SinMáscaras | GUERRA SUCIA PERO SUCIA EN SERIO LLEGA A TV AZTECA CON AMPARO, CAMIN Y CASTAÑEDA",0,0,114,aislado
bipartita_autor_video,video::K1IA6oTGws8,video,#EnVivoDCA | Conferencia de prensa del Gobierno de Guatemala,0,0,115,aislado
bipartita_autor_video,video::K2qWcueeMOc,video,#EnvivoDCA | Conferencia de prensa de Gobierno de Guatemala,0,0,116,aislado
bipartita_autor_video,video::K50uijsHnAM,video,Informe desde Ciudad de Guatemala: crisis de seguridad tras ataques contra la Policía,0,0,117,aislado
bipartita_autor_video,video::KIO6wIJXYY0,video,"Se tiene que cambiar el sistema electoral en Guatemala, asegura exfiscal",0,0,118,aislado
bipartita_autor_video,video::KWCyMd4dxkY,video,Recorrido de los 21K BAM de la Municipalidad de Guatemala,0,0,119,aislado
bipartita_autor_video,video::KkNQhX_kg8A,video,🇬🇹HISTORIA de GUATEMALA en 17 minutos🇬🇹 - El Mapa de Sebas,0,0,120,aislado
bipartita_autor_video,video::LRzZy8xBrjA,video,Conferencia de prensa ante el incremento de los combustibles.,0,0,121,aislado
bipartita_autor_video,video::LeN6wpNIB-4,video,GUATEMALA RECIBE 135 NICARAGUENESES LIBERADOS POR ORTEGA,0,0,122,aislado
bipartita_autor_video,video::LqY_vAsa4PY,video,“Guatemala: Una historia escrita con corrupción”,0,0,123,aislado
bipartita_autor_video,video::MMECHN8SFNw,video,"Noticiero en Directo 1 pm, 27 de Agosto de 2026",0,0,124,aislado
bipartita_autor_video,video::MRJ9mKnXR9M,video,Labor de la PMT es honesta aseguran vecinos,0,0,125,aislado
bipartita_autor_video,video::MdIa2Dtj77I,video,"Consejos para tu viaje a Guatemala: hospedaje, telefonía, transporte y más!   ✈️ 🇬🇹",0,0,126,aislado
bipartita_autor_video,video::Mh94uXZvCLo,video,DE LOS BOTS AL RECHAZO: CERIMEDO Y LA “GUERRILLA DE LAS REDES” | CAPÍTULO 3 DE 8,0,0,127,aislado
bipartita_autor_video,video::Mme4XikKnlc,video,Municipalidad anuncia 111 nuevos autobuses y 17 rutas para mejorar el transporte en la capital,0,0,128,aislado
bipartita_autor_video,video::N1QkRu38BFE,video,¡YA CAYÓ ALITO MORENO! ALERTA LO DESTITUYEN DIPUTADOS VOTAN PARA SACARLO DEL SENADO! CLAUDIA INFORMA,0,0,129,aislado
bipartita_autor_video,video::NCvoO61aIfw,video,Ya casi! Así avanza el Aerómetro que cambiará el transporte en Guatemala,0,0,130,aislado
bipartita_autor_video,video::NcIcixCdQH4,video,PNC garantiza seguridad a turistas que visitan el colcán de Agua,0,0,131,aislado
bipartita_autor_video,video::Nc_Iy0MriYw,video,🛑🛑Actualización PROVIAL🛑🛑,0,0,132,aislado
bipartita_autor_video,video::NnKpTEfhWjI,video,✅ ASÍ es una EXHIBICION DE BUSES EN GUATEMALA,0,0,133,aislado
bipartita_autor_video,video::O6gI0ooBM3E,video,¿Cómo es el tráfico en Guatemala? 56 días perdidos cada año y una emergencia nacional,0,0,134,aislado
bipartita_autor_video,video::OXf_VvvyIDw,video,Municipalidad de Guatemala 31/08/2026,0,0,135,aislado
bipartita_autor_video,video::OgOICSTSa7k,video,¡DÉJAME VIVIR! GUATEMALA INTENSIFICA LA LUCHA CONTRA LA CACERÍA ILEGAL DE FAUNA SILVESTRE,0,0,136,aislado
bipartita_autor_video,video::OkXlHx0hx-8,video,EE.UU. envía a mexicanos deportados a Guatemala antes de su regreso a México | Noticias Telemundo,18,25,3,conectado
bipartita_autor_video,video::On7jqOm1bpg,video,🌟Seguimos avanzando🌱,0,0,137,aislado
bipartita_autor_video,video::Oy6sKBhduu4,video,"Realizan Reunión Ordinaria de #CODEDE, 25 de febrero 2025.",0,0,138,aislado
bipartita_autor_video,video::Oztw_Hta52I,video,TRAFICO EN GUATEMALA,0,0,139,aislado
bipartita_autor_video,video::PMaSDoG0H1U,video,¿Adiós al tráfico? Así es la nueva carretera Radial 6 para Guatemala,0,0,140,aislado
bipartita_autor_video,video::Pg1qw0KJI4E,video,"Surgen detalles de la masacre en Boca del Monte: madre de un bombero e influencer, entre víctimas",0,0,141,aislado
bipartita_autor_video,video::PjmxCj-a9Hg,video,Conferencia de Prensa del Gobierno de Guatemala. #LaRondaGt,19,25,1,conectado
bipartita_autor_video,video::Q-MNTYsZgk4,video,¿Qué ha pasado con la contaminación del aire?,0,0,142,aislado
bipartita_autor_video,video::Q7j1OUxkn9w,video,Dañan puerta del área de parqueo del Congreso,0,0,143,aislado
bipartita_autor_video,video::Q7nhEeibBK4,video,Desfile navideño 2024  -   @MunicipalidaddeGuatemala-1551,0,0,144,aislado
bipartita_autor_video,video::QUG4etpjgos,video,Guatemala Habla sobre la seguridad en el país,0,0,145,aislado
bipartita_autor_video,video::Qc_oHqe4Cjc,video,QUÉ GUARDAS EN LA CINTURA?  🔫🥕🥓🐷🤔@lilyvlogs6899 @ElJuanete1987 @Soychap1n @SimplementeFlori,0,0,146,aislado
bipartita_autor_video,video::R-fRv_WoZOE,video,Conferencia de Prensa del Gobierno de Guatemala. #LaRondaGT,0,0,147,aislado
bipartita_autor_video,video::RIpKKQh26cg,video,Ejército de Guatemala descubre túnel para fuga masiva en penal de Pavón,0,0,148,aislado
bipartita_autor_video,video::RjG-y7Y2-k4,video,#EnVivoDCA | Conferencia de prensa del Gobierno de Guatemala,0,0,149,aislado
bipartita_autor_video,video::Rk-3ks9mh3o,video,CIV ✔️ garantiza transparencia 🔍 y rendición de cuentas📝,0,0,150,aislado
bipartita_autor_video,video::ShYWqmOpjFk,video,Ministro de Comunicaciones reitera sobre avances en ruta Palín-Escuintla,0,0,151,aislado
bipartita_autor_video,video::SryjaiL2B4Q,video,#EnVivoDCA | Conferencia de prensa del Gobierno de Guatemala,0,0,152,aislado
bipartita_autor_video,video::THY2YBne3QE,video,"Los ALUCINANTES autobuses de Guatemala | ""Burras""",0,0,153,aislado
bipartita_autor_video,video::TSID63-IC3Y,video,Operativo Relámpago de -PROVIAL - DGT - DIACO -  en 41 Calle Zona 8 de la ciudad Capital.,0,0,154,aislado
bipartita_autor_video,video::TT4qJ5FXHYE,video,"I’x K’at: el primer equipo guatemalteco de pelota maya, conformado únicamente por mujeres.",4,4,4,conectado
bipartita_autor_video,video::TTijnAoFnzY,video,Conred reprograma simulacro nacional para el 24 de febrero,0,0,155,aislado
bipartita_autor_video,video::TXlMv6bt25w,video,"Más de 42 mil afectados por lluvias en Guatemala; Conred reporta 1,046 emergencias",0,0,156,aislado
bipartita_autor_video,video::TnZGNY1RsJE,video,Festival navideño 2025 @MunicipalidaddeGuatemala-1551,0,0,157,aislado
bipartita_autor_video,video::UDFS8gl80h8,video,#AprendeConCONRED qué es el Sistema CONRED y quienes lo conforman.,0,0,158,aislado
bipartita_autor_video,video::UTf26hS1UJ8,video,🚦💙 PROVIAL: Proteger y Servir,0,0,159,aislado
bipartita_autor_video,video::UcvHq8j-J38,video,"Ministerio de Comunicaciones, Infraestructura y Vivienda y los Consejos de Desarrollo",0,0,160,aislado
bipartita_autor_video,video::UhL9y3KUl8E,video,SHAI WA: la vecina queer de Casa Presidencial,1,1,10,periferico_grado_1
bipartita_autor_video,video::UzeOcBM9cuU,video,Conred Podcast Episodio 04: Amenaza sísmica y volcánica en Guatemala,0,0,161,aislado
bipartita_autor_video,video::VfBrLONPnFM,video,ME quité el MIEDO de viajar en los buses de GUATEMALA 🔥,0,0,162,aislado
bipartita_autor_video,video::VgcpKa1h_2Q,video,CONQUISTA LA CIUDAD / 21K BAM de la Municipalidad de Guatemala,0,0,163,aislado
bipartita_autor_video,video::VuIl4tjeKGQ,video,La ciudad sigue modernizándose para ti y tu familia.,0,0,164,aislado
bipartita_autor_video,video::W415t12o3DA,video,Mujer con crisis nerviosa tras intento de asalto,0,0,165,aislado
bipartita_autor_video,video::WIUZtitfLRw,video,Caminar en una ciudad hecha para carros,6,6,1,conectado
bipartita_autor_video,video::WQcgx8rs0Qo,video,"PMT SE BURL4 DE UN MOTORISTA D1SC4PACIT4D0, DISCULPESE POR FAVOR VILLA NUEVA, GUATEMALA.",0,0,166,aislado
bipartita_autor_video,video::WXA2Apo79jA,video,Resumen de atención a Emergencias CIV,0,0,167,aislado
bipartita_autor_video,video::WXgGL9rZUHo,video,#EnvivoDCA | Conferencia de prensa del Gobierno de Guatemala,0,0,168,aislado
bipartita_autor_video,video::XLkVzqqL34Q,video,Nueva Mega Autopista Xochi en Guatemala 🇬🇹 ¿Vale la pena? (Te ahorra hasta 3 horas),0,0,169,aislado
bipartita_autor_video,video::XVZM15KVXjM,video,Conoce sobre la actualización de la Norma para la Reducción de Desastres número 2 (NRD2).,0,0,170,aislado
bipartita_autor_video,video::X_FAIef8qlE,video,Cruzando la ciudad a puro Transmetro,1,1,8,periferico_grado_1
bipartita_autor_video,video::XktDG8dmcd0,video,Torrenciales lluvias dejan decenas de muertos y miles de evacuados,0,0,171,aislado
bipartita_autor_video,video::YJohmVLc9QA,video,How to Get Around Guatemala: Complete Transportation Guide (2026),0,0,172,aislado
bipartita_autor_video,video::YLFXK2c60Xc,video,Por estas razones el 65% de las denuncias por violación en Guatemala nunca llega a un tribunal,0,0,173,aislado
bipartita_autor_video,video::YSsECnqTVik,video,Suscriben convenios para transferencia de fondos a CAIMUS y entidades especializadas,0,0,174,aislado
bipartita_autor_video,video::ZHJoIah2Owo,video,Conoce como funciona el Sistema Conred  #laprevenciónestareadetodos,0,0,175,aislado
bipartita_autor_video,video::ZNwStkzWgso,video,Elección judicial en Guatemala: Astrid Lemus y Luis Bermejo electos para corte de constitucionalidad,0,0,176,aislado
bipartita_autor_video,video::ZPBiWdHXg20,video,Piloto de tráiler accidentado en ruta al Atlántico era un menor y murió en el lugar,0,0,177,aislado
bipartita_autor_video,video::ZS74P3DnykA,video,"Policía Nacional Civil gradúa 3,978 nuevos agentes",0,0,178,aislado
bipartita_autor_video,video::Z_pWnOi7oRw,video,#EnVivoDCA | Conferencia de prensa del Gobierno de Guatemala,0,0,179,aislado
bipartita_autor_video,video::ZhrDgVZkhg4,video,FORMACION BRIGADA DE PROVIAL,0,0,180,aislado
bipartita_autor_video,video::_1VIxOLyaUQ,video,Sonido de trafico y ciudad 💤 ruido de calle para dormir bebés y relajarse,0,0,181,aislado
bipartita_autor_video,video::_3kK0or6QI0,video,PROVIAL guatemala,0,0,182,aislado
bipartita_autor_video,video::_Lcbi4NCHRA,video,Tercer Informe General de la República,0,0,183,aislado
bipartita_autor_video,video::_NSq2q0mzCY,video,42K y 21K MuniGuate 🏃🏻🏃🏻‍♀️,0,0,184,aislado
bipartita_autor_video,video::_cUZT7LMKE0,video,Conferencia de Prensa del Gobierno de Guatemala. #LaRondaGt,0,0,185,aislado
bipartita_autor_video,video::a2zgl-1KZwY,video,#CadenaNacional | Mensaje del Presidente Bernardo Arévalo a la nación,0,0,186,aislado
bipartita_autor_video,video::a3QGSpNx9Mg,video,Guatemala ya no aguanta el tráfico… ¿Funcionará el Aerómetro?,0,0,187,aislado
bipartita_autor_video,video::a6QFfhpY53g,video,Provial Informa,0,0,188,aislado
bipartita_autor_video,video::aRKgOSxgsF0,video,@GobiernodeGuatemala,0,0,189,aislado
bipartita_autor_video,video::aSbvMYJhmCc,video,Policía Nacional Civil,0,0,190,aislado
bipartita_autor_video,video::a_kAe9IhBbo,video,Tráiler impacta pasarela en Aguilar Batres y provoca cierre parcial hacia la capital,0,0,191,aislado
bipartita_autor_video,video::ahicr7fQREY,video,Conred Podcast Episodio 9: Servidores Cívicos construyendo una cultura de prevención,0,0,192,aislado
bipartita_autor_video,video::almmnboHkwM,video,Se mueve Guate 🚌,0,0,193,aislado
bipartita_autor_video,video::anFbrgqxdzY,video,Horas Antes del Big One | Dentro de Ciudad de Guatemala Exactamente Antes del Terremoto (1976),0,0,194,aislado
bipartita_autor_video,video::aoz2j4TTl4E,video,Rutas Alternas a partir del lunes 03 de agosto por avances de #AeroMetroGT,0,0,195,aislado
bipartita_autor_video,video::bBz8nX4pMxc,video,Conred e Insivumeh informan sobre sismos en Guatemala este 31 de julio,0,0,196,aislado
bipartita_autor_video,video::bMoENbSBSNs,video,¿Por qué Guatemala es una República? El decreto del 21 de marzo de 1847 y Rafael Carrera,0,0,197,aislado
bipartita_autor_video,video::b_Hkrkl3adA,video,Bloqueos en Guatemala este 31 de agosto por alza en combustibles afectan rutas principales,7,7,1,conectado
bipartita_autor_video,video::bg1KCMaIrRM,video,"¡Atención, vecinos!",0,0,198,aislado
bipartita_autor_video,video::bzosgvntOXU,video,Municipalidad de Guatemala 05/09/2025,0,0,199,aislado
bipartita_autor_video,video::cl3Rpw9MstQ,video,Municipalidad de Guatemala sigue trabajando,0,0,200,aislado
bipartita_autor_video,video::cpoiRUtF9uU,video,Congreso termina jornada sin acuerdos para aliviar precio de combustibles #ALAS7AM (02/09/2026),0,0,201,aislado
bipartita_autor_video,video::csqia7f3OIE,video,SISTEMA CONRED Y METODOLOGÍA DE LOS 6 PASOS,0,0,202,aislado
bipartita_autor_video,video::d-V_Aw1t6nI,video,Graduacion  de la 57 Promocion  de la Policia Nacional Civil  de Guatemala.,0,0,203,aislado
bipartita_autor_video,video::dJcNu9YYwh4,video,"Lluvias, ceniza y calor extremo: así estará el clima en Guatemala, según Insivumeh",0,0,204,aislado
bipartita_autor_video,video::dLctzx8qCgA,video,¿Cómo la CIA ALTERÓ el DESTINO de GUATEMALA para siempre?,0,0,205,aislado
bipartita_autor_video,video::dWhSTyhegeQ,video,Personal de Provial explica de empresas que verificarán implementación de limitadores de velocidad,0,0,206,aislado
bipartita_autor_video,video::dccwBXfxxiI,video,¡Espacios iluminados y seguros!,0,0,207,aislado
bipartita_autor_video,video::dsyLiSCrwcU,video,"3 KIEBRES ES DOLOROSO QUE EN CHIQUIMULA AÚN HAY COMUNIDADES SIN ENERGÍA ELÉCTRICA, GUATEMALA.",0,0,208,aislado
bipartita_autor_video,video::dvy9rQpqLWY,video,Conferencia de Prensa del Gobierno de Guatemala. #LaRondaGT,0,0,209,aislado
bipartita_autor_video,video::dya9nbxqWXE,video,ANDY EL MUÑEQUITO TRABAJADOR 🥴🏍🥴🤣@Soychap1n @lucilaylossinar @lilyvlogs6899,0,0,210,aislado
bipartita_autor_video,video::ebbgBtNrRz8,video,Las fuertes lluvias en Guatemala dejan al menos tres fallecidos en zonas rurales | Telemundo,0,0,211,aislado
bipartita_autor_video,video::ewdf3q1tuCA,video,INTERPOL Guatemala captura a mujer por prostituir a señoritas,0,0,212,aislado
bipartita_autor_video,video::fBljA_npiMs,video,Refuerzan acciones para prevenir y combatir la trata de personas,0,0,213,aislado
bipartita_autor_video,video::fenMcON-DjY,video,Encendido del Fuego Patrio y Mensaje Vicepresidencial,0,0,214,aislado
bipartita_autor_video,video::ffguGnMImL0,video,CIV inicia trabajos de bacheo y limpieza en las diferentes rutas del país,0,0,215,aislado
bipartita_autor_video,video::g0aCNpZaAZ8,video,PMT de Guatemala es ejemplo para otros municipios,0,0,216,aislado
bipartita_autor_video,video::gF42rhVhP8w,video,Tenemos un gran problema con la seguridad de las construcciones en Guatemala,0,0,217,aislado
bipartita_autor_video,video::gbcggAMJczg,video,Dionel  Art s Vídeo danzando con la muerte,0,0,218,aislado
bipartita_autor_video,video::go4jAhCJS0w,video,Así reaccionaría la guardia presidencial de la Saas en caso de una emergencia,0,0,219,aislado
bipartita_autor_video,video::hGOvuWe8P3Q,video,🔴ENTREGAN A NOROÑA ALITO NEGOCIA CON MONREAL PREPARAN MEGÁFONOS PORROS DEL PRIAN,0,0,220,aislado
bipartita_autor_video,video::hy0mwEHr6V0,video,MI3 será utilizado dentro de las evaluaciones a aspirantes a PNC,0,0,221,aislado
bipartita_autor_video,video::iBX5DMQSf3s,video,Conmemoramos el 153 Aniversario de la Escuela Politécnica y Día del cadete.,0,0,222,aislado
bipartita_autor_video,video::iCbGedZRRE8,video,Conferencia de Prensa del Gobierno de Guatemala. #LaRondaGT,0,0,223,aislado
bipartita_autor_video,video::iEmScdnYQdg,video,La nueva ruta que evita El Trébol,0,0,224,aislado
bipartita_autor_video,video::iWYddxEszoM,video,#EnVivoDCA | Conferencia de prensa del Gobierno de Guatemala,0,0,225,aislado
bipartita_autor_video,video::iacCQ4VyWWc,video,"Los conservadores y los liberales, Historia de Guatemala",0,0,226,aislado
bipartita_autor_video,video::ifJFNGT4azU,video,Podcast Guatemala Ahora Yo Se: Medidas De Seguridad Con el Lic. Ariel Yos y el Lic. Gabriel Quiñones,0,0,227,aislado
bipartita_autor_video,video::is3Mk5oC19g,video,Capturan a ladrón que había quedado grabado mientras robaba en una parroquia de Retalhuleu,7,7,1,conectado
bipartita_autor_video,video::j43HgwYFKfk,video,La cooptación de Walter Mazariegos en la USAC,49,50,1,conectado
bipartita_autor_video,video::j4akBH678fw,video,El paso a desnivel Calzada Roosevelt lleva más conexión y mejor movilidad para la población.,0,0,228,aislado
bipartita_autor_video,video::jQGvhMPMuAI,video,#DiálogoCentral | El clima de la semana: adiós a la canícula ¿llegan las lluvias? 🌦️,0,0,229,aislado
bipartita_autor_video,video::jSw-nFh94qQ,video,Gobernación promueve espacios de sana convivencia,0,0,230,aislado
bipartita_autor_video,video::kaZgtwqwLrI,video,@rumzacapait @GobiernodeGuatemala,0,0,231,aislado
bipartita_autor_video,video::kjwvEESqSHA,video,¿VALE la PENA VIAJAR de GUATEMALA a  XELA en BUS?  Descúbrelo,0,0,232,aislado
bipartita_autor_video,video::l-mH80ygqFY,video,Avances en proyectos municipales por el desarrollo y bienestar en la ciudad.,0,0,233,aislado
bipartita_autor_video,video::lAsODhYGcTE,video,Gobierno busca a toda costa sacar a Consuelo Porras,0,0,234,aislado
bipartita_autor_video,video::lNuxq8OKCpc,video,Lluvias convierten calles en ríos en Villa Nueva y San Miguel Petapa,0,0,235,aislado
bipartita_autor_video,video::lYyGqHAL5nM,video,Comuna lanzó nueva imagen de la PM y PMT,0,0,236,aislado
bipartita_autor_video,video::lj983NWyAQY,video,Plan 2032 Ciudad de Guatemala,25,25,2,conectado
bipartita_autor_video,video::lkdwGwrJKeM,video,🇬🇹 ¿Es seguro VIAJAR a Guatemala? Consejos prácticos para que todo te salga bien,0,0,237,aislado
bipartita_autor_video,video::mCoOL2p0il4,video,Municipalidad de Guatemala   08/08/2025,0,0,238,aislado
bipartita_autor_video,video::mPtR2HskBTE,video,Municipalidad de Guatemala   17/02/2025,0,0,239,aislado
bipartita_autor_video,video::mQH6bhmp_LY,video,Quorum: ¿Cómo investigamos la crisis del agua?,0,0,240,aislado
bipartita_autor_video,video::n31eyGuRKqo,video,El tráfico en Guatemala nos está enfermando - TanGente Salud Mental,0,0,241,aislado
bipartita_autor_video,video::n4xHxJPNr78,video,🚫LOS FAMOSOS BUSES ESMERALDA los mas RÁPIDOS DE GUATEMALA 😱,0,0,242,aislado
bipartita_autor_video,video::n8iP75gIpmw,video,Qué rico come tu diputado,128,161,1,conectado
bipartita_autor_video,video::nKJhNH86HGE,video,Se realiza taller de UNICEF sobre el plan de acción de la política pública contra la violencia sexua,0,0,243,aislado
bipartita_autor_video,video::nPbC8-Ebat4,video,Pareja de sicarios capturada tras ataque armado contra piloto de autobús,0,0,244,aislado
bipartita_autor_video,video::ncOU7iZR5jY,video,Carlos Pineda y Andre Pozuelos | Seguridad II- Guatemala tiene solución | Ep. 3,0,0,245,aislado
bipartita_autor_video,video::ndAZjHqzzT8,video,Internet: escoger el menos malo,10,12,1,conectado
bipartita_autor_video,video::nhhXiHI4rrw,video,Policía Nacional Civil participa en desfile del día del Ejército. #ProtegerYServir,0,0,246,aislado
bipartita_autor_video,video::nv6wMdQ997Q,video,PMT en todo,0,0,247,aislado
bipartita_autor_video,video::pNInRBsPbHE,video,Encuentro por el agua,0,0,248,aislado
bipartita_autor_video,video::qFsSnnRdJBg,video,Avanza construcción de la Estrategia Nacional de Datos Abiertos,0,0,249,aislado
bipartita_autor_video,video::qrdEegnTnaY,video,XVII Promoción de Brigadas PROVIAL,0,0,250,aislado
bipartita_autor_video,video::rNpBtQXUMbE,video,PMT es ejemplo en Guatemala,0,0,251,aislado
bipartita_autor_video,video::rQEb4el3Lok,video,"Policía Nacional Civil en busca de mareros, imitadores y colaboradores de grupos delictivos",0,0,252,aislado
bipartita_autor_video,video::rSQKmOX1Tfc,video,TU VIDA VALE  PROVIAL  TIEMPO AZUL & PAOLA PÉRLOP,0,0,253,aislado
bipartita_autor_video,video::rjFut_yJcr8,video,Ministro de CIV conversó sobre los retos  actuales de la infraestructura vial en Guatemala,0,0,254,aislado
bipartita_autor_video,video::s0eco-BofOs,video,¿Quiénes pagan más en Centroamérica?,1,1,7,periferico_grado_1
bipartita_autor_video,video::sAPrXzrdstM,video,Funciones del Ministerio de Gobernación,0,0,255,aislado
bipartita_autor_video,video::soZMwC0Cj18,video,Lluvias causan inundaciones y deslizamiento en Alta Verapaz,0,0,256,aislado
bipartita_autor_video,video::tEfZlrP4L5I,video,#EnVivoDCA | Conferencia de Prensa del Gobierno de Guatemala,0,0,257,aislado
bipartita_autor_video,video::tK__qZZ-H5w,video,Conferencia de Prensa del Gobierno de Guatemala. #LaRondaGT,0,0,258,aislado
bipartita_autor_video,video::tXLhWHWGaao,video,Breve historia política de Guatemala,0,0,259,aislado
bipartita_autor_video,video::tb6LaOWGAIo,video,"Guía Definitiva para viajar a Guatemala 2026 🇬🇹 Qué ver, itinerarios, precios y consejos",0,0,260,aislado
bipartita_autor_video,video::tcAQGuuo_Uc,video,El Ministerio de Gobernación Guatemala  brinda conferencia de prensa.,0,0,261,aislado
bipartita_autor_video,video::tg2QuZFdn4c,video,🔴 En Vivo |  Sesión Solemne de Consejo de Gobierno en Limón,0,0,262,aislado
bipartita_autor_video,video::tmvTbeQNCTI,video,"Hoy SABRÁN Qué Grado ACADÉMICO Tenemos, Todos Son PROFESIONALES",0,0,263,aislado
bipartita_autor_video,video::tqcZFVSXARQ,video,¿Listo para decir tengo #MiPrimeraCasa? 🏠✨,0,0,264,aislado
bipartita_autor_video,video::vA6p51f14J4,video,Horarios especiales por celebraciones de fin de año,0,0,265,aislado
bipartita_autor_video,video::vCtk_0NzB3s,video,Clima en Guatemala esta semana: calor de hasta 39 °C y lluvias con tormentas,0,0,266,aislado
bipartita_autor_video,video::vDVXM8ODuzM,video,#EnVivoDCA | Conferencia de Prensa del Gobierno de Guatemala,0,0,267,aislado
bipartita_autor_video,video::vNUiF-stTdo,video,resumen de noticias,0,0,268,aislado
bipartita_autor_video,video::vp9MPfDG6AE,video,"Comunicado – COVIAL / Ministerio de Comunicaciones, Infraestructura y Vivienda",0,0,269,aislado
bipartita_autor_video,video::vqcF9RFMOLQ,video,"Ciudad de Guatemala, el mejor lugar para vivir",0,0,270,aislado
bipartita_autor_video,video::w57G_5jsqtU,video,Tráfico intenso por regreso a clases del sector público extiende horas pico en el área metropolitana,0,0,271,aislado
bipartita_autor_video,video::wS6yC3yOAeA,video,Noticiero El Informativo. Nuestra semana de resultados.,0,0,272,aislado
bipartita_autor_video,video::wVncmfsugww,video,"Spot Rendición de Cuentas, tercer cuatrimestre 2023 - 1",0,0,273,aislado
bipartita_autor_video,video::wYZPaJdVuhE,video,#LaCharla ¿Quién dirigirá el sistema portuario y qué decisiones debe tomar primero?,0,0,274,aislado
bipartita_autor_video,video::wm1f52Mvzag,video,Gloria Álvarez: ¿Podría ser la próxima presidenta de Guatemala?,0,0,275,aislado
bipartita_autor_video,video::wpYwX-bGoz0,video,CIV prioriza proyectos con potencial para generar desarrollo en Guatemala,0,0,276,aislado
bipartita_autor_video,video::x9TPnjUeuoo,video,VIDEO INSTITUCIONAL PROVIAL,0,0,277,aislado
bipartita_autor_video,video::xEcC_aMDhAk,video,MINGOB y COPADEH avanzan en la protección de personas defensoras de DDHH,0,0,278,aislado
bipartita_autor_video,video::xQgP0n8hVSI,video,"Primero te usan, y cuando ya no les sirves te desechan.",0,0,279,aislado
bipartita_autor_video,video::x_CB0ZRLQTA,video,Ricardo Quiñónez paga con nuestros impuestos netcenter,0,0,280,aislado
bipartita_autor_video,video::y8XMbMxMF8E,video,"Gracias a la inteligencia, coordinación y firmeza, se dió un duro golpe al crimen organizado",0,0,281,aislado
bipartita_autor_video,video::yCmBtmOm6nw,video,“¿DÓNDE ESTÁN?”: GOBIERNO IMPULSA MECANISMO PARA BUSCAR A DESAPARECIDOS DEL CONFLICTO ARMADO,0,0,282,aislado
bipartita_autor_video,video::yLZS3JiEBg8,video,Arroz con pollo a la MONOPOLIO,16,16,1,conectado
bipartita_autor_video,video::zfJlUXRSaCU,video,Brief Political History of Guatemala,0,0,283,aislado
bipartita_autor_video,video::zweosulrwA8,video,Edén por Salud: empleo inclusivo para personas con discapacidad en Antigua | Super - Episodio 2,1,1,9,periferico_grado_1
bipartita_autor_video,video::zyA0BpEYcQU,video,Discusión entre conductor y jefe de la PMT,0,0,284,aislado
proyeccion_autor_autor,author::UC-HeUTT6_g-VoiWds2a4H-w,author,@JorgeMunoz-gd9et,31,31,1,conectado
proyeccion_autor_autor,author::UC-Iul5tDYH_oiAMXQH-KaaQ,author,@AlbertoMancilla-p9h,31,31,1,conectado
proyeccion_autor_autor,author::UC-QOpE7GOxlXcHZ8b7HbQKA,author,@mariaalexander427,17,17,3,conectado
proyeccion_autor_autor,author::UC-fiZBS5Gp1eCJd9ucgWnCg,author,@Tommii.10,48,48,1,conectado
proyeccion_autor_autor,author::UC-hfX8J5JPJ-dfuakzegMLA,author,@normaleticiaorozcojuarez2418,127,127,1,conectado
proyeccion_autor_autor,author::UC-jS_kA9w-OmpupXDx156Rg,author,@simoncreyesc7579,127,127,1,conectado
proyeccion_autor_autor,author::UC-pNP6RMFuLg_-x7Ah_0kEA,author,@almacatalan2717,127,127,1,conectado
proyeccion_autor_autor,author::UC094EFEmMSdwVa8NQjjYBXg,author,@CelestinoQuej-j7k,6,6,1,conectado
proyeccion_autor_autor,author::UC0HvfEWozTHbwl_iEmJNvVA,author,@OttoPalencia-b7r,31,31,1,conectado
proyeccion_autor_autor,author::UC0RpuMwkDKJYqgKHtsJRuWQ,author,@sabinamarinaguerra3248,24,24,2,conectado
proyeccion_autor_autor,author::UC0aEyakBPqcBkVJiErfSupQ,author,@jhonymanuel9891,24,24,2,conectado
proyeccion_autor_autor,author::UC14qlobYKqD-DO0j6b75lcA,author,@megavision4488,31,31,1,conectado
proyeccion_autor_autor,author::UC1DpqK6vaPEkBOMNvypsKYg,author,@HectorCarranza-u4j4o,48,48,1,conectado
proyeccion_autor_autor,author::UC1NiEdJ7gk6FlDexIalWnGg,author,@BorisTebalán,31,31,1,conectado
proyeccion_autor_autor,author::UC1WlJfQmaIskYhP4gmWoamw,author,@marthareiss5434,17,17,3,conectado
proyeccion_autor_autor,author::UC1Y7x3h0c95Z8kUhi-Tzaeg,author,@rosadiaz9235,18,18,1,conectado
proyeccion_autor_autor,author::UC1vr9aaMI2crB0NvwFHUeoQ,author,@JoseSimilox-p6e,127,127,1,conectado
proyeccion_autor_autor,author::UC2Y_EHWQKevubk4vOEBBFxw,author,@alfonsomorales2653,127,127,1,conectado
proyeccion_autor_autor,author::UC2ngpd8UBQu4gcUYy0goAtg,author,@juliohernandez7438,12,12,1,conectado
proyeccion_autor_autor,author::UC2weSE8rpqkGMOp6StYtVfg,author,@katerynsantiago2907,127,127,1,conectado
proyeccion_autor_autor,author::UC32oozucwCF3q8d4m8fyOUg,author,@RauldejesusOlivagonzalez,48,48,1,conectado
proyeccion_autor_autor,author::UC3E9mAgP7VoAE5mZoAexl5g,author,@EnnioAroche,127,127,1,conectado
proyeccion_autor_autor,author::UC3MYTqpQqlWBuCB7Th0e0PA,author,@isaaclopez7220,127,127,1,conectado
proyeccion_autor_autor,author::UC3NMzdMYryaw82kPTnsaljg,author,@marisosa7832,127,127,1,conectado
proyeccion_autor_autor,author::UC3UVO7pTbeYvZ3ILEyRDskQ,author,@rosaelenaargueta79,48,48,1,conectado
proyeccion_autor_autor,author::UC3XTwHxygNCgjndsg-UiCQA,author,@marioajset4283,127,127,1,conectado
proyeccion_autor_autor,author::UC3YpzAr7pcdKC7BVFEpYzog,author,@carmenfigueroa1232,31,31,1,conectado
proyeccion_autor_autor,author::UC3iIU62XKUOWuqL8BqBzj9A,author,@antonioduarte2288,6,6,1,conectado
proyeccion_autor_autor,author::UC3qn1yJA5PeW9rkGPatQxiw,author,@VICTOREST19,127,127,1,conectado
proyeccion_autor_autor,author::UC4Avya4kmR4Q0FrfFdBozSQ,author,@davidlima1348,48,48,1,conectado
proyeccion_autor_autor,author::UC4cXueR2bKGFJV0Fk76gwmA,author,@aluxdel4792,127,127,1,conectado
proyeccion_autor_autor,author::UC4kg7zuTfqQKLd2bkZrSYBA,author,@zoilagarcia9019,6,6,1,conectado
proyeccion_autor_autor,author::UC4wq3DcbfaG6dtCqn8Oyu3w,author,@hugoasencio7764,127,127,1,conectado
proyeccion_autor_autor,author::UC5H8ASmMC9WrURmzeB4ySog,author,@ManuelEdran,127,127,1,conectado
proyeccion_autor_autor,author::UC5PrBbmUlQolwqmiru7yZhw,author,@lazarochavez8269,6,6,1,conectado
proyeccion_autor_autor,author::UC5PyGvSfFM--OVKmQ3COu6g,author,@FreddyGmez,24,24,2,conectado
proyeccion_autor_autor,author::UC5bG9nc_JV3FsNP2KseQiYw,author,@giovannirodas4836,127,127,1,conectado
proyeccion_autor_autor,author::UC5fvhAfm89JH8eDFdvc0xYw,author,@isaidiaz2388,24,24,2,conectado
proyeccion_autor_autor,author::UC5hvEnRUzI4Kfvwnyi4QxqQ,author,@leonelsantizo5281,48,48,1,conectado
proyeccion_autor_autor,author::UC5wuDq3U3vRAhOQI3D7gNdw,author,@allanreneramirezgonzalez534,9,9,1,conectado
proyeccion_autor_autor,author::UC63tFvbQ_hJhGDi2nbjssjw,author,@AbigailRodas-w2r,31,31,1,conectado
proyeccion_autor_autor,author::UC650pRT-OYzny3GwOH8Cgfw,author,@edvinparedesherrera7632,127,127,1,conectado
proyeccion_autor_autor,author::UC6PvO1_k5lHKGdAPo5_C6TA,author,@johnmejia992,127,127,1,conectado
proyeccion_autor_autor,author::UC6Uj1FT5JjDSF8vudvDxPAA,author,@alfredoortega9264,48,48,1,conectado
proyeccion_autor_autor,author::UC6YSZqL0vEcI-niPKIMUGfw,author,@maxwellsales885,127,127,1,conectado
proyeccion_autor_autor,author::UC6xI_MOaxajIWpoP8BH6E_Q,author,@jahirdiaz5862,0,0,7,aislado
proyeccion_autor_autor,author::UC72gBAtyb_VXQlYDcFrh6oQ,author,@osmanmorales3012,127,127,1,conectado
proyeccion_autor_autor,author::UC7IMsCxfZyWN7YQo8-JYa6Q,author,@Burgos68,18,18,1,conectado
proyeccion_autor_autor,author::UC7VUuJr9cGh845CmTvf7TlQ,author,@LuisCastillo-oz4df,127,127,1,conectado
proyeccion_autor_autor,author::UC7dadZG7kkGYnsNu6td0FbA,author,@lesolorzano,48,48,1,conectado
proyeccion_autor_autor,author::UC816IGbFCZinfYS1LRDaaHg,author,@ingenieroar,48,48,1,conectado
proyeccion_autor_autor,author::UC8F2V63KZ4ZEay6opX2hAQw,author,@carmenr6311,127,127,1,conectado
proyeccion_autor_autor,author::UC8G5cJONY8L9voMyBW8Eoug,author,@luisparedes-pw6qt,127,127,1,conectado
proyeccion_autor_autor,author::UC8r11yOugM2NuRfitQOxLLg,author,@cesaraugustomoralesmonroy6907,127,127,1,conectado
proyeccion_autor_autor,author::UC8xlJWNHz1V_W6q3fbuQH8g,author,@NormaLópez-v7e,18,18,1,conectado
proyeccion_autor_autor,author::UC95PSMouTx2N5CbSq0hIyrQ,author,@lisss1908,48,48,1,conectado
proyeccion_autor_autor,author::UC9Wp6vL5oCU37qC3Aj94WZA,author,@ManuelSanchez-b8q2z,6,6,1,conectado
proyeccion_autor_autor,author::UC9vMq1YF-e7C-VO0SHkbUTA,author,@ErvinLeonardoCarreraLatín,127,127,1,conectado
proyeccion_autor_autor,author::UC9xr9QvIcDvoZNUX5f-jaZw,author,@MariaaliciaColonmorales,127,127,1,conectado
proyeccion_autor_autor,author::UCA93ym2TXs_Ibyxb4Vcn-6Q,author,@oswaldosolis8728,127,127,1,conectado
proyeccion_autor_autor,author::UCAKuKvcbfnBD3kF5njNu-IA,author,@melvinlopez7096,48,48,1,conectado
proyeccion_autor_autor,author::UCAV7QIjYhbDJaycQycM_0eQ,author,@mariavail8998,18,18,1,conectado
proyeccion_autor_autor,author::UCAlzM_N6xBlMYmM8EBzX86Q,author,@carlossoto3252,127,127,1,conectado
proyeccion_autor_autor,author::UCAmtbUiIrUIhikru0ZoTFig,author,@Aura-vf6dm,127,127,1,conectado
proyeccion_autor_autor,author::UCAxvOOHQk7dYPOajzFEVtbA,author,@ruddydepaz322,12,12,1,conectado
proyeccion_autor_autor,author::UCB5p8a5gklc80jJItP6xTHg,author,@ernestogamboa8737,127,127,1,conectado
proyeccion_autor_autor,author::UCBlm80VQ4YoV3bUJR_XhkaQ,author,@rosadiaz6945,17,17,3,conectado
proyeccion_autor_autor,author::UCBtB5dIyx-C16UN8ClUD2UA,author,@alexmonzon4257,6,6,1,conectado
proyeccion_autor_autor,author::UCCBYcToQ2dwkd6TJh0FSyDg,author,@lidiarodriguez3493,48,48,1,conectado
proyeccion_autor_autor,author::UCCUmP4PlbwgikVFpYwbtRTg,author,@alhvi,15,15,1,conectado
proyeccion_autor_autor,author::UCCaYwkkbQGcvFoUmothVdQQ,author,@OsvaldoAguirre-l3i,127,127,1,conectado
proyeccion_autor_autor,author::UCDIMztpVm7G27qBuiWuT6oQ,author,@lizardomorataya8274,127,127,1,conectado
proyeccion_autor_autor,author::UCDPWkUX3sNNaCx-m1dV4glA,author,@hectoroliva949,127,127,1,conectado
proyeccion_autor_autor,author::UCDQaQv0hr2SS_PO-CMEwVHg,author,@federicosaquimux1933,127,127,1,conectado
proyeccion_autor_autor,author::UCDUffaruH6dyUnUGwsTKpgg,author,@luisletona2842,127,127,1,conectado
proyeccion_autor_autor,author::UCDftMWXQoJ6nONfY7GVOVjg,author,@luisgpacheco5858,127,127,1,conectado
proyeccion_autor_autor,author::UCDlr1VadSucIZgZ171pRBjQ,author,@cuabatzjj5924,127,127,1,conectado
proyeccion_autor_autor,author::UCDrmf9y9nLgFY5wnA2hTuGA,author,@laboratorio5528,48,48,1,conectado
proyeccion_autor_autor,author::UCEHXl4VvvVpq-_4xC5tsbhg,author,@anibalg47,31,31,1,conectado
proyeccion_autor_autor,author::UCEgEQmRbtL5fwr9_DqAC--g,author,@ArielRodas-g5y,127,127,1,conectado
proyeccion_autor_autor,author::UCErZPJpHmLCsXs8ZWkAUupQ,author,@dorisl.garciaroche7763,127,127,1,conectado
proyeccion_autor_autor,author::UCFFrEmn6lPYiWyElpfzTy5Q,author,@denilsonlopez4083,6,6,1,conectado
proyeccion_autor_autor,author::UCFOxCyF926Y9eHhMeVoWLzw,author,@arielsarc09,24,24,2,conectado
proyeccion_autor_autor,author::UCFUuDARXdmmIrLppEqf-rFg,author,@allanmunoz7410,127,127,1,conectado
proyeccion_autor_autor,author::UCFhxtoeARHPnXXPcDrOU3Xg,author,@diegoalejandrolopezmendez205,127,127,1,conectado
proyeccion_autor_autor,author::UCFjudnPLoaSL1BaRuLahyHg,author,@HaroldoCastillo-rh9iw,127,127,1,conectado
proyeccion_autor_autor,author::UCFoIAE8k82D6AV-8gjjKaNg,author,@eddymunoz9789,127,127,1,conectado
proyeccion_autor_autor,author::UCFxE8GbokBrBsPEKM1xrOjQ,author,@JuanDavila-qd7qj,127,127,1,conectado
proyeccion_autor_autor,author::UCFybmWapGvBKcQod7cPPH9w,author,@vitalianochavez8382,31,31,1,conectado
proyeccion_autor_autor,author::UCGGHbtfbbe0o68etrOf0qxw,author,@karensussetteleonvargas9794,48,48,1,conectado
proyeccion_autor_autor,author::UCGX_UbAQOXGZknv5iqklwTA,author,@ronaldgarcia8522,18,18,1,conectado
proyeccion_autor_autor,author::UCGZMgmM92E3njyXNe9-kjAQ,author,@pasionpornada,17,17,3,conectado
proyeccion_autor_autor,author::UCGj2v6Gl5bN8NSrzJMXS-CA,author,@juliogutierrez492,5,5,1,conectado
proyeccion_autor_autor,author::UCGm3gRBEHGRJYmtCryZLtDw,author,@JoséLopez-g6k,6,6,1,conectado
proyeccion_autor_autor,author::UCGqKxQS-z3NZzZF-2w338AA,author,@samuelaguilar529,24,24,2,conectado
proyeccion_autor_autor,author::UCGzXwyCzMzGmjmCbH3Hg01Q,author,@FidelZacarias-ph7dy,127,127,1,conectado
proyeccion_autor_autor,author::UCHGd14aYuZZShLD73dkk6mg,author,@noemiherrera3152,2,2,5,conectado
proyeccion_autor_autor,author::UCHMQ_lDhibZ-XZ_3fo6oxwg,author,@crislexrubi4387,24,24,2,conectado
proyeccion_autor_autor,author::UCHTGCgY2l-DQJIvlA_cpa_Q,author,@virgiliogarcia3039,145,145,1,conectado
proyeccion_autor_autor,author::UCHbwIx9pmQuf7i-4_xO2EpA,author,@caminoseternos752,48,48,1,conectado
proyeccion_autor_autor,author::UCHhHUjaMAZ8SiXdCUCj9DkQ,author,@fredymendez1786,127,127,1,conectado
proyeccion_autor_autor,author::UCHu8x4MVkayU6VgwVKd--MQ,author,@Hernandez-i1o,6,6,1,conectado
proyeccion_autor_autor,author::UCIUhbSCy3-SGRe5UtqM4fzQ,author,@jeanmorales1677,24,24,2,conectado
proyeccion_autor_autor,author::UCIXLDYqR_syskKRJy_x9W9Q,author,@carlitosramirez4739,12,12,1,conectado
proyeccion_autor_autor,author::UCIgoiXdIKJyUGmUoH2Lxdzg,author,@susievidal4134,17,17,3,conectado
proyeccion_autor_autor,author::UCIp19h9igblA2YKfSLPDAug,author,@JoseReyes-rn6sh,24,24,2,conectado
proyeccion_autor_autor,author::UCJp3OrVYcBorC94sKwdch_A,author,@ULJoshmg2011,9,9,1,conectado
proyeccion_autor_autor,author::UCJxJC56BSAX-ArD0NAb9qnQ,author,@alfonsowilian9157,1,1,6,periferico_grado_1
proyeccion_autor_autor,author::UCKDR0f2fu2UzWL8mBv5-BHw,author,@mireyamorales6595,127,127,1,conectado
proyeccion_autor_autor,author::UCKVzDUqbtdSMBcexaEtMmzQ,author,@rotorairgroup8409,3,3,4,conectado
proyeccion_autor_autor,author::UCL13XhnRzbGokEkCkEOb0-g,author,@raquelprado3643,127,127,1,conectado
proyeccion_autor_autor,author::UCL1MT278vSaQ83ZDkVWn1gw,author,@elmorodriguez6978,127,127,1,conectado
proyeccion_autor_autor,author::UCLFdHr9BEbXHkoJopbEPLZw,author,@kanterra4584,127,127,1,conectado
proyeccion_autor_autor,author::UCLXYp1Cvc5DLtq5UQL5D9vw,author,@jorgecifuentes-m5g,12,12,1,conectado
proyeccion_autor_autor,author::UCLggDc_a5HriXv7I1h02sOA,author,@guillermogonzalez5153,127,127,1,conectado
proyeccion_autor_autor,author::UCLh1Kde4_vI1sTZBkTNP7RQ,author,@JoelReynoso-d4r,6,6,1,conectado
proyeccion_autor_autor,author::UCN2N_wYOw6fMwCeSzdXLPIw,author,@danielantoniogonzalezflore4901,18,18,1,conectado
proyeccion_autor_autor,author::UCN6qbfPSzFtjhqUDZ3Cv3CQ,author,@carlosmedranovelasquez6380,127,127,1,conectado
proyeccion_autor_autor,author::UCNBnKqWf4d-rS4HwJRQljmQ,author,@LE_A22,127,127,1,conectado
proyeccion_autor_autor,author::UCNIeXbV_mEwpa412h1aqUWw,author,@juandeleon9060,18,18,1,conectado
proyeccion_autor_autor,author::UCNiMNUJvaRJb0_QLClqwVnA,author,@Santiago.Nolasco,3,3,4,conectado
proyeccion_autor_autor,author::UCNkcuy42zEwddwEcOd_HpnA,author,@vanigomez492,127,127,1,conectado
proyeccion_autor_autor,author::UCNpt5CQlTzNjlAKY6CJtClQ,author,@eustaquiogomez9975,48,48,1,conectado
proyeccion_autor_autor,author::UCO0zwwLWGyDgQmWPJ5Qrr1w,author,@elsalvador3605,12,12,1,conectado
proyeccion_autor_autor,author::UCOARn3hnfkB7-_Rwa8Hoqcw,author,@nicelol5241,5,5,1,conectado
proyeccion_autor_autor,author::UCOLGv5Pf6BF2wFcwUzgcvHg,author,@welfrealdana5559,127,127,1,conectado
proyeccion_autor_autor,author::UCOLHH4ZpMxPYF-Q6e6wvn5A,author,@luisroldan7374,17,17,3,conectado
proyeccion_autor_autor,author::UCOS8ViEkccrTZx2w2ccxotA,author,@OscarHernandez-q8y,127,127,1,conectado
proyeccion_autor_autor,author::UCOY3XpD9qMCRSA8AA8c4CAw,author,@franciscorodas9686,15,15,1,conectado
proyeccion_autor_autor,author::UCOcUI5XkTYNMSFhZNMIPpGg,author,@hendersonlopez3864,48,48,1,conectado
proyeccion_autor_autor,author::UCOh6DaZC_x9HASnlRylEMfw,author,@AndresMedina-v1s,127,127,1,conectado
proyeccion_autor_autor,author::UCPLW0HE3siElqCgXfgWxMqg,author,@elizabethmonterroso7719,0,0,8,aislado
proyeccion_autor_autor,author::UCPNXmbOBVeC4HS-xemvcPtQ,author,@BelkisRodriguezRamirez,17,17,3,conectado
proyeccion_autor_autor,author::UCPZueDLrCS4BmTBRMA4q0fA,author,@kevinochoa3695,18,18,1,conectado
proyeccion_autor_autor,author::UCQIdKuZ-OzuFqy0KjGrgesg,author,@lyacausa,2,2,5,conectado
proyeccion_autor_autor,author::UCQM2tCKRRytVDRxNUfCDqQQ,author,@elioelias7267,0,0,9,aislado
proyeccion_autor_autor,author::UCQMMuADgqWUOcJpLwHOzC-g,author,@Ripped-Yoda,17,17,3,conectado
proyeccion_autor_autor,author::UCQ_-LPP8JAbfkc-b1Q6NvWw,author,@MegaKristenstewart,127,127,1,conectado
proyeccion_autor_autor,author::UCQgYjVngJRfPHDLGB5X6ZjA,author,@oscarnavas9996,127,127,1,conectado
proyeccion_autor_autor,author::UCQqetiwzzmRNTM5OWuXarGQ,author,@isaiaslopezvelasquez1539,127,127,1,conectado
proyeccion_autor_autor,author::UCQqlPPUGqAfWjd-FSh_qn7Q,author,@estuardoargueta137,48,48,1,conectado
proyeccion_autor_autor,author::UCQtICyzWmhC5woCtbNgaSmg,author,@nestormendez6216,127,127,1,conectado
proyeccion_autor_autor,author::UCQtSFINs1h6GHkpg9o5kMvg,author,@MacarioMartinezruiz,127,127,1,conectado
proyeccion_autor_autor,author::UCQyOePccUP-fIJYzchAgZYw,author,@aguilar4254,48,48,1,conectado
proyeccion_autor_autor,author::UCRAquv8el-tQ30bN7MlmySQ,author,@iamjimalesssa,48,48,1,conectado
proyeccion_autor_autor,author::UCRETAiYdh2dL5ZxB0_N1zDA,author,@Joseroland21,127,127,1,conectado
proyeccion_autor_autor,author::UCRcSR3Lvn9DZAmJpVPANfZQ,author,@WalksandSuch,24,24,2,conectado
proyeccion_autor_autor,author::UCRelkU8JiZBytTzebJxaa-w,author,@danyraymundo2942,127,127,1,conectado
proyeccion_autor_autor,author::UCRfkkatKrNtAARnXMMYBGlA,author,@BernerSoza-mg3vx,31,31,1,conectado
proyeccion_autor_autor,author::UCRlCV9zSn7avAWh-9_XFWqQ,author,@ronyarana8849,127,127,1,conectado
proyeccion_autor_autor,author::UCRvPToDkkumha7WJAfCDk1A,author,@ligiaguerra3057,48,48,1,conectado
proyeccion_autor_autor,author::UCRznz9-N3Qc1w-qNdLSIY2Q,author,@jimmygomez724,24,24,2,conectado
proyeccion_autor_autor,author::UCSTAUWVc1_82DHYeqOsqEFA,author,@TheAlexX_C,24,24,2,conectado
proyeccion_autor_autor,author::UCSou6a2OuYGSvPjm5psquyA,author,@FranciscoRivera-sf7ne,127,127,1,conectado
proyeccion_autor_autor,author::UCTD6q1nyIe3Y7HhqjaMj72w,author,@JuanChang-r6k,127,127,1,conectado
proyeccion_autor_autor,author::UCTP3O0rMnc8z8v8jaDQwL0w,author,@RobertoZelaya-x1v,127,127,1,conectado
proyeccion_autor_autor,author::UCTTILH6QCIxbTnEWxwRqs1g,author,@3762Jorge,15,15,1,conectado
proyeccion_autor_autor,author::UCThW2XNsAaBKme5PUt7n-Zg,author,@thelmamoran8565,127,127,1,conectado
proyeccion_autor_autor,author::UCTwSut16JyAg3mX6LVUNGqA,author,@SuperVictor2005,127,127,1,conectado
proyeccion_autor_autor,author::UCTylKrsqkrBKIqubMu_5N0Q,author,@edwingeovanymarroquinmarro6684,127,127,1,conectado
proyeccion_autor_autor,author::UCUIIIPTVDVHAXqhC_5V6lPA,author,@gorrarota,127,127,1,conectado
proyeccion_autor_autor,author::UCUoYsrx1oZnCZ0usbBJn4fA,author,@AnaDiaz-re9sq,48,48,1,conectado
proyeccion_autor_autor,author::UCV0iizTBoOfdAFX_thfI9BA,author,@BenjaminLarios-jd8nk,127,127,1,conectado
proyeccion_autor_autor,author::UCV0lM03g5fg5pbPj97-sAtA,author,@genarodelgado3929,48,48,1,conectado
proyeccion_autor_autor,author::UCV3fr-YOixFKCZBbJP1-X4w,author,@albertoshernandez5251,31,31,1,conectado
proyeccion_autor_autor,author::UCVC2QugcI1G4RvlCiUqd1aQ,author,@rwdm76,9,9,1,conectado
proyeccion_autor_autor,author::UCVQf0tzL7xRzFJsABVVULpg,author,@DennisseLopetegi,18,18,1,conectado
proyeccion_autor_autor,author::UCVdjCrh4tQoX3haNAZv-n5A,author,@aurahernandez5646,17,17,3,conectado
proyeccion_autor_autor,author::UCVhif9eV0f8plICen2DnpKA,author,@blogarteplus,5,5,1,conectado
proyeccion_autor_autor,author::UCW-JC6lebVmf2P1dmY_L94g,author,@dinoraoroxon5771,48,48,1,conectado
proyeccion_autor_autor,author::UCW80DaMjQlEUibC98Cot-Dg,author,@rogeraldana4289,48,48,1,conectado
proyeccion_autor_autor,author::UCWIZUtKJ636y-4TYrNvok0g,author,@cesarandreas7824,127,127,1,conectado
proyeccion_autor_autor,author::UCWWkebAekppaL5b5CNlppuw,author,@ninettmartinez425,2,2,5,conectado
proyeccion_autor_autor,author::UCWaRixDdpgllTBf4V0jPnKQ,author,@hectormaaz5523,31,31,1,conectado
proyeccion_autor_autor,author::UCWoAVGVqCn4xtINCMOTM4jg,author,@OmarMartinez-vv8re,48,48,1,conectado
proyeccion_autor_autor,author::UCWvntqPQx99k_Z_skWKqNSA,author,@AntonioChiyal-x5s,31,31,1,conectado
proyeccion_autor_autor,author::UCXN2s7DwTJm33xO-pNkAdaA,author,@edithsan7688,12,12,1,conectado
proyeccion_autor_autor,author::UCXO1BBohNWXkK9SBDAG2ySg,author,@JBFlute92,15,15,1,conectado
proyeccion_autor_autor,author::UCXSkL3ejZ8qWYyF_M7s_QKA,author,@JacintaTzoy,127,127,1,conectado
proyeccion_autor_autor,author::UCXVLc8CmAO813ubM-fLvCDw,author,@herminiasaquimux7565,15,15,1,conectado
proyeccion_autor_autor,author::UCXXh7yg5KUFIWylTiKVEFKQ,author,@MrDuenderojo,127,127,1,conectado
proyeccion_autor_autor,author::UCXgr7vXlRrsaskPdo097kGA,author,@Rogergh-nw4oj,127,127,1,conectado
proyeccion_autor_autor,author::UCXl30Y_upRqbti52fmjK4YA,author,@capitanfrans,15,15,1,conectado
proyeccion_autor_autor,author::UCXmrpc6Li0spcKxtS0Q_ptg,author,@melvinperez6710,24,24,2,conectado
proyeccion_autor_autor,author::UCXr8_5WtGeipe4haOoQDgyQ,author,@amyherrera7352,127,127,1,conectado
proyeccion_autor_autor,author::UCY7Hq7F9Lnucf-Yr6JkHZNw,author,@maynorcalel1442,24,24,2,conectado
proyeccion_autor_autor,author::UCYN4wSQ1Sx4_LurxLlW7MPg,author,@belarminavillatoro6474,127,127,1,conectado
proyeccion_autor_autor,author::UCYwpX26TrCxq8TvbKGRYLXA,author,@beneficioelcaminovillacana8540,127,127,1,conectado
proyeccion_autor_autor,author::UCZ51R_9Q9C0c8I3pAWhtmjQ,author,@belvettzapeta1251,127,127,1,conectado
proyeccion_autor_autor,author::UCZFQwqh90apuL8eFhvRBkUg,author,@luisricardo9671,31,31,1,conectado
proyeccion_autor_autor,author::UCZIQnb1fkwe39Iw2TAu-bGA,author,@jorgegomez2237,5,5,1,conectado
proyeccion_autor_autor,author::UCZLG9qH0tUjNhEGFIUt0CYw,author,@SoniaMarroquin-y6e,127,127,1,conectado
proyeccion_autor_autor,author::UCZOmq6MwFDVoCaEl99BRRaw,author,@daniloarevalo3170,9,9,1,conectado
proyeccion_autor_autor,author::UCZeIIQrGAedW8tCbKWmGY-A,author,@mariocordon8873,48,48,1,conectado
proyeccion_autor_autor,author::UCZjm6U576nX8WOiLhmMR3bw,author,@MariaNavarroYT,17,17,3,conectado
proyeccion_autor_autor,author::UC_3xuTXvMIWU5MYP9HkJ3vQ,author,@Historia-wm4os,12,12,1,conectado
proyeccion_autor_autor,author::UC_6KbBY1bsYXz9fwFS0eQRg,author,@imrcp5694,9,9,1,conectado
proyeccion_autor_autor,author::UC_LYoGs5C3mbZKZuKuqYCvw,author,@javiercifuentesarchila6041,48,48,1,conectado
proyeccion_autor_autor,author::UC_NRVt2UP88ZNTwzrZ66JSg,author,@aditalissethevasquezrojas8039,0,0,10,aislado
proyeccion_autor_autor,author::UC_ljZ1hZXR9pzexFz87P5ZA,author,@ChRiStOpHeR7969,24,24,2,conectado
proyeccion_autor_autor,author::UCa36MjQLoPAmgJo-R3G8WQA,author,@elsasalguero6914,31,31,1,conectado
proyeccion_autor_autor,author::UCaKAjTW9MVub_clgr4DRYjQ,author,@josecastillo4390,48,48,1,conectado
proyeccion_autor_autor,author::UCaT4saRcyqCLE657Rq2hhZQ,author,@elmilenial4064,31,31,1,conectado
proyeccion_autor_autor,author::UCaT6M2zp7X6r6Whd8Vv3kHQ,author,@alexarcos8349,24,24,2,conectado
proyeccion_autor_autor,author::UCat2qkYvqmtDNEmo2PVuhXw,author,@DoraSalas-j5o,17,17,3,conectado
proyeccion_autor_autor,author::UCbNanjFI51cwGqMAb2rOrBw,author,@RosaMontesdeOca777,17,17,3,conectado
proyeccion_autor_autor,author::UCbYoNG5J3Au5BqtbXogfEFw,author,@Luis-gn3fj,18,18,1,conectado
proyeccion_autor_autor,author::UCbrtvygfRT6QXqWDNrOf-cA,author,@Alejandro00710,23,24,1,conectado
proyeccion_autor_autor,author::UCcFIBN-rtC3d3hXeuN5TfWw,author,@DenisRMC,15,15,1,conectado
proyeccion_autor_autor,author::UCc_F88PzGWtA1OPNUEASulA,author,@rockyscarlet,15,15,1,conectado
proyeccion_autor_autor,author::UCcfdg8crmMJwEuLUsAhV7yg,author,@RolandoRaguay,127,127,1,conectado
proyeccion_autor_autor,author::UCdFlugHJJa4l3YqWuNRmvXw,author,@MarcosCarillo-b1r,54,54,1,conectado
proyeccion_autor_autor,author::UCdQAuWwyC99MB7Y02Umj26Q,author,@miguelbran1268,15,15,1,conectado
proyeccion_autor_autor,author::UCe8JZoYkX5oKUZyivHYdXhw,author,@FernandoGarcia-jg1fj,48,48,1,conectado
proyeccion_autor_autor,author::UCeDNEtI8_a42bZ47wJiJMwQ,author,@EdgarcalderonCalderong,48,48,1,conectado
proyeccion_autor_autor,author::UCeQk-WfEA-cJRq4EKeE7TOw,author,@franciscojuarez9223,31,31,1,conectado
proyeccion_autor_autor,author::UCefAH1MbvADWUjE9WVcB9EQ,author,@jabriz8152,15,15,1,conectado
proyeccion_autor_autor,author::UCf5lnNZF7Qrtli9v4N_23WQ,author,@CarlosCortez-v5r,18,18,1,conectado
proyeccion_autor_autor,author::UCfM3nrxtTQMY5jFx1v1J4Gg,author,@edgarroldan5539,127,127,1,conectado
proyeccion_autor_autor,author::UCfRqgt2O-vjzUDMZY_tnxQw,author,@Williams-Garcia67E,6,6,1,conectado
proyeccion_autor_autor,author::UCfXykdbSU97rj987LDUGfvg,author,@MariaSantos-c8y3h,12,12,1,conectado
proyeccion_autor_autor,author::UCfjhejO7LZy4doXURa7LZCQ,author,@HonwayLee-z5g,12,12,1,conectado
proyeccion_autor_autor,author::UCfo_yUPzy1f1POwwZxhZ06Q,author,@lara11roberto,31,31,1,conectado
proyeccion_autor_autor,author::UCg3eIfd7BrsLEqS0BLkftHA,author,@ErmePérez-q4s,18,18,1,conectado
proyeccion_autor_autor,author::UCgGqw4aqMdMVSGkKiMgrJRQ,author,@pattyfigueroa5609,31,31,1,conectado
proyeccion_autor_autor,author::UCgJNFj5dnxXpcMvmuhZDPxA,author,@NataliaRodriguez-rx5mr,48,48,1,conectado
proyeccion_autor_autor,author::UCgLrWFdYitoP-b7-PxtUr-w,author,@zetag,24,24,2,conectado
proyeccion_autor_autor,author::UCgLurCo-e019HGODcjXHWCw,author,@perritojuega1,24,24,2,conectado
proyeccion_autor_autor,author::UCgQJgI9vu1FI2dnC9mrFthw,author,@srms70,18,18,1,conectado
proyeccion_autor_autor,author::UCgQw_Sbq3ugruDUKsq1e0-A,author,@marlenareano-h4t,48,48,1,conectado
proyeccion_autor_autor,author::UCgvw7xIdGFupzpt1Y_BFkEA,author,@fredygarcia9151,127,127,1,conectado
proyeccion_autor_autor,author::UCh5ESQvtzyHDhCA7XyekCFA,author,@andyB5280,127,127,1,conectado
proyeccion_autor_autor,author::UChT7pzGytNd92Nmvi-zuWog,author,@sparkvalkov,15,15,1,conectado
proyeccion_autor_autor,author::UChZknRmJkeGeQk0-mQuhDOg,author,@OdilioRodríguez-c5w,127,127,1,conectado
proyeccion_autor_autor,author::UCheEJ5GZuIvV0fj-nXyVwXw,author,@rosaoliva9389,31,31,1,conectado
proyeccion_autor_autor,author::UChep9kVb5gQmpodEEl10Xlg,author,@carlosaguilar-kz7ml,127,127,1,conectado
proyeccion_autor_autor,author::UChgkn5Jt5tWKYMoEOuCjz3Q,author,@pablochitay46,127,127,1,conectado
proyeccion_autor_autor,author::UChs3tU2BcKOT0CezykvAsGw,author,@byronpontaza,127,127,1,conectado
proyeccion_autor_autor,author::UChyps3dqY-VY1_wLeq-2lhw,author,@maydamorales4395,31,31,1,conectado
proyeccion_autor_autor,author::UCi-vPdnpQreC7BkFs40mJGA,author,@bryansicasales4280,24,24,2,conectado
proyeccion_autor_autor,author::UCi1b_TRQfgO1Z9O2gNGGWNA,author,@davidisraelesquitsaquil,127,127,1,conectado
proyeccion_autor_autor,author::UCi2KiZq63sRq8Mfbcp-MelQ,author,@eugeneramirez4405,17,17,3,conectado
proyeccion_autor_autor,author::UCiC-Jn7wdgyQV4_Urk0DkWQ,author,@pedroros6358,48,48,1,conectado
proyeccion_autor_autor,author::UCiGRBf2RNF0WRKhRVT7zFoA,author,@edwinavila4876,127,127,1,conectado
proyeccion_autor_autor,author::UCiMythXHsw7eQEMykCdmMUA,author,@JavierBecerra-h6x,127,127,1,conectado
proyeccion_autor_autor,author::UCiOZX__1gahg1ypIj0_XG_w,author,@mariogonzalezorellana8956,31,31,1,conectado
proyeccion_autor_autor,author::UCipetjeiWj4CZB6EbyYziZg,author,@OseasSamayoa-ol5rz,127,127,1,conectado
proyeccion_autor_autor,author::UCj-LL25XJnjxepPKCc3NGog,author,@anaaguirre8985,127,127,1,conectado
proyeccion_autor_autor,author::UCjJf-AJKRFFWtiN-CSwkDmA,author,@2jose82,9,9,1,conectado
proyeccion_autor_autor,author::UCjSKM9j0Q7HLDr1hD6D-TUw,author,@josehidalgo4875,127,127,1,conectado
proyeccion_autor_autor,author::UCjZgFEowMBrsjodqfovzdKw,author,@franciscoflores3120,43,43,1,conectado
proyeccion_autor_autor,author::UCjmPuazZJzscrwvk0QR9RVw,author,@mynorrodas8591,127,127,1,conectado
proyeccion_autor_autor,author::UCk4O-J1BhoqPmig1KLGJePA,author,@lazarobarillas3575,6,6,1,conectado
proyeccion_autor_autor,author::UCkVtmkK07b2zaVVNssX4lOg,author,@HectorElias-u2l,48,48,1,conectado
proyeccion_autor_autor,author::UCkbsS_3D-pvg1iHOld9uvIg,author,@gonzalo6075,48,48,1,conectado
proyeccion_autor_autor,author::UCkd9W714-947dEE6ZOEBATA,author,@ARGELIATELON,127,127,1,conectado
proyeccion_autor_autor,author::UCkxdJ_yGN2gghOMo2ybQtXQ,author,@11223344An,15,15,1,conectado
proyeccion_autor_autor,author::UCl0ekS9Tt0jJGtOEM18S63w,author,@monkchapin,127,127,1,conectado
proyeccion_autor_autor,author::UCld2stqxaVSk0QdGncM224A,author,@sarahernandez3873,3,3,4,conectado
proyeccion_autor_autor,author::UClhMWQ7XKWywYvbRnuf8QsA,author,@EcPerez-zz9oh,48,48,1,conectado
proyeccion_autor_autor,author::UCljDbleJul41G1TzOjOZAVA,author,@hectorcarranza3777,127,127,1,conectado
proyeccion_autor_autor,author::UClqA491Xa5fQcXcJJa-vTWw,author,@AndresLemus-k2d,48,48,1,conectado
proyeccion_autor_autor,author::UClsrFGJKWPxxw7MiaEdKLXw,author,@ericapaz5406,18,18,1,conectado
proyeccion_autor_autor,author::UCmjppp6ujz3SAnULvP3sZMw,author,@marcomendez7509,127,127,1,conectado
proyeccion_autor_autor,author::UCmvOgzmmXbjUthHy-WJ52hQ,author,@mariorodas593,127,127,1,conectado
proyeccion_autor_autor,author::UCnU8wO1OurAmGstDw6VGjgQ,author,@cmorera21,9,9,1,conectado
proyeccion_autor_autor,author::UCoGdCoJg2Lh0OX_jv6cG16g,author,@Israel-u5i7i,31,31,1,conectado
proyeccion_autor_autor,author::UColMq7LmaoY3MT6aIDGrGvA,author,@quijotachapina1,48,48,1,conectado
proyeccion_autor_autor,author::UCozFYHN0e_-vlQbX3wQGOug,author,@jesusguzman2321,17,17,3,conectado
proyeccion_autor_autor,author::UCp29O_C7cchZV8IxV7Crdag,author,@robertoescobar5507,31,31,1,conectado
proyeccion_autor_autor,author::UCp4iw5_5SmV9VGTFSNVGOmQ,author,@CARLOSSTREMS51,127,127,1,conectado
proyeccion_autor_autor,author::UCpIdtvoFHVLGASGB5ySqIEA,author,@VidalVillatoro-p4w,127,127,1,conectado
proyeccion_autor_autor,author::UCp_dAUfv8i3LW3zWc24dLaQ,author,@MarioCortez-o6v,17,17,3,conectado
proyeccion_autor_autor,author::UCpe5jW3MIqkgTJ-PgkzvM6Q,author,@carloslam5333,48,48,1,conectado
proyeccion_autor_autor,author::UCpl8rF8uv_8uui-QRvuJaRA,author,@SergioGarcia-z9c,127,127,1,conectado
proyeccion_autor_autor,author::UCplrIQtaPj6au60_f2-mOYw,author,@romeolopezherrarte799,127,127,1,conectado
proyeccion_autor_autor,author::UCpsKOkt5iWTbenzeuq7dsmQ,author,@inge_vergueta,183,184,1,conectado
proyeccion_autor_autor,author::UCq3mDTTRZnUybct5M9OSXbg,author,@MacoMorales-i2i2d,12,12,1,conectado
proyeccion_autor_autor,author::UCqCrvuoJpC-aVb0f4logQRQ,author,@Lyrics_GT,48,48,1,conectado
proyeccion_autor_autor,author::UCqilIa8r7iek5sGYg_q6ofA,author,@rolandojuchuna484,24,24,2,conectado
proyeccion_autor_autor,author::UCql1n3Ey6ULMSOACjMe-fxQ,author,@RolandoGonzalez-o7g,31,31,1,conectado
proyeccion_autor_autor,author::UCr1emrogPKkKTs_WTtx71xg,author,@domingopeneleu6457,127,127,1,conectado
proyeccion_autor_autor,author::UCrJn_rbo_ENAdeqneS-RmRw,author,@josecarrera9623,127,127,1,conectado
proyeccion_autor_autor,author::UCrqXyRsg-_hTosURZ-uvoKg,author,@flornolberto2425,17,17,3,conectado
proyeccion_autor_autor,author::UCsGoJEvb-cFPZ2rWoJcXzEQ,author,@sergiohinestroza9709,48,48,1,conectado
proyeccion_autor_autor,author::UCsJJAvrVGupdmhOqgtDp8dg,author,@nestorlorenzana1168,127,127,1,conectado
proyeccion_autor_autor,author::UCsSXdJct-nsS8DsABoEsaYA,author,@IvánPérez-j4j,127,127,1,conectado
proyeccion_autor_autor,author::UCsUCN0Yq_UyTvKjOJLmNrnQ,author,@moisesvaldez4043,133,133,1,conectado
proyeccion_autor_autor,author::UCs_5qeqdku9tGAq22y3OcuQ,author,@alexandrevasquez4135,24,24,2,conectado
proyeccion_autor_autor,author::UCsjs5Hp_r86x1xbK6FAeqaA,author,@alvaroesquivel563,127,127,1,conectado
proyeccion_autor_autor,author::UCtCtts20bW6F9CSohau51Iw,author,@carlosgranados9875,31,31,1,conectado
proyeccion_autor_autor,author::UCtMBF_1O2jY2INlb_luuB_A,author,@mynorgudiel8646,24,24,2,conectado
proyeccion_autor_autor,author::UCtNfIBnc5S5DbbQj_yxgJTw,author,@JosueRamirez-ey3ih,127,127,1,conectado
proyeccion_autor_autor,author::UCtNyHmRZtvGF2hSvI2dUBWw,author,@aureliomaldonado4793,18,18,1,conectado
proyeccion_autor_autor,author::UCtUR3_CAiE7fCoZHM6cMfyQ,author,@mdelcid01,127,127,1,conectado
proyeccion_autor_autor,author::UCtiHFjFu7d5v2XxHnKFUYig,author,@Paul-gf7ec,17,17,3,conectado
proyeccion_autor_autor,author::UCtowGNY2lnlg6O2CkwDgkLg,author,@taniagabrielacelis8434,3,3,4,conectado
proyeccion_autor_autor,author::UCtsxPYw8VUsH_FfnKg-0lmw,author,@AlejandroPérez-b6r,31,31,1,conectado
proyeccion_autor_autor,author::UCu8_3-Wg-YzNyvHYQDEscfw,author,@RolandoCastroPérez-d7y,48,48,1,conectado
proyeccion_autor_autor,author::UCuP4UK33HKtJE_S39ksmaTw,author,@herbertaguilar1387,18,18,1,conectado
proyeccion_autor_autor,author::UCuXmOjxC-htcprLgeVXz6Tg,author,@jorgeaguilar-bq3uj,48,48,1,conectado
proyeccion_autor_autor,author::UCueV9cTyTDwgQSec1x2dYgA,author,@fredydomingo7062,127,127,1,conectado
proyeccion_autor_autor,author::UCujPF2nBgsTD62nWE3lcpIg,author,@victorarturoruanobautista7588,127,127,1,conectado
proyeccion_autor_autor,author::UCusjriFsDHEc2AOjqk-p5ig,author,@pablobarrios7931,18,18,1,conectado
proyeccion_autor_autor,author::UCut6b9S98nv84cVX89PmKzA,author,@yeniferaguirre4498,127,127,1,conectado
proyeccion_autor_autor,author::UCvApqeCbLod-wejtT4CcVuA,author,@davidgaher9550,127,127,1,conectado
proyeccion_autor_autor,author::UCvDwJBBY1mHK70aTEYl6rsA,author,@cristianescobedo8296,31,31,1,conectado
proyeccion_autor_autor,author::UCvcu1kR8xMYy_I1Ty-2mV2Q,author,@hashojea7348,28,29,1,conectado
proyeccion_autor_autor,author::UCvl1tzQeBeGy6efPTRJXSCw,author,@RaulPerez-cw2vi,12,12,1,conectado
proyeccion_autor_autor,author::UCwCfs-2zbD5k0lG-UVg_JBw,author,@JessicaHuaz-96,12,12,1,conectado
proyeccion_autor_autor,author::UCwEe1RKlEv1UpNWmWYfSh4w,author,@marioramirez299,15,15,1,conectado
proyeccion_autor_autor,author::UCwO2SXr0ggzwg6QWWrr01nQ,author,@ricardofigueroa5720,127,127,1,conectado
proyeccion_autor_autor,author::UCwUAv3_LpWVtTIi7lkmTL7A,author,@kingr4706,24,24,2,conectado
proyeccion_autor_autor,author::UCwW2OFy95P7ZBkOPxWkpvYg,author,@TeresaLucero-b5o,127,127,1,conectado
proyeccion_autor_autor,author::UCwgCc9Jd_gG-uLE_SY-FfPg,author,@armindapenados2841,48,48,1,conectado
proyeccion_autor_autor,author::UCwha8rxULYMVtNwZWeSkE1A,author,@mariasamo8637,127,127,1,conectado
proyeccion_autor_autor,author::UCwjUvRseNtJoItylIyIez7Q,author,@Silviazea,48,48,1,conectado
proyeccion_autor_autor,author::UCwxoKK59nGCeBqB2sXfDBIw,author,@vic-bonivideos,31,31,1,conectado
proyeccion_autor_autor,author::UCxKR3RA8T-kxMgq_2WWhRcQ,author,@elenaluarca9377,24,24,2,conectado
proyeccion_autor_autor,author::UCxcoDvP-g2_KTZDmVZtvb3w,author,@angelmartinez9523,15,15,1,conectado
proyeccion_autor_autor,author::UCxff05WuyvwELNITi7bj7UA,author,@markoherrera,127,127,1,conectado
proyeccion_autor_autor,author::UCxhtlxPV8AYWaNNyU6S9H8Q,author,@WilR-s8r,17,17,3,conectado
proyeccion_autor_autor,author::UCyJhqmMbsvjpoarBBStA2kg,author,@Murmullodelbarrio,31,31,1,conectado
proyeccion_autor_autor,author::UCySYJU5kUh7X8gVt9la2ISA,author,@dantesarti4351,127,127,1,conectado
proyeccion_autor_autor,author::UCyW68EGZey4ao_Vf2cR5Ztg,author,@ZabalaXabier,5,5,1,conectado
proyeccion_autor_autor,author::UCylqlpsh8ENNM1LqgQ1KbxA,author,@Jel.Awesh.M,174,175,1,conectado
proyeccion_autor_autor,author::UCyor0Mmm0ivLX2jIdyGp84Q,author,@MiguelJordan-n3g,1,1,6,periferico_grado_1
proyeccion_autor_autor,author::UCyzf29IYjNw67gGIfsjgtxA,author,@carlosoliva9249,24,24,2,conectado
proyeccion_autor_autor,author::UCz3gu01bmjNv0DpRq-K3XYg,author,@eusebiovasquez4385,127,127,1,conectado
proyeccion_autor_autor,author::UCzSfZlOVxBSs5ObD25ywxDQ,author,@GilmarMaldonado-q9m,127,127,1,conectado
proyeccion_autor_autor,author::UCzZ6dDCEsLMXbc5pCFXIprw,author,@josegil3813,49,49,1,conectado
proyeccion_autor_autor,author::UCzoL2l5H5eVlorWGH8AZfAg,author,@jor77cas,127,127,1,conectado
proyeccion_video_video,video::-5puKGEqcUc,video,INSIVUMEH pronostica incremento de lluvias para el fin de semana en Guatemala,0,0,2,aislado
proyeccion_video_video,video::-E7OPOLjMug,video,BERNARDO ARÉVALO CALIFICA CAMBIO EN EL MP COMO EL FIN DE UNA ETAPA DE DETERIORO INSTITUCIONAL,0,0,3,aislado
proyeccion_video_video,video::-KDglrIzRKo,video,¡HISTÓRICO! Mexico recupera petróleo robado por Guatemala... 🔔,0,0,4,aislado
proyeccion_video_video,video::-O4Pa7qS9WQ,video,"Viaje completo Ciudad de Guatemala al IRTRA de Retalhuleu, menos tráfico, Diesel a Q42.59",0,0,5,aislado
proyeccion_video_video,video::06mFNPU0aB8,video,Capturan a presuntos delincuentes disfrazados de mujer señalados de cometer asalto,1,1,1,periferico_grado_1
proyeccion_video_video,video::0LTLUY7LBlA,video,"Qué debes saber ANTES de viajar a GUATEMALA | Dónde cambiar DINERO, adquirir INTERNET y TRANSPORTE",0,0,6,aislado
proyeccion_video_video,video::0a4_g1R1-aA,video,Acciones relevantes en el #Resumen24Horas,0,0,7,aislado
proyeccion_video_video,video::0b2vfzXdCqs,video,Cadena Nacional del presidente Bernardo Arévalo,0,0,8,aislado
proyeccion_video_video,video::0eiVPMexNOo,video,CONRED se pronuncia tras sismos en el territorio nacional,0,0,9,aislado
proyeccion_video_video,video::0iQD8zHxZIg,video,SE FILTRO un AUDIO de PANDILLEROS en Guatemala | DISPUTA POLITICA  Guatemala en medio de EMERGENCIA,0,0,10,aislado
proyeccion_video_video,video::1-hr8eCOt_I,video,Este es el impacto ante el incremento del tráfico en la capital por el inicio de clases,0,0,11,aislado
proyeccion_video_video,video::1HQLJycvzaQ,video,Conferencia de Prensa del Gobierno de Guatemala. #LaRondaGt,0,0,12,aislado
proyeccion_video_video,video::1kSG-naIgqk,video,PRIMERA SEDE MIGRATORIA REGIONAL EN CHIQUIMULA,0,0,13,aislado
proyeccion_video_video,video::1w9faaYjhyU,video,Fundación de la República de Guatemala 21 marzo 1847,0,0,14,aislado
proyeccion_video_video,video::1y61Kb9uSbg,video,Departamento de Tránsito de PNC certifica a 43 PMT en Educación Vial,0,0,15,aislado
proyeccion_video_video,video::1yHN9Ci7pXs,video,Municipalidad de Guatemala informa,0,0,16,aislado
proyeccion_video_video,video::2iqOSL9YguA,video,Gabriel García Luna ya está en el MP para asumir como nuevo fiscal general,0,0,17,aislado
proyeccion_video_video,video::2n31FhKmELI,video,TRÁFICO EN GUATEMALA,0,0,18,aislado
proyeccion_video_video,video::2p23yPpu6aQ,video,#Conred,0,0,19,aislado
proyeccion_video_video,video::3-jKER3zqcA,video,VECINO VRS AGENTES DE LA PMT EN MAZATENANGO,0,0,20,aislado
proyeccion_video_video,video::3LAwISMokIg,video,MUNICIPALIDAD DE GUATEMALA 17/12/2025,0,0,21,aislado
proyeccion_video_video,video::3Nfp9h5avBI,video,"Noticiero en Directo 1 pm, 28 de Agosto de 2026",0,0,22,aislado
proyeccion_video_video,video::3P2OUk7aGmc,video,Presidente presenta Segundo Informe Presidencial en Sesión Solemne del Congreso de la República.,0,0,23,aislado
proyeccion_video_video,video::3S3KygWSjAQ,video,Himno de la Policía Nacional Civil de Guatemala,0,0,24,aislado
proyeccion_video_video,video::3bU7I_ZpXUk,video,Congreso inicia proceso para nombrar a nuevo Fiscal General en Guatemala y suceder a Consuelo Porras,0,0,25,aislado
proyeccion_video_video,video::3onMfRym3OU,video,PRIMER PUENTE DONDE ARRIBA VA EL TRÁFICO Y ABAJO UN TREN EN GUATEMALA Y AMÉRICA LATINA.,0,0,26,aislado
proyeccion_video_video,video::45xQLtMlPdo,video,"PRESIDENTE DE GUATEMALA, BERNARDO ARÉVALO SE REFIERE AL “DÍA INTERNACIONAL DE LA LIBERTAD DE PRENSA”",0,0,27,aislado
proyeccion_video_video,video::4DD1nlxWk2s,video,Fuertes LLUVIAS en el JABALI; a si luce una Tarde de Tormenta 😱,0,0,28,aislado
proyeccion_video_video,video::4FUed7cIhPU,video,El Sistema CONRED y el Gobierno de Guatemala trabajan unidos para atender emergencias.,0,0,29,aislado
proyeccion_video_video,video::4H6w9FQAcS8,video,"Avances en temas de economía, precios de los combustibles y otros temas de interés nacional.",0,0,30,aislado
proyeccion_video_video,video::5DRG-WGTq1k,video,El Sistema CONRED continúa activo y trabajando de manera coordinada #VolcánDeFuego.,0,0,31,aislado
proyeccion_video_video,video::5MFnG5B7ric,video,Municipalidad de Guatemala   09/07/2025,0,0,32,aislado
proyeccion_video_video,video::5OhxjDvuYbQ,video,"Operativos PMT ""Cero Tolerancia"" para fin de año",0,0,33,aislado
proyeccion_video_video,video::5UNxNfcSzG4,video,Distinción del Cambio de la Rosa de la Paz a Pedro Castro López del INACOP,0,0,34,aislado
proyeccion_video_video,video::5Y7fntl6Rc8,video,Cómo llegar a TIKAL desde Ciudad de GUATEMALA en autobús o en Avión | transporte a PETÉN,0,0,35,aislado
proyeccion_video_video,video::5nw9G1vwnYY,video,Actriz guatemalteca caracteriza a Consuelo Porras frente al MP por salida del cargo,0,0,36,aislado
proyeccion_video_video,video::677N9cx_kKE,video,Carlos Pineda Seguridad I - Guatemala tiene solución | Ep. 2,0,0,37,aislado
proyeccion_video_video,video::6KlI_geqPOI,video,Conferencia de Prensa del Gobierno de Guatemala. #LaRondaGt.,0,0,38,aislado
proyeccion_video_video,video::6W4u8sGEnGM,video,Inician los trabajos de recuperación del Puente Belice II.,2,2,1,conectado
proyeccion_video_video,video::6Wf0ItQUaDU,video,“Queremos generar 60 mil empleos”: Victorino Carranza revela el plan y las pérdidas de la Gremipe,0,0,39,aislado
proyeccion_video_video,video::6y3KQmmg3Oc,video,Noticiero El Informativo. Nuestra semana de resultados.,0,0,40,aislado
proyeccion_video_video,video::6z2Psav9Onw,video,Conferencia de Prensa del Gobierno de Guatemala. #LaRondaGt,0,0,41,aislado
proyeccion_video_video,video::74F3Mn_NWoE,video,"Acto de Graduación de los Cursos de Formación, Ascenso y Especialización Policial de la PNC.",0,0,42,aislado
proyeccion_video_video,video::7JerBdHtkWA,video,Cambio de horarios en Municipalidad de Guatemala,0,0,43,aislado
proyeccion_video_video,video::7hfUg8Z-W2o,video,Conferencia de Prensa del Gobierno de Guatemala. #LaRondaGt.,0,0,44,aislado
proyeccion_video_video,video::7kuHyjwuE_o,video,Centro Municipal de Emprendimiento - Municipalidad de Guatemala,0,0,45,aislado
proyeccion_video_video,video::7mdtGeIHQnE,video,"#LHEnContexto: Gestión de riesgos en GUATEMALA: Lo que debes saber, explicado por la CONRED",0,0,46,aislado
proyeccion_video_video,video::8CuQ2_HTaN0,video,Conferencia de Prensa del Gobierno de Guatemala.,0,0,47,aislado
proyeccion_video_video,video::8n6momRcC04,video,Mantenimiento constante,0,0,48,aislado
proyeccion_video_video,video::90oVm0P4_9Q,video,"El MINGOB a través del Viceministerio de Seguridad, combate  el crimen organizado.",0,0,49,aislado
proyeccion_video_video,video::9BIrwWQUdb8,video,"Capturan a ""guardián"" de parqueo utilizado por la mara Salvatrucha e incautan 5 vehículos robados.",0,0,50,aislado
proyeccion_video_video,video::9Jacxvi9umU,video,Los responsables de bloquear información en Guatecompras,0,0,51,aislado
proyeccion_video_video,video::9XFVeHiWDTo,video,En #LaRondaGT conoce las acciones que impulsamos para modernizar los puertos y aeropuertos del país.,0,0,52,aislado
proyeccion_video_video,video::9h7d1iDFaqo,video,Vuelve el tráfico lento en la ciudad capital,0,0,53,aislado
proyeccion_video_video,video::9wHujSu-nbQ,video,Quorum,0,0,54,aislado
proyeccion_video_video,video::AHzfpOL5sgw,video,Sistema de gobierno de Guatemala 🇬🇹,0,0,55,aislado
proyeccion_video_video,video::Aa7hIDCRh3g,video,Este BUS me LLEVO a UN PARAISO EN GUATEMALA,0,0,56,aislado
proyeccion_video_video,video::AakUTlieyH0,video,Crisis de seguridad en Guatemala,0,0,57,aislado
proyeccion_video_video,video::Ab0RrbzxyBU,video,Municipalidad de Guatemala 17/11/2025,0,0,58,aislado
proyeccion_video_video,video::AlbPEU3rbZs,video,Conferencia de Prensa del Gobierno de Guatemala. #LaRondaGt,0,0,59,aislado
proyeccion_video_video,video::ArljwpsURdY,video,"Entrevista especial con Claudinne Ogaldes, Secretaria Ejecutiva de la SE-CONRED",0,0,60,aislado
proyeccion_video_video,video::B60bWqpVUIE,video,Así es el transporte público en Ciudad de Guatemala,0,0,61,aislado
proyeccion_video_video,video::BLc_KXPng9g,video,Conferencia de Prensa del Gobierno de Guatemala. #LaRondaGT,0,0,62,aislado
proyeccion_video_video,video::BUNeDEi0yVU,video,CIV LICITACIÓN 800 KM 110717,0,0,63,aislado
proyeccion_video_video,video::BW41jT3t3oI,video,Provial,0,0,64,aislado
proyeccion_video_video,video::BbAeamItalk,video,ZARAGOZA DA UN PASO HACIA EL FORTALECIMIENTO DEL DEPORTE CON NUEVA CIUDAD DEPORTIVA,0,0,65,aislado
proyeccion_video_video,video::Bdn2nxDqQ90,video,Video Viral de PMT / GUATEMALA,0,0,66,aislado
proyeccion_video_video,video::Bi34XvRV6AM,video,Plan de Evacuación CONRED,0,0,67,aislado
proyeccion_video_video,video::BnZFUzpEDe4,video,Municipalidad de Guatemala se moderniza,0,0,68,aislado
proyeccion_video_video,video::Boj5GILjbI0,video,"Spot Rendición de Cuentas, segundo cuatrimestre 2023 - 2",0,0,69,aislado
proyeccion_video_video,video::Bp4LtQT8Hk0,video,"Ciudad de Guatemala, el mejor lugar para vivir",0,0,70,aislado
proyeccion_video_video,video::C5hJmAhpMMQ,video,"YOUTUBE PUNTO DE ENFOQUE MARIO MEJÍA, SUBDIRECTOR DE INSIVUMEH",0,0,71,aislado
proyeccion_video_video,video::C8wk4HWwWyM,video,Duro golpe al crimen organizado en Granja Penal de Pavón.,0,0,72,aislado
proyeccion_video_video,video::CDg6kLRfiqQ,video,Acciones relevantes en el #Resumen24Horas,0,0,73,aislado
proyeccion_video_video,video::CJQ46Hr4HcU,video,Municipalidad de Guatemala  19/12/2025,0,0,74,aislado
proyeccion_video_video,video::D3fRGjqHeHI,video,"Spot Rendición de Cuentas, segundo cuatrimestre 2023 - 1",0,0,75,aislado
proyeccion_video_video,video::D4CEpAfkkPI,video,Policías arremeten contra agente de PMT en zona 10,0,0,76,aislado
proyeccion_video_video,video::DBvMeKT4gzo,video,La Familia MÁS RICA de GUATEMALA… Ni la Guerra les Quitó el Trono y Hoy son DUEÑOS de tu CERVEZA,0,0,77,aislado
proyeccion_video_video,video::DC1_qrLUvHI,video,Municipalidad de Guatemala 26/08/2026,0,0,78,aislado
proyeccion_video_video,video::DMAKF8n0XJs,video,Guatemala TV • ID (2024-2026),0,0,79,aislado
proyeccion_video_video,video::DX5eT-hVU8Q,video,250 años Ciudad de Guatemala,0,0,80,aislado
proyeccion_video_video,video::DkxSkQipYwo,video,PRESIDENTE BERNARDO ARÉVALO PARTICIPA EN EL ACTO CONMEMORATIVO DEL DÍA DEL EJÉRCITO,0,0,81,aislado
proyeccion_video_video,video::EGfy1BxGLIk,video,Colabore con las medidas de la PMT,0,0,82,aislado
proyeccion_video_video,video::ELhvo8YnYnI,video,Insivumeh prevé lluvias fuertes por dos ondas del este,0,0,83,aislado
proyeccion_video_video,video::EQDcEgFpXCk,video,Guatemala: Gobierno refuerza lucha contra las pandillas en medio de crisis de seguridad,0,0,84,aislado
proyeccion_video_video,video::EZfm-05qtWo,video,Municipalidad de Guatemala prepara plan de actividades en Semana Santa 2023,0,0,85,aislado
proyeccion_video_video,video::F72Rdq5crG4,video,Cambios en el Ministerio de Comunicaciones: Salen Lizzette Benítez y Adrián Zapata Alamilla,0,0,86,aislado
proyeccion_video_video,video::FEc1BCuBiDg,video,¡Estamos con ustedes!,0,0,87,aislado
proyeccion_video_video,video::FQP4JTo9ShA,video,Rafael Carrera y el nacimiento de Guatemala,0,0,88,aislado
proyeccion_video_video,video::FU5zLTb4inc,video,#EnVivoDCA | Conferencia de prensa del Gobierno de Guatemala,0,0,89,aislado
proyeccion_video_video,video::Fapc1-8m5Zc,video,Municipalidad de Guatemala 21/11/2025,0,0,90,aislado
proyeccion_video_video,video::Fb2Ccfq5S9w,video,Reo y su esposa fueron asesinados dentro del Preventivo de zona 18,0,0,91,aislado
proyeccion_video_video,video::FuTz67jS7m0,video,124 nuevos brigadas refuerzan la seguridad vial en Guatemala,0,0,92,aislado
proyeccion_video_video,video::G2u4Rbq7zU4,video,Arévalo anuncia nueva cárcel de máxima seguridad en Guatemala,0,0,93,aislado
proyeccion_video_video,video::GgU7qhmf020,video,Sueños GT: educación para la niñez de vendedores ambulantes en Antigua | Super - Episodio 1,0,0,94,aislado
proyeccion_video_video,video::GjGMSFSE1gY,video,"“Gracias a dios, no hay reelección” 🤡",0,0,95,aislado
proyeccion_video_video,video::HMJXf1VdM5E,video,Lluvia inusual de Martes Santo provoca inundaciones en zona 1 de Villa Nueva,0,0,96,aislado
proyeccion_video_video,video::H_TGv_cMwww,video,PMT: La fuerza laboral reguladora del tránsito más grande,0,0,97,aislado
proyeccion_video_video,video::I277M6i4jnY,video,Gestión del Riesgo de Desastres desde las comunidades.,0,0,98,aislado
proyeccion_video_video,video::IZLflL4Hgco,video,El ciudadano Toriello da un paso al frente,0,0,99,aislado
proyeccion_video_video,video::IcF9rRdAtp8,video,Ministro de Comunicaciones Alejandro Sinibaldi realiza supervisión en la Ruta CA-1 Occidente,0,0,100,aislado
proyeccion_video_video,video::J6ctng-yAnI,video,CIV PROVIAL GRADUACIÓN XV PROMOCIÓN BRIGADAS 140619,0,0,101,aislado
proyeccion_video_video,video::JErfmk-TlRg,video,Rendición de Cuentas - Primer Cuatrimestre 2023,0,0,102,aislado
proyeccion_video_video,video::J_HBzJUTOus,video,Presentan estrategia nacional para prevenir violencia durante recorridos de antorchas,0,0,103,aislado
proyeccion_video_video,video::JdxHJkQjM50,video,🚡 ¿Cómo va avanzando #AeroMetroGT?,0,0,104,aislado
proyeccion_video_video,video::JgmCtBQWNL8,video,Conferencia de Prensa del Gobierno de Guatemala. #LaRondaGt,0,0,105,aislado
proyeccion_video_video,video::JkpVO1hx2f8,video,10 Preguntas a un año del Paro Nacional,0,0,106,aislado
proyeccion_video_video,video::Jr1hJ92H_Nc,video,"#SinMáscaras | GUERRA SUCIA PERO SUCIA EN SERIO LLEGA A TV AZTECA CON AMPARO, CAMIN Y CASTAÑEDA",0,0,107,aislado
proyeccion_video_video,video::K1IA6oTGws8,video,#EnVivoDCA | Conferencia de prensa del Gobierno de Guatemala,0,0,108,aislado
proyeccion_video_video,video::K2qWcueeMOc,video,#EnvivoDCA | Conferencia de prensa de Gobierno de Guatemala,0,0,109,aislado
proyeccion_video_video,video::K50uijsHnAM,video,Informe desde Ciudad de Guatemala: crisis de seguridad tras ataques contra la Policía,0,0,110,aislado
proyeccion_video_video,video::KIO6wIJXYY0,video,"Se tiene que cambiar el sistema electoral en Guatemala, asegura exfiscal",0,0,111,aislado
proyeccion_video_video,video::KWCyMd4dxkY,video,Recorrido de los 21K BAM de la Municipalidad de Guatemala,0,0,112,aislado
proyeccion_video_video,video::KkNQhX_kg8A,video,🇬🇹HISTORIA de GUATEMALA en 17 minutos🇬🇹 - El Mapa de Sebas,0,0,113,aislado
proyeccion_video_video,video::LRzZy8xBrjA,video,Conferencia de prensa ante el incremento de los combustibles.,0,0,114,aislado
proyeccion_video_video,video::LeN6wpNIB-4,video,GUATEMALA RECIBE 135 NICARAGUENESES LIBERADOS POR ORTEGA,0,0,115,aislado
proyeccion_video_video,video::LqY_vAsa4PY,video,“Guatemala: Una historia escrita con corrupción”,0,0,116,aislado
proyeccion_video_video,video::MMECHN8SFNw,video,"Noticiero en Directo 1 pm, 27 de Agosto de 2026",0,0,117,aislado
proyeccion_video_video,video::MRJ9mKnXR9M,video,Labor de la PMT es honesta aseguran vecinos,0,0,118,aislado
proyeccion_video_video,video::MdIa2Dtj77I,video,"Consejos para tu viaje a Guatemala: hospedaje, telefonía, transporte y más!   ✈️ 🇬🇹",0,0,119,aislado
proyeccion_video_video,video::Mh94uXZvCLo,video,DE LOS BOTS AL RECHAZO: CERIMEDO Y LA “GUERRILLA DE LAS REDES” | CAPÍTULO 3 DE 8,0,0,120,aislado
proyeccion_video_video,video::Mme4XikKnlc,video,Municipalidad anuncia 111 nuevos autobuses y 17 rutas para mejorar el transporte en la capital,0,0,121,aislado
proyeccion_video_video,video::N1QkRu38BFE,video,¡YA CAYÓ ALITO MORENO! ALERTA LO DESTITUYEN DIPUTADOS VOTAN PARA SACARLO DEL SENADO! CLAUDIA INFORMA,0,0,122,aislado
proyeccion_video_video,video::NCvoO61aIfw,video,Ya casi! Así avanza el Aerómetro que cambiará el transporte en Guatemala,0,0,123,aislado
proyeccion_video_video,video::NcIcixCdQH4,video,PNC garantiza seguridad a turistas que visitan el colcán de Agua,0,0,124,aislado
proyeccion_video_video,video::Nc_Iy0MriYw,video,🛑🛑Actualización PROVIAL🛑🛑,0,0,125,aislado
proyeccion_video_video,video::NnKpTEfhWjI,video,✅ ASÍ es una EXHIBICION DE BUSES EN GUATEMALA,0,0,126,aislado
proyeccion_video_video,video::O6gI0ooBM3E,video,¿Cómo es el tráfico en Guatemala? 56 días perdidos cada año y una emergencia nacional,0,0,127,aislado
proyeccion_video_video,video::OXf_VvvyIDw,video,Municipalidad de Guatemala 31/08/2026,0,0,128,aislado
proyeccion_video_video,video::OgOICSTSa7k,video,¡DÉJAME VIVIR! GUATEMALA INTENSIFICA LA LUCHA CONTRA LA CACERÍA ILEGAL DE FAUNA SILVESTRE,0,0,129,aislado
proyeccion_video_video,video::OkXlHx0hx-8,video,EE.UU. envía a mexicanos deportados a Guatemala antes de su regreso a México | Noticias Telemundo,0,0,130,aislado
proyeccion_video_video,video::On7jqOm1bpg,video,🌟Seguimos avanzando🌱,0,0,131,aislado
proyeccion_video_video,video::Oy6sKBhduu4,video,"Realizan Reunión Ordinaria de #CODEDE, 25 de febrero 2025.",0,0,132,aislado
proyeccion_video_video,video::Oztw_Hta52I,video,TRAFICO EN GUATEMALA,0,0,133,aislado
proyeccion_video_video,video::PMaSDoG0H1U,video,¿Adiós al tráfico? Así es la nueva carretera Radial 6 para Guatemala,0,0,134,aislado
proyeccion_video_video,video::Pg1qw0KJI4E,video,"Surgen detalles de la masacre en Boca del Monte: madre de un bombero e influencer, entre víctimas",0,0,135,aislado
proyeccion_video_video,video::PjmxCj-a9Hg,video,Conferencia de Prensa del Gobierno de Guatemala. #LaRondaGt,2,2,1,conectado
proyeccion_video_video,video::Q-MNTYsZgk4,video,¿Qué ha pasado con la contaminación del aire?,0,0,136,aislado
proyeccion_video_video,video::Q7j1OUxkn9w,video,Dañan puerta del área de parqueo del Congreso,0,0,137,aislado
proyeccion_video_video,video::Q7nhEeibBK4,video,Desfile navideño 2024  -   @MunicipalidaddeGuatemala-1551,0,0,138,aislado
proyeccion_video_video,video::QUG4etpjgos,video,Guatemala Habla sobre la seguridad en el país,0,0,139,aislado
proyeccion_video_video,video::Qc_oHqe4Cjc,video,QUÉ GUARDAS EN LA CINTURA?  🔫🥕🥓🐷🤔@lilyvlogs6899 @ElJuanete1987 @Soychap1n @SimplementeFlori,0,0,140,aislado
proyeccion_video_video,video::R-fRv_WoZOE,video,Conferencia de Prensa del Gobierno de Guatemala. #LaRondaGT,0,0,141,aislado
proyeccion_video_video,video::RIpKKQh26cg,video,Ejército de Guatemala descubre túnel para fuga masiva en penal de Pavón,0,0,142,aislado
proyeccion_video_video,video::RjG-y7Y2-k4,video,#EnVivoDCA | Conferencia de prensa del Gobierno de Guatemala,0,0,143,aislado
proyeccion_video_video,video::Rk-3ks9mh3o,video,CIV ✔️ garantiza transparencia 🔍 y rendición de cuentas📝,0,0,144,aislado
proyeccion_video_video,video::ShYWqmOpjFk,video,Ministro de Comunicaciones reitera sobre avances en ruta Palín-Escuintla,0,0,145,aislado
proyeccion_video_video,video::SryjaiL2B4Q,video,#EnVivoDCA | Conferencia de prensa del Gobierno de Guatemala,0,0,146,aislado
proyeccion_video_video,video::THY2YBne3QE,video,"Los ALUCINANTES autobuses de Guatemala | ""Burras""",0,0,147,aislado
proyeccion_video_video,video::TSID63-IC3Y,video,Operativo Relámpago de -PROVIAL - DGT - DIACO -  en 41 Calle Zona 8 de la ciudad Capital.,0,0,148,aislado
proyeccion_video_video,video::TT4qJ5FXHYE,video,"I’x K’at: el primer equipo guatemalteco de pelota maya, conformado únicamente por mujeres.",0,0,149,aislado
proyeccion_video_video,video::TTijnAoFnzY,video,Conred reprograma simulacro nacional para el 24 de febrero,0,0,150,aislado
proyeccion_video_video,video::TXlMv6bt25w,video,"Más de 42 mil afectados por lluvias en Guatemala; Conred reporta 1,046 emergencias",0,0,151,aislado
proyeccion_video_video,video::TnZGNY1RsJE,video,Festival navideño 2025 @MunicipalidaddeGuatemala-1551,0,0,152,aislado
proyeccion_video_video,video::UDFS8gl80h8,video,#AprendeConCONRED qué es el Sistema CONRED y quienes lo conforman.,0,0,153,aislado
proyeccion_video_video,video::UTf26hS1UJ8,video,🚦💙 PROVIAL: Proteger y Servir,0,0,154,aislado
proyeccion_video_video,video::UcvHq8j-J38,video,"Ministerio de Comunicaciones, Infraestructura y Vivienda y los Consejos de Desarrollo",0,0,155,aislado
proyeccion_video_video,video::UhL9y3KUl8E,video,SHAI WA: la vecina queer de Casa Presidencial,0,0,156,aislado
proyeccion_video_video,video::UzeOcBM9cuU,video,Conred Podcast Episodio 04: Amenaza sísmica y volcánica en Guatemala,0,0,157,aislado
proyeccion_video_video,video::VfBrLONPnFM,video,ME quité el MIEDO de viajar en los buses de GUATEMALA 🔥,0,0,158,aislado
proyeccion_video_video,video::VgcpKa1h_2Q,video,CONQUISTA LA CIUDAD / 21K BAM de la Municipalidad de Guatemala,0,0,159,aislado
proyeccion_video_video,video::VuIl4tjeKGQ,video,La ciudad sigue modernizándose para ti y tu familia.,0,0,160,aislado
proyeccion_video_video,video::W415t12o3DA,video,Mujer con crisis nerviosa tras intento de asalto,0,0,161,aislado
proyeccion_video_video,video::WIUZtitfLRw,video,Caminar en una ciudad hecha para carros,2,2,1,conectado
proyeccion_video_video,video::WQcgx8rs0Qo,video,"PMT SE BURL4 DE UN MOTORISTA D1SC4PACIT4D0, DISCULPESE POR FAVOR VILLA NUEVA, GUATEMALA.",0,0,162,aislado
proyeccion_video_video,video::WXA2Apo79jA,video,Resumen de atención a Emergencias CIV,0,0,163,aislado
proyeccion_video_video,video::WXgGL9rZUHo,video,#EnvivoDCA | Conferencia de prensa del Gobierno de Guatemala,0,0,164,aislado
proyeccion_video_video,video::XLkVzqqL34Q,video,Nueva Mega Autopista Xochi en Guatemala 🇬🇹 ¿Vale la pena? (Te ahorra hasta 3 horas),0,0,165,aislado
proyeccion_video_video,video::XVZM15KVXjM,video,Conoce sobre la actualización de la Norma para la Reducción de Desastres número 2 (NRD2).,0,0,166,aislado
proyeccion_video_video,video::X_FAIef8qlE,video,Cruzando la ciudad a puro Transmetro,0,0,167,aislado
proyeccion_video_video,video::XktDG8dmcd0,video,Torrenciales lluvias dejan decenas de muertos y miles de evacuados,0,0,168,aislado
proyeccion_video_video,video::YJohmVLc9QA,video,How to Get Around Guatemala: Complete Transportation Guide (2026),0,0,169,aislado
proyeccion_video_video,video::YLFXK2c60Xc,video,Por estas razones el 65% de las denuncias por violación en Guatemala nunca llega a un tribunal,0,0,170,aislado
proyeccion_video_video,video::YSsECnqTVik,video,Suscriben convenios para transferencia de fondos a CAIMUS y entidades especializadas,0,0,171,aislado
proyeccion_video_video,video::ZHJoIah2Owo,video,Conoce como funciona el Sistema Conred  #laprevenciónestareadetodos,0,0,172,aislado
proyeccion_video_video,video::ZNwStkzWgso,video,Elección judicial en Guatemala: Astrid Lemus y Luis Bermejo electos para corte de constitucionalidad,0,0,173,aislado
proyeccion_video_video,video::ZPBiWdHXg20,video,Piloto de tráiler accidentado en ruta al Atlántico era un menor y murió en el lugar,0,0,174,aislado
proyeccion_video_video,video::ZS74P3DnykA,video,"Policía Nacional Civil gradúa 3,978 nuevos agentes",0,0,175,aislado
proyeccion_video_video,video::Z_pWnOi7oRw,video,#EnVivoDCA | Conferencia de prensa del Gobierno de Guatemala,0,0,176,aislado
proyeccion_video_video,video::ZhrDgVZkhg4,video,FORMACION BRIGADA DE PROVIAL,0,0,177,aislado
proyeccion_video_video,video::_1VIxOLyaUQ,video,Sonido de trafico y ciudad 💤 ruido de calle para dormir bebés y relajarse,0,0,178,aislado
proyeccion_video_video,video::_3kK0or6QI0,video,PROVIAL guatemala,0,0,179,aislado
proyeccion_video_video,video::_Lcbi4NCHRA,video,Tercer Informe General de la República,0,0,180,aislado
proyeccion_video_video,video::_NSq2q0mzCY,video,42K y 21K MuniGuate 🏃🏻🏃🏻‍♀️,0,0,181,aislado
proyeccion_video_video,video::_cUZT7LMKE0,video,Conferencia de Prensa del Gobierno de Guatemala. #LaRondaGt,0,0,182,aislado
proyeccion_video_video,video::a2zgl-1KZwY,video,#CadenaNacional | Mensaje del Presidente Bernardo Arévalo a la nación,0,0,183,aislado
proyeccion_video_video,video::a3QGSpNx9Mg,video,Guatemala ya no aguanta el tráfico… ¿Funcionará el Aerómetro?,0,0,184,aislado
proyeccion_video_video,video::a6QFfhpY53g,video,Provial Informa,0,0,185,aislado
proyeccion_video_video,video::aRKgOSxgsF0,video,@GobiernodeGuatemala,0,0,186,aislado
proyeccion_video_video,video::aSbvMYJhmCc,video,Policía Nacional Civil,0,0,187,aislado
proyeccion_video_video,video::a_kAe9IhBbo,video,Tráiler impacta pasarela en Aguilar Batres y provoca cierre parcial hacia la capital,0,0,188,aislado
proyeccion_video_video,video::ahicr7fQREY,video,Conred Podcast Episodio 9: Servidores Cívicos construyendo una cultura de prevención,0,0,189,aislado
proyeccion_video_video,video::almmnboHkwM,video,Se mueve Guate 🚌,0,0,190,aislado
proyeccion_video_video,video::anFbrgqxdzY,video,Horas Antes del Big One | Dentro de Ciudad de Guatemala Exactamente Antes del Terremoto (1976),0,0,191,aislado
proyeccion_video_video,video::aoz2j4TTl4E,video,Rutas Alternas a partir del lunes 03 de agosto por avances de #AeroMetroGT,0,0,192,aislado
proyeccion_video_video,video::bBz8nX4pMxc,video,Conred e Insivumeh informan sobre sismos en Guatemala este 31 de julio,0,0,193,aislado
proyeccion_video_video,video::bMoENbSBSNs,video,¿Por qué Guatemala es una República? El decreto del 21 de marzo de 1847 y Rafael Carrera,0,0,194,aislado
proyeccion_video_video,video::b_Hkrkl3adA,video,Bloqueos en Guatemala este 31 de agosto por alza en combustibles afectan rutas principales,1,1,1,periferico_grado_1
proyeccion_video_video,video::bg1KCMaIrRM,video,"¡Atención, vecinos!",0,0,195,aislado
proyeccion_video_video,video::bzosgvntOXU,video,Municipalidad de Guatemala 05/09/2025,0,0,196,aislado
proyeccion_video_video,video::cl3Rpw9MstQ,video,Municipalidad de Guatemala sigue trabajando,0,0,197,aislado
proyeccion_video_video,video::cpoiRUtF9uU,video,Congreso termina jornada sin acuerdos para aliviar precio de combustibles #ALAS7AM (02/09/2026),0,0,198,aislado
proyeccion_video_video,video::csqia7f3OIE,video,SISTEMA CONRED Y METODOLOGÍA DE LOS 6 PASOS,0,0,199,aislado
proyeccion_video_video,video::d-V_Aw1t6nI,video,Graduacion  de la 57 Promocion  de la Policia Nacional Civil  de Guatemala.,0,0,200,aislado
proyeccion_video_video,video::dJcNu9YYwh4,video,"Lluvias, ceniza y calor extremo: así estará el clima en Guatemala, según Insivumeh",0,0,201,aislado
proyeccion_video_video,video::dLctzx8qCgA,video,¿Cómo la CIA ALTERÓ el DESTINO de GUATEMALA para siempre?,0,0,202,aislado
proyeccion_video_video,video::dWhSTyhegeQ,video,Personal de Provial explica de empresas que verificarán implementación de limitadores de velocidad,0,0,203,aislado
proyeccion_video_video,video::dccwBXfxxiI,video,¡Espacios iluminados y seguros!,0,0,204,aislado
proyeccion_video_video,video::dsyLiSCrwcU,video,"3 KIEBRES ES DOLOROSO QUE EN CHIQUIMULA AÚN HAY COMUNIDADES SIN ENERGÍA ELÉCTRICA, GUATEMALA.",0,0,205,aislado
proyeccion_video_video,video::dvy9rQpqLWY,video,Conferencia de Prensa del Gobierno de Guatemala. #LaRondaGT,0,0,206,aislado
proyeccion_video_video,video::dya9nbxqWXE,video,ANDY EL MUÑEQUITO TRABAJADOR 🥴🏍🥴🤣@Soychap1n @lucilaylossinar @lilyvlogs6899,0,0,207,aislado
proyeccion_video_video,video::ebbgBtNrRz8,video,Las fuertes lluvias en Guatemala dejan al menos tres fallecidos en zonas rurales | Telemundo,0,0,208,aislado
proyeccion_video_video,video::ewdf3q1tuCA,video,INTERPOL Guatemala captura a mujer por prostituir a señoritas,0,0,209,aislado
proyeccion_video_video,video::fBljA_npiMs,video,Refuerzan acciones para prevenir y combatir la trata de personas,0,0,210,aislado
proyeccion_video_video,video::fenMcON-DjY,video,Encendido del Fuego Patrio y Mensaje Vicepresidencial,0,0,211,aislado
proyeccion_video_video,video::ffguGnMImL0,video,CIV inicia trabajos de bacheo y limpieza en las diferentes rutas del país,0,0,212,aislado
proyeccion_video_video,video::g0aCNpZaAZ8,video,PMT de Guatemala es ejemplo para otros municipios,0,0,213,aislado
proyeccion_video_video,video::gF42rhVhP8w,video,Tenemos un gran problema con la seguridad de las construcciones en Guatemala,0,0,214,aislado
proyeccion_video_video,video::gbcggAMJczg,video,Dionel  Art s Vídeo danzando con la muerte,0,0,215,aislado
proyeccion_video_video,video::go4jAhCJS0w,video,Así reaccionaría la guardia presidencial de la Saas en caso de una emergencia,0,0,216,aislado
proyeccion_video_video,video::hGOvuWe8P3Q,video,🔴ENTREGAN A NOROÑA ALITO NEGOCIA CON MONREAL PREPARAN MEGÁFONOS PORROS DEL PRIAN,0,0,217,aislado
proyeccion_video_video,video::hy0mwEHr6V0,video,MI3 será utilizado dentro de las evaluaciones a aspirantes a PNC,0,0,218,aislado
proyeccion_video_video,video::iBX5DMQSf3s,video,Conmemoramos el 153 Aniversario de la Escuela Politécnica y Día del cadete.,0,0,219,aislado
proyeccion_video_video,video::iCbGedZRRE8,video,Conferencia de Prensa del Gobierno de Guatemala. #LaRondaGT,0,0,220,aislado
proyeccion_video_video,video::iEmScdnYQdg,video,La nueva ruta que evita El Trébol,0,0,221,aislado
proyeccion_video_video,video::iWYddxEszoM,video,#EnVivoDCA | Conferencia de prensa del Gobierno de Guatemala,0,0,222,aislado
proyeccion_video_video,video::iacCQ4VyWWc,video,"Los conservadores y los liberales, Historia de Guatemala",0,0,223,aislado
proyeccion_video_video,video::ifJFNGT4azU,video,Podcast Guatemala Ahora Yo Se: Medidas De Seguridad Con el Lic. Ariel Yos y el Lic. Gabriel Quiñones,0,0,224,aislado
proyeccion_video_video,video::is3Mk5oC19g,video,Capturan a ladrón que había quedado grabado mientras robaba en una parroquia de Retalhuleu,1,1,1,periferico_grado_1
proyeccion_video_video,video::j43HgwYFKfk,video,La cooptación de Walter Mazariegos en la USAC,3,4,1,conectado
proyeccion_video_video,video::j4akBH678fw,video,El paso a desnivel Calzada Roosevelt lleva más conexión y mejor movilidad para la población.,0,0,225,aislado
proyeccion_video_video,video::jQGvhMPMuAI,video,#DiálogoCentral | El clima de la semana: adiós a la canícula ¿llegan las lluvias? 🌦️,0,0,226,aislado
proyeccion_video_video,video::jSw-nFh94qQ,video,Gobernación promueve espacios de sana convivencia,0,0,227,aislado
proyeccion_video_video,video::kaZgtwqwLrI,video,@rumzacapait @GobiernodeGuatemala,0,0,228,aislado
proyeccion_video_video,video::kjwvEESqSHA,video,¿VALE la PENA VIAJAR de GUATEMALA a  XELA en BUS?  Descúbrelo,0,0,229,aislado
proyeccion_video_video,video::l-mH80ygqFY,video,Avances en proyectos municipales por el desarrollo y bienestar en la ciudad.,0,0,230,aislado
proyeccion_video_video,video::lAsODhYGcTE,video,Gobierno busca a toda costa sacar a Consuelo Porras,0,0,231,aislado
proyeccion_video_video,video::lNuxq8OKCpc,video,Lluvias convierten calles en ríos en Villa Nueva y San Miguel Petapa,0,0,232,aislado
proyeccion_video_video,video::lYyGqHAL5nM,video,Comuna lanzó nueva imagen de la PM y PMT,0,0,233,aislado
proyeccion_video_video,video::lj983NWyAQY,video,Plan 2032 Ciudad de Guatemala,0,0,234,aislado
proyeccion_video_video,video::lkdwGwrJKeM,video,🇬🇹 ¿Es seguro VIAJAR a Guatemala? Consejos prácticos para que todo te salga bien,0,0,235,aislado
proyeccion_video_video,video::mCoOL2p0il4,video,Municipalidad de Guatemala   08/08/2025,0,0,236,aislado
proyeccion_video_video,video::mPtR2HskBTE,video,Municipalidad de Guatemala   17/02/2025,0,0,237,aislado
proyeccion_video_video,video::mQH6bhmp_LY,video,Quorum: ¿Cómo investigamos la crisis del agua?,0,0,238,aislado
proyeccion_video_video,video::n31eyGuRKqo,video,El tráfico en Guatemala nos está enfermando - TanGente Salud Mental,0,0,239,aislado
proyeccion_video_video,video::n4xHxJPNr78,video,🚫LOS FAMOSOS BUSES ESMERALDA los mas RÁPIDOS DE GUATEMALA 😱,0,0,240,aislado
proyeccion_video_video,video::n8iP75gIpmw,video,Qué rico come tu diputado,4,5,1,conectado
proyeccion_video_video,video::nKJhNH86HGE,video,Se realiza taller de UNICEF sobre el plan de acción de la política pública contra la violencia sexua,0,0,241,aislado
proyeccion_video_video,video::nPbC8-Ebat4,video,Pareja de sicarios capturada tras ataque armado contra piloto de autobús,0,0,242,aislado
proyeccion_video_video,video::ncOU7iZR5jY,video,Carlos Pineda y Andre Pozuelos | Seguridad II- Guatemala tiene solución | Ep. 3,0,0,243,aislado
proyeccion_video_video,video::ndAZjHqzzT8,video,Internet: escoger el menos malo,4,5,1,conectado
proyeccion_video_video,video::nhhXiHI4rrw,video,Policía Nacional Civil participa en desfile del día del Ejército. #ProtegerYServir,0,0,244,aislado
proyeccion_video_video,video::nv6wMdQ997Q,video,PMT en todo,0,0,245,aislado
proyeccion_video_video,video::pNInRBsPbHE,video,Encuentro por el agua,0,0,246,aislado
proyeccion_video_video,video::qFsSnnRdJBg,video,Avanza construcción de la Estrategia Nacional de Datos Abiertos,0,0,247,aislado
proyeccion_video_video,video::qrdEegnTnaY,video,XVII Promoción de Brigadas PROVIAL,0,0,248,aislado
proyeccion_video_video,video::rNpBtQXUMbE,video,PMT es ejemplo en Guatemala,0,0,249,aislado
proyeccion_video_video,video::rQEb4el3Lok,video,"Policía Nacional Civil en busca de mareros, imitadores y colaboradores de grupos delictivos",0,0,250,aislado
proyeccion_video_video,video::rSQKmOX1Tfc,video,TU VIDA VALE  PROVIAL  TIEMPO AZUL & PAOLA PÉRLOP,0,0,251,aislado
proyeccion_video_video,video::rjFut_yJcr8,video,Ministro de CIV conversó sobre los retos  actuales de la infraestructura vial en Guatemala,0,0,252,aislado
proyeccion_video_video,video::s0eco-BofOs,video,¿Quiénes pagan más en Centroamérica?,0,0,253,aislado
proyeccion_video_video,video::sAPrXzrdstM,video,Funciones del Ministerio de Gobernación,0,0,254,aislado
proyeccion_video_video,video::soZMwC0Cj18,video,Lluvias causan inundaciones y deslizamiento en Alta Verapaz,0,0,255,aislado
proyeccion_video_video,video::tEfZlrP4L5I,video,#EnVivoDCA | Conferencia de Prensa del Gobierno de Guatemala,0,0,256,aislado
proyeccion_video_video,video::tK__qZZ-H5w,video,Conferencia de Prensa del Gobierno de Guatemala. #LaRondaGT,0,0,257,aislado
proyeccion_video_video,video::tXLhWHWGaao,video,Breve historia política de Guatemala,0,0,258,aislado
proyeccion_video_video,video::tb6LaOWGAIo,video,"Guía Definitiva para viajar a Guatemala 2026 🇬🇹 Qué ver, itinerarios, precios y consejos",0,0,259,aislado
proyeccion_video_video,video::tcAQGuuo_Uc,video,El Ministerio de Gobernación Guatemala  brinda conferencia de prensa.,0,0,260,aislado
proyeccion_video_video,video::tg2QuZFdn4c,video,🔴 En Vivo |  Sesión Solemne de Consejo de Gobierno en Limón,0,0,261,aislado
proyeccion_video_video,video::tmvTbeQNCTI,video,"Hoy SABRÁN Qué Grado ACADÉMICO Tenemos, Todos Son PROFESIONALES",0,0,262,aislado
proyeccion_video_video,video::tqcZFVSXARQ,video,¿Listo para decir tengo #MiPrimeraCasa? 🏠✨,0,0,263,aislado
proyeccion_video_video,video::vA6p51f14J4,video,Horarios especiales por celebraciones de fin de año,0,0,264,aislado
proyeccion_video_video,video::vCtk_0NzB3s,video,Clima en Guatemala esta semana: calor de hasta 39 °C y lluvias con tormentas,0,0,265,aislado
proyeccion_video_video,video::vDVXM8ODuzM,video,#EnVivoDCA | Conferencia de Prensa del Gobierno de Guatemala,0,0,266,aislado
proyeccion_video_video,video::vNUiF-stTdo,video,resumen de noticias,0,0,267,aislado
proyeccion_video_video,video::vp9MPfDG6AE,video,"Comunicado – COVIAL / Ministerio de Comunicaciones, Infraestructura y Vivienda",0,0,268,aislado
proyeccion_video_video,video::vqcF9RFMOLQ,video,"Ciudad de Guatemala, el mejor lugar para vivir",0,0,269,aislado
proyeccion_video_video,video::w57G_5jsqtU,video,Tráfico intenso por regreso a clases del sector público extiende horas pico en el área metropolitana,0,0,270,aislado
proyeccion_video_video,video::wS6yC3yOAeA,video,Noticiero El Informativo. Nuestra semana de resultados.,0,0,271,aislado
proyeccion_video_video,video::wVncmfsugww,video,"Spot Rendición de Cuentas, tercer cuatrimestre 2023 - 1",0,0,272,aislado
proyeccion_video_video,video::wYZPaJdVuhE,video,#LaCharla ¿Quién dirigirá el sistema portuario y qué decisiones debe tomar primero?,0,0,273,aislado
proyeccion_video_video,video::wm1f52Mvzag,video,Gloria Álvarez: ¿Podría ser la próxima presidenta de Guatemala?,0,0,274,aislado
proyeccion_video_video,video::wpYwX-bGoz0,video,CIV prioriza proyectos con potencial para generar desarrollo en Guatemala,0,0,275,aislado
proyeccion_video_video,video::x9TPnjUeuoo,video,VIDEO INSTITUCIONAL PROVIAL,0,0,276,aislado
proyeccion_video_video,video::xEcC_aMDhAk,video,MINGOB y COPADEH avanzan en la protección de personas defensoras de DDHH,0,0,277,aislado
proyeccion_video_video,video::xQgP0n8hVSI,video,"Primero te usan, y cuando ya no les sirves te desechan.",0,0,278,aislado
proyeccion_video_video,video::x_CB0ZRLQTA,video,Ricardo Quiñónez paga con nuestros impuestos netcenter,0,0,279,aislado
proyeccion_video_video,video::y8XMbMxMF8E,video,"Gracias a la inteligencia, coordinación y firmeza, se dió un duro golpe al crimen organizado",0,0,280,aislado
proyeccion_video_video,video::yCmBtmOm6nw,video,“¿DÓNDE ESTÁN?”: GOBIERNO IMPULSA MECANISMO PARA BUSCAR A DESAPARECIDOS DEL CONFLICTO ARMADO,0,0,281,aislado
proyeccion_video_video,video::yLZS3JiEBg8,video,Arroz con pollo a la MONOPOLIO,2,3,1,conectado
proyeccion_video_video,video::zfJlUXRSaCU,video,Brief Political History of Guatemala,0,0,282,aislado
proyeccion_video_video,video::zweosulrwA8,video,Edén por Salud: empleo inclusivo para personas con discapacidad en Antigua | Super - Episodio 2,0,0,283,aislado
proyeccion_video_video,video::zyA0BpEYcQU,video,Discusión entre conductor y jefe de la PMT,0,0,284,aislado
