comment_id,video_id,author_channel_id,author_handle,titulo_video,canal,categoria_video,texto_original,texto_limpio,puntaje_bruto,sentimiento,categoria_sentimiento,terminos_lexico,terminos_positivos,terminos_negativos,emojis_valorados,negaciones_aplicadas,texto_vacio,cobertura_lexica,comunidad_id
Ugw-J65a1iYL9hqhELh4AaABAg,j43HgwYFKfk,UCdFlugHJJa4l3YqWuNRmvXw,/@MarcosCarillo-b1r,La cooptación de Walter Mazariegos en la USAC,Quorum,News & Politics,Ese corrupto amigo de la vieja fiscal los tengo que verbose en la carcel,corrupto amigo vieja fiscal tengo verbose carcel,-3.0,-0.6124,negativo,1,,corrupto,,0,False,True,1
Ugw-ZT9t9wU2V-tCaUZ4AaABAg,06mFNPU0aB8,UCvl1tzQeBeGy6efPTRJXSCw,/@RaulPerez-cw2vi,Capturan a presuntos delincuentes disfrazados de mujer señalados de cometer asalto,Noti7,News & Politics,"Están jóvenes porque no buscan un trabajo,  tuvieron suerte que no hay policías que le gusta del otro vando , por ir vestido de mujer se los hubieran ensamblado la maquinaria.",están jóvenes buscan trabajo tuvieron suerte policías gusta otro vando ir vestido mujer hubieran ensamblado maquinaria,1.5,0.3612,positivo,1,gusta,,,0,False,True,2
Ugw0xaOb2CYXXoudtwJ4AaABAg,j43HgwYFKfk,UCRAquv8el-tQ30bN7MlmySQ,/@iamjimalesssa,La cooptación de Walter Mazariegos en la USAC,Quorum,News & Politics,"Me dejaron con ganas de demandar la ilegalidad de las reuniones virtuales, esto no es una maquila",dejaron ganas demandar ilegalidad reuniones virtuales maquila,-2.0,-0.4588,negativo,1,,ilegalidad,,0,False,True,1
Ugw0xgUc2ISpBr5_T654AaABAg,j43HgwYFKfk,UCkbsS_3D-pvg1iHOld9uvIg,/@gonzalo6075,La cooptación de Walter Mazariegos en la USAC,Quorum,News & Politics,Veremos a este mafioso de Mazariegos en la cárcel y un buen tiempo en la sombra.,veremos mafioso mazariegos cárcel buen tiempo sombra,-1.0,-0.25,negativo,2,buen,mafioso,,0,False,True,1
Ugw1ZzA21njWhaqQQTh4AaABAg,OkXlHx0hx-8,UCOLHH4ZpMxPYF-Q6e6wvn5A,/@luisroldan7374,EE.UU. envía a mexicanos deportados a Guatemala antes de su regreso a México | Noticias Telemundo,Noticias Telemundo,News & Politics,"eso es para que salga de USA por su propio pie 
que se auto deporten",salga usa propio pie auto deporten,0.0,0.0,sin cobertura léxica,0,,,,0,False,False,0
Ugw1ZzA21njWhaqQQTh4AaABAg.Aa9Tf29tBouAaB_XZQglTL,OkXlHx0hx-8,UCi2KiZq63sRq8Mfbcp-MelQ,/@eugeneramirez4405,EE.UU. envía a mexicanos deportados a Guatemala antes de su regreso a México | Noticias Telemundo,Noticias Telemundo,News & Politics,Imagine if they had to walk back home.,imagine if they had to walk back home,0.0,0.0,sin cobertura léxica,0,,,,0,False,False,0
Ugw2014OIYf336oytFt4AaABAg,yLZS3JiEBg8,UCXl30Y_upRqbti52fmjK4YA,/@capitanfrans,Arroz con pollo a la MONOPOLIO,Quorum,News & Politics,buenísima investigacion :hand-purple-blue-peace::hand-purple-blue-peace::hand-purple-blue-peace:,buenísima investigacion hand purple blue peace hand purple blue peace hand purple blue peace,7.0,0.875,positivo,1,buenísima,,:hand-purple-blue-peace::hand-purple-blue-peace::hand-purple-blue-peace:,0,False,True,3
Ugw2bSVOoNn2pc8ZcUl4AaABAg,n8iP75gIpmw,UCRelkU8JiZBytTzebJxaa-w,/@danyraymundo2942,Qué rico come tu diputado,Quorum,News & Politics,"Lleven su lonchera, sacrifiquense un poco. Y reintevren ese dinero. O están robando.",lleven lonchera sacrifiquense reintevren dinero están robando,-3.0,-0.6124,negativo,1,,robando,,0,False,True,1
Ugw3gnUvLp6AqO0_odt4AaABAg,lj983NWyAQY,UCgLurCo-e019HGODcjXHWCw,/@perritojuega1,Plan 2032 Ciudad de Guatemala,Municipalidad de Guatemala,News & Politics,Viva Guatemala 🇬🇹🇬🇹🇬🇹🥳🥳🥳,viva guatemala,9.5,0.926,positivo,1,viva,,🥳🥳🥳,0,False,True,0
Ugw4C1ijI36l6LAiSZh4AaABAg,n8iP75gIpmw,UCDIMztpVm7G27qBuiWuT6oQ,/@lizardomorataya8274,Qué rico come tu diputado,Quorum,News & Politics,LADRONES !!!!,ladrones,-4.77,-0.7763,negativo,1,,ladrones,,0,False,True,1
Ugw4St_YnT9_Ya5xSPt4AaABAg,ndAZjHqzzT8,UCZOmq6MwFDVoCaEl99BRRaw,/@daniloarevalo3170,Internet: escoger el menos malo,Quorum,News & Politics,"Otro pequeño truco es que tenés un plan mensual de Gb y redes ilimitadas y luego te mandan mensaje que consumiste el 95% de tu plan y ahi viene el caos verificas el consumo de tus datos y solo has utilizado redes, con un mínimo de internet y por ende hay que hacer una recarga adicional,,, porque vas a averiguar y solo te dicen que sí consumiste tus datos y ya,,,,a recargar,,un negoció redondo para ambas empresas 🤮🤮😠😠💵💵",otro pequeño truco tenés plan mensual gb redes ilimitadas luego mandan mensaje consumiste plan ahi viene caos verificas consumo tus datos solo has utilizado redes mínimo internet ende hacer recarga adicional vas averiguar solo dicen sí consumiste tus datos recargar negoció redondo ambas empresas,-13.0,-0.9584,negativo,1,,caos,🤮🤮😠😠,0,False,True,3
Ugw4ccnmIWJaE6VNRWN4AaABAg,6W4u8sGEnGM,UCFybmWapGvBKcQod7cPPH9w,/@vitalianochavez8382,Inician los trabajos de recuperación del Puente Belice II.,Gobierno de la República de Guatemala,Entertainment,Que bien que cambio de nombre,cambio nombre,1.5,0.3612,positivo,1,bien,,,0,False,True,2
Ugw5E402-fn52PLXFIJ4AaABAg,n8iP75gIpmw,UCh5ESQvtzyHDhCA7XyekCFA,/@andyB5280,Qué rico come tu diputado,Quorum,News & Politics,Tiene un poquito de oro y no habla como resolver los problemas .,poquito oro habla resolver problemas,-1.0,-0.25,negativo,1,,problemas,,0,False,True,1
Ugw5URsiAF9QVoniY-l4AaABAg,n8iP75gIpmw,UCWIZUtKJ636y-4TYrNvok0g,/@cesarandreas7824,Qué rico come tu diputado,Quorum,News & Politics,"Si a los diputados no les alcanza el sueldo que se busquen otro trabajo,  ya sea de los departamentos o de la capital.",diputados alcanza sueldo busquen otro trabajo sea departamentos capital,0.0,0.0,sin cobertura léxica,0,,,,0,False,False,1
Ugw5xMAuDaygo77ynI94AaABAg,n8iP75gIpmw,UCzoL2l5H5eVlorWGH8AZfAg,/@jor77cas,Qué rico come tu diputado,Quorum,News & Politics,"Lamentable son las EXCUSAS,  reclama que porque no se ve el trabajo que realizan, sueldon para que se costeen sus propios alimentos, pero tienen que ir a restaurantes de lujo y el PUEBLO luchando para llevar un pan a su mesa, muchos ni a eso llegan  ...",lamentable excusas reclama ve trabajo realizan sueldon costeen propios alimentos tienen ir restaurantes lujo pueblo luchando llevar pan mesa muchos ni llegan,-4.95,-0.7876,negativo,3,,lamentable | excusas | reclama,,0,False,True,1
Ugw6cfXYfV4H-asKlDR4AaABAg,TT4qJ5FXHYE,UCKVzDUqbtdSMBcexaEtMmzQ,/@rotorairgroup8409,"I’x K’at: el primer equipo guatemalteco de pelota maya, conformado únicamente por mujeres.",Quorum,News & Politics,No se ve un deporte dinamico ni entretenido. El trasfondo de este juego era bastante macabro y refleja la oscuridad de las culturas pre colombinas en America. No le encuentro sentido a recrear algo tan negativo y arcaico.,ve deporte dinamico ni entretenido trasfondo juego bastante macabro refleja oscuridad culturas pre colombinas america encuentro sentido recrear tan negativo arcaico,-4.11,-0.7278,negativo,2,,entretenido | macabro,,1,False,True,0
Ugw74asIfir0_SVC6OB4AaABAg,j43HgwYFKfk,UCNpt5CQlTzNjlAKY6CJtClQ,/@eustaquiogomez9975,La cooptación de Walter Mazariegos en la USAC,Quorum,News & Politics,Denle golpe universitario (de estado). Lo puede hacer el CSU?,denle golpe universitario estado puede hacer csu,0.0,0.0,sin cobertura léxica,0,,,,0,False,False,1
Ugw86zOgTwKzYotlT9l4AaABAg,n8iP75gIpmw,UCut6b9S98nv84cVX89PmKzA,/@yeniferaguirre4498,Qué rico come tu diputado,Quorum,News & Politics,Y el pueblo muriéndose de hambre muchas madres de familia ganando 50 quetzales al día y en algunos departamentos solo ganan 30 te voy a dar mención una aldea llamada el jabalí 30 quetzales al día gana algunas personas ganan 300 quetzales a la semana fiestas sanguijuelas se los comieron en un almuerzo,pueblo muriéndose hambre muchas madres familia ganando quetzales día algunos departamentos solo ganan voy dar mención aldea llamada jabalí quetzales día gana algunas personas ganan quetzales semana fiestas sanguijuelas comieron almuerzo,-4.0,-0.7184,negativo,2,,muriéndose | hambre,,0,False,True,1
Ugw8iZ_G2Cwq-9ZYctt4AaABAg,j43HgwYFKfk,UCQyOePccUP-fIJYzchAgZYw,/@aguilar4254,La cooptación de Walter Mazariegos en la USAC,Quorum,News & Politics,"Pues son muchos los alumnos hay que unirse se han quedado con la pata del Walter en el cuello, fuera hay que sacarlos",pues muchos alumnos unirse quedado pata walter cuello fuera sacarlos,0.0,0.0,sin cobertura léxica,0,,,,0,False,False,1
Ugw8pyxscJNUQpfoKuF4AaABAg,n8iP75gIpmw,UCOLGv5Pf6BF2wFcwUzgcvHg,/@welfrealdana5559,Qué rico come tu diputado,Quorum,News & Politics,Todos lis que trabajan en la capital pagamos apartamento y no tenemos carro y gasolina gratis,todos lis trabajan capital pagamos apartamento tenemos carro gasolina gratis,1.0,0.25,positivo,1,gratis,,,0,False,True,1
Ugw9_Qw_QaSdggWuKJt4AaABAg,06mFNPU0aB8,UCAxvOOHQk7dYPOajzFEVtbA,/@ruddydepaz322,Capturan a presuntos delincuentes disfrazados de mujer señalados de cometer asalto,Noti7,News & Politics,Las dos se ubieran vestido de rosita con tacones y medias.Dia y noche no les ba faltar de todos calibres .delen una bolsa de pintalabios también .,ubieran vestido rosita tacones medias dia noche ba faltar todos calibres delen bolsa pintalabios también,0.0,0.0,sin cobertura léxica,0,,,,0,False,False,2
Ugw9eye2GML6RHRSu-14AaABAg,n8iP75gIpmw,UCQ_-LPP8JAbfkc-b1Q6NvWw,/@MegaKristenstewart,Qué rico come tu diputado,Quorum,News & Politics,La gente muriendose de hambre y esos ladrones comiendo de maravilla que verguenza...,gente muriendose hambre esos ladrones comiendo maravilla verguenza,-9.0,-0.9186,negativo,4,,muriendose | hambre | ladrones | verguenza,,0,False,True,1
UgwA5aTmgACLCuTUT494AaABAg,lj983NWyAQY,UCXmrpc6Li0spcKxtS0Q_ptg,/@melvinperez6710,Plan 2032 Ciudad de Guatemala,Municipalidad de Guatemala,News & Politics,Guatemala nunca se tube que llamar guatemala dino guatebella guatehermosa guatelinda la eterna primavera es guatebella abrazos hnos de un salvadoreno que viva el amor y la armonia,guatemala nunca tube llamar guatemala dino guatebella guatehermosa guatelinda eterna primavera guatebella abrazos hnos salvadoreno viva amor armonia,5.0,0.7906,positivo,2,viva | amor,,,0,False,True,0
UgwARHTnVAzzPrHbNox4AaABAg,n8iP75gIpmw,UCZ51R_9Q9C0c8I3pAWhtmjQ,/@belvettzapeta1251,Qué rico come tu diputado,Quorum,News & Politics,Me parece excelente esta entrevista,parece excelente entrevista,3.0,0.6124,positivo,1,excelente,,,0,False,True,1
UgwBIwUPLGxEWAu3Mh14AaABAg,X_FAIef8qlE,UCPLW0HE3siElqCgXfgWxMqg,/@elizabethmonterroso7719,Cruzando la ciudad a puro Transmetro,Quorum,News & Politics,"¿Como se subscribe uno al boletín informativo? 
Yo intenté desde la pagina web pero  los teléfonos que tienen colocados  dice telgua que no existen. Y WhatsApp igual dice que ese teléfono no existe.",subscribe boletín informativo intenté pagina web teléfonos tienen colocados dice telgua existen whatsapp igual dice teléfono existe,0.0,0.0,sin cobertura léxica,0,,,,0,False,False,0
UgwCW5PErySUmwse3bZ4AaABAg,OkXlHx0hx-8,UCxhtlxPV8AYWaNNyU6S9H8Q,/@WilR-s8r,EE.UU. envía a mexicanos deportados a Guatemala antes de su regreso a México | Noticias Telemundo,Noticias Telemundo,News & Politics,Pero hay que ver el lado bueno si los deportan por la Frontera los carteles los secuestran para sacar dinero a los familiares en USA,ver lado bueno deportan frontera carteles secuestran sacar dinero familiares usa,2.0,0.4588,positivo,1,bueno,,,0,False,True,0
UgwCfRlzeiXz172UQQV4AaABAg,yLZS3JiEBg8,UCvcu1kR8xMYy_I1Ty-2mV2Q,/@hashojea7348,Arroz con pollo a la MONOPOLIO,Quorum,News & Politics,"Este video debe llegar a muchas personas, es muy buena información",video debe llegar muchas personas buena información,2.7,0.5719,positivo,1,buena,,,0,False,True,3
UgwCw9bhAw6suYQfCWx4AaABAg,j43HgwYFKfk,UCaKAjTW9MVub_clgr4DRYjQ,/@josecastillo4390,La cooptación de Walter Mazariegos en la USAC,Quorum,News & Politics,Qué lujooo de contenidooooo 🔥,qué lujooo contenidooooo,1.5,0.3612,positivo,0,,,🔥,0,False,True,1
UgwEOUk-ofXNqkHW5Cx4AaABAg,n8iP75gIpmw,UCxff05WuyvwELNITi7bj7UA,/@markoherrera,Qué rico come tu diputado,Quorum,News & Politics,"Desde que dijo que qué hacían los periodistas por el país lo deje de escuchar, no me quiero picar el hígado",dijo qué hacían periodistas país deje escuchar quiero picar hígado,0.0,0.0,sin cobertura léxica,0,,,,0,False,False,1
UgwEQHx8Ik7SbxBTQ914AaABAg,n8iP75gIpmw,UCZLG9qH0tUjNhEGFIUt0CYw,/@SoniaMarroquin-y6e,Qué rico come tu diputado,Quorum,News & Politics,Otros nuevos corruptos,otros nuevos corruptos,-3.0,-0.6124,negativo,1,,corruptos,,0,False,True,1
UgwEjfj5ueeimHg-Hbt4AaABAg,j43HgwYFKfk,UCwgCc9Jd_gG-uLE_SY-FfPg,/@armindapenados2841,La cooptación de Walter Mazariegos en la USAC,Quorum,News & Politics,¡¡¡La USAC NO tiene rector sólo un usurpador!!!,usac rector sólo usurpador,-3.37,-0.6564,negativo,1,,usurpador,,0,False,True,1
UgwG3XiEgFlHKtrtTqd4AaABAg,n8iP75gIpmw,UCXSkL3ejZ8qWYyF_M7s_QKA,/@JacintaTzoy,Qué rico come tu diputado,Quorum,News & Politics,"Entoces las mismas 💩😡 Junta Directiva haciéndose de las suyas con el dinero del Estado. Ya basta de tanto robo, barriles sin fondos..💩😡",entoces mismas junta directiva haciéndose suyas dinero estado basta tanto robo barriles fondos,-15.6,-0.9705,negativo,1,,robo,💩😡💩😡,0,False,True,1
UgwGm1V-_GN1ZPcijdl4AaABAg,n8iP75gIpmw,UChs3tU2BcKOT0CezykvAsGw,/@byronpontaza,Qué rico come tu diputado,Quorum,News & Politics,"Eso es lo que yo no entiendo de los periodistas, porque ahora atacan con tanto entusiasmo estas cosas, en el gobierno anterior estuvieron callados, o en ese tiempo también ellos recibían sus pagos",entiendo periodistas ahora atacan tanto entusiasmo estas cosas gobierno anterior estuvieron callados tiempo también recibían pagos,-1.5,-0.3612,negativo,1,,atacan,,0,False,True,1
UgwHY5LtTiQ0lBONp8N4AaABAg,n8iP75gIpmw,UC6PvO1_k5lHKGdAPo5_C6TA,/@johnmejia992,Qué rico come tu diputado,Quorum,News & Politics,"Tanto mierda este programa... tiene razón pero 
Y porque no le tira así a los corruptos",tanto mierda programa razón tira así corruptos,-3.0,-0.6124,negativo,1,,corruptos,,0,False,True,1
UgwIB06iEQnFOFLc9et4AaABAg,6W4u8sGEnGM,UCwxoKK59nGCeBqB2sXfDBIw,/@vic-bonivideos,Inician los trabajos de recuperación del Puente Belice II.,Gobierno de la República de Guatemala,Entertainment,"Indignante COMO EXISTEN unos GUATEMALTECOS ESTÚPIDOS , los PROYECTOS, SON PROYECTOS DE ESTADOS no de PARTIDOS POLÍTICOS, lo que hubiera estado HACIENDO EL ZURDO PRESIDENTE era INAURANDO su CONSTRUCCIÓN no reempezar lo que hace 3 años empezó así como el el puente Roosevelt no tuvo ningún cambio fue lo que ya estaba expuesto, lo que sucede que siempre llega otro delincuente y quiere su mordida ese PROSUPUESTO YA ESTABA ECHO ..",indignante existen guatemaltecos estúpidos proyectos proyectos estados partidos políticos hubiera estado haciendo zurdo presidente inaurando construcción reempezar hace años empezó así puente roosevelt tuvo ningún cambio estaba expuesto sucede siempre llega otro delincuente quiere mordida prosupuesto estaba echo,-4.5,-0.7579,negativo,2,,indignante | delincuente,,0,False,True,2
UgwIB06iEQnFOFLc9et4AaABAg.Aa-0m2jDJt2Aa42DVzs9Zy,6W4u8sGEnGM,UCWaRixDdpgllTBf4V0jPnKQ,/@hectormaaz5523,Inician los trabajos de recuperación del Puente Belice II.,Gobierno de la República de Guatemala,Entertainment,Tantos.que empezaron y no llegaron ni siquiera a la mitad puentes donde no hay Rio para robar el dinero y este presidente llegó para hacer algo diferente y eso que no vote por el pues tampoco he cotado por los corruptos pero a este presente si votaría por el si fuera posible,tantos empezaron llegaron ni siquiera mitad puentes rio robar dinero presidente llegó hacer diferente vote pues tampoco he cotado corruptos presente votaría fuera posible,-6.0,-0.8402,negativo,2,,robar | corruptos,,0,False,True,2
UgwIBBqN6fh6MURkwkN4AaABAg,j43HgwYFKfk,UCkVtmkK07b2zaVVNssX4lOg,/@HectorElias-u2l,La cooptación de Walter Mazariegos en la USAC,Quorum,News & Politics,"Mucha importancia le dan a éste ladrón maldito,",mucha importancia dan éste ladrón maldito,-3.0,-0.6124,negativo,1,,ladrón,,0,False,True,1
UgwIiqrp6EYNoFmnBAR4AaABAg,n8iP75gIpmw,UCN6qbfPSzFtjhqUDZ3Cv3CQ,/@carlosmedranovelasquez6380,Qué rico come tu diputado,Quorum,News & Politics,"O sea que si es válido que se den sus gustos con el dinero de los guatemaltecos, es una sinverguenzada, para eso tienen jugosos salarios no le roben al pueblo",sea válido den gustos dinero guatemaltecos sinverguenzada tienen jugosos salarios roben pueblo,-2.5,-0.5423,negativo,1,,sinverguenzada,,0,False,True,1
UgwIlv8gtF3WKYfHSJJ4AaABAg,j43HgwYFKfk,UC95PSMouTx2N5CbSq0hIyrQ,/@lisss1908,La cooptación de Walter Mazariegos en la USAC,Quorum,News & Politics,😮,,0.0,0.0,sin cobertura léxica,0,,,,0,False,False,1
UgwJ4UehO5E4j0niJU14AaABAg,n8iP75gIpmw,UCueV9cTyTDwgQSec1x2dYgA,/@fredydomingo7062,Qué rico come tu diputado,Quorum,News & Politics,😂😂😂😂solo pajas😅😅que político gasta su dinero por el país,solo pajas político gasta dinero país,5.0,0.7906,positivo,0,,,😂😂😂😂😅😅,0,False,True,1
UgwJMFYT7I9czw_oa0V4AaABAg,n8iP75gIpmw,UC5H8ASmMC9WrURmzeB4ySog,/@ManuelEdran,Qué rico come tu diputado,Quorum,News & Politics,No es el tema centrese y aclare...,tema centrese aclare,0.0,0.0,sin cobertura léxica,0,,,,0,False,False,1
UgwJN55EmMcKPRb_AfB4AaABAg,n8iP75gIpmw,UCHhHUjaMAZ8SiXdCUCj9DkQ,/@fredymendez1786,Qué rico come tu diputado,Quorum,News & Politics,hay cosas que yo no entiendo de Guatemala que a mi suena ilogico. Dandole almuerzos gratis a funcionarios publico? a poco no es suficiente con todos los robos que hacen aparte de los salarios incontables que tienen. Porque no crean un fondo mas para las escuelas para que los niños desnutridos que seria de gran ayuda para los padres.,cosas entiendo guatemala suena ilogico dandole almuerzos gratis funcionarios publico suficiente todos robos hacen aparte salarios incontables tienen crean fondo escuelas niños desnutridos seria gran ayuda padres,-2.0,-0.4588,negativo,2,gratis,robos,,0,False,True,1
UgwKjHT5lyjLiqR9ym94AaABAg,n8iP75gIpmw,UCgvw7xIdGFupzpt1Y_BFkEA,/@fredygarcia9151,Qué rico come tu diputado,Quorum,News & Politics,Si hacen algo bueno para guate es por eso que se les paga.,hacen bueno guate paga,1.6,0.3818,positivo,1,bueno,,,0,False,True,1
UgwL_UlN82zRUeNgVDh4AaABAg,j43HgwYFKfk,UCeDNEtI8_a42bZ47wJiJMwQ,/@EdgarcalderonCalderong,La cooptación de Walter Mazariegos en la USAC,Quorum,News & Politics,SECUESTRADOR DE LA U DE SAN CARLOS,secuestrador san carlos,-3.9,-0.7096,negativo,1,,secuestrador,,0,False,True,1
UgwMfCTNaiukOxMqfON4AaABAg,6W4u8sGEnGM,UCiOZX__1gahg1ypIj0_XG_w,/@mariogonzalezorellana8956,Inician los trabajos de recuperación del Puente Belice II.,Gobierno de la República de Guatemala,Entertainment,Pero ya enseña,enseña,0.0,0.0,sin cobertura léxica,0,,,,0,False,False,2
UgwNvErOoJ_qRYF6TB94AaABAg,j43HgwYFKfk,UCqCrvuoJpC-aVb0f4logQRQ,/@Lyrics_GT,La cooptación de Walter Mazariegos en la USAC,Quorum,News & Politics,"Es una buena universidad, ahí estudio mi hermano, sin embargo es una universidad manchada por los malditos rojos, los asquerosos Comunistas que salen a manifestar en la huelga.",buena universidad ahí estudio hermano embargo universidad manchada malditos rojos asquerosos comunistas salen manifestar huelga,2.0,0.4588,positivo,1,buena,,,0,False,True,1
UgwO8kzHC551ofxNYCV4AaABAg,TT4qJ5FXHYE,UCld2stqxaVSk0QdGncM224A,/@sarahernandez3873,"I’x K’at: el primer equipo guatemalteco de pelota maya, conformado únicamente por mujeres.",Quorum,News & Politics,¡Que excelente iniciativa y equipo de emprendimeitno por rescatar las tradiciones de Guatemala! Esperamos que puedan seguir avanzando y que este juego se vuelva algo mucho más popular entre las nuevas generaciones. ¡Bravo!,excelente iniciativa equipo emprendimeitno rescatar tradiciones guatemala esperamos puedan seguir avanzando juego vuelva mucho más popular nuevas generaciones bravo,4.08,0.7253,positivo,2,excelente | esperamos,,,0,False,True,0
UgwPCZZx2gI444cg2AV4AaABAg,n8iP75gIpmw,UCpIdtvoFHVLGASGB5ySqIEA,/@VidalVillatoro-p4w,Qué rico come tu diputado,Quorum,News & Politics,Este diputado no deja  hablar a los periodistas  y trata de confundir a la población con sus respuestas justificando las armadas que se da con el dinero del pu3blo,diputado deja hablar periodistas trata confundir población respuestas justificando armadas da dinero pu3blo,0.0,0.0,sin cobertura léxica,0,,,,0,False,False,1
UgwRLgDGrh-_TEVNOYh4AaABAg,OkXlHx0hx-8,UCtiHFjFu7d5v2XxHnKFUYig,/@Paul-gf7ec,EE.UU. envía a mexicanos deportados a Guatemala antes de su regreso a México | Noticias Telemundo,Noticias Telemundo,News & Politics,También hay personas que se hacen pasar por mexicanos para que los deporté a México y regresar más rápido a Usa,también personas hacen pasar mexicanos deporté méxico regresar más rápido usa,0.0,0.0,sin cobertura léxica,0,,,,0,False,False,0
UgwSDn5aIUEZwOlx9c94AaABAg,zweosulrwA8,UCQM2tCKRRytVDRxNUfCDqQQ,/@elioelias7267,Edén por Salud: empleo inclusivo para personas con discapacidad en Antigua | Super - Episodio 2,Quorum,Nonprofits & Activism,❤🎉,,5.5,0.8176,positivo,0,,,❤🎉,0,False,True,0
UgwSt406Q1HWBWCewI14AaABAg,6W4u8sGEnGM,UCWvntqPQx99k_Z_skWKqNSA,/@AntonioChiyal-x5s,Inician los trabajos de recuperación del Puente Belice II.,Gobierno de la República de Guatemala,Entertainment,5 anos mas precidente,anos precidente,0.0,0.0,sin cobertura léxica,0,,,,0,False,False,2
UgwSt406Q1HWBWCewI14AaABAg.Aa-KmSVE5UgAa-M7iXQwik,6W4u8sGEnGM,UCoGdCoJg2Lh0OX_jv6cG16g,/@Israel-u5i7i,Inician los trabajos de recuperación del Puente Belice II.,Gobierno de la República de Guatemala,Entertainment,Ojalá se pudiera,ojalá pudiera,0.5,0.128,positivo,1,ojalá,,,0,False,True,2
UgwTyYcT2aNvGA5DK4J4AaABAg,n8iP75gIpmw,UChgkn5Jt5tWKYMoEOuCjz3Q,/@pablochitay46,Qué rico come tu diputado,Quorum,News & Politics,Por primera vez deacuerdo con pedro.,primera vez deacuerdo pedro,0.0,0.0,sin cobertura léxica,0,,,,0,False,False,1
UgwUZL4XYbr2lbEi1r94AaABAg,j43HgwYFKfk,UCiC-Jn7wdgyQV4_Urk0DkWQ,/@pedroros6358,La cooptación de Walter Mazariegos en la USAC,Quorum,News & Politics,"En julio de 2022 al haber asumido como Rector de Facto, eligieron a Héctor Hugo Pérez Aguilera como representante Titular de la USAC ante la Corte de Constitucionalidad.",julio haber asumido rector facto eligieron héctor hugo pérez aguilera representante titular usac corte constitucionalidad,0.0,0.0,sin cobertura léxica,0,,,,0,False,False,1
UgwXm2HjtCzRKiDHflJ4AaABAg,JkpVO1hx2f8,UCQIdKuZ-OzuFqy0KjGrgesg,/@lyacausa,10 Preguntas a un año del Paro Nacional,Quorum,News & Politics,Guatemala solo cambia de dictadura cada 4 años,guatemala solo cambia dictadura años,-2.5,-0.5423,negativo,1,,dictadura,,0,False,True,0
UgwY0wdDJRzHsTCnLbN4AaABAg,n8iP75gIpmw,UCXr8_5WtGeipe4haOoQDgyQ,/@amyherrera7352,Qué rico come tu diputado,Quorum,News & Politics,"Ala! Que tipo necio y descarado!  Hipócrita!
Comen y después hablan de desnutrición! Que colmo!
Gracias por cumplir con el mandato periodístico!",ala tipo necio descarado hipócrita comen después hablan desnutrición colmo gracias cumplir mandato periodístico,-6.37,-0.8545,negativo,5,gracias,descarado | hipócrita | desnutrición | colmo,,0,False,True,1
UgwY2FW-3sBGV2CGxaJ4AaABAg,06mFNPU0aB8,UC_3xuTXvMIWU5MYP9HkJ3vQ,/@Historia-wm4os,Capturan a presuntos delincuentes disfrazados de mujer señalados de cometer asalto,Noti7,News & Politics,Excelente trabajo señores agentes que Dios me los cuide mucho,excelente trabajo señores agentes dios cuide mucho,3.0,0.6124,positivo,1,excelente,,,0,False,True,2
UgwYTL5-XYvmQxsC3Bt4AaABAg,n8iP75gIpmw,UCFjudnPLoaSL1BaRuLahyHg,/@HaroldoCastillo-rh9iw,Qué rico come tu diputado,Quorum,News & Politics,"Estos siempre andan viendo como comen del pueblo. Si no les basta el sueldo, busquen otro trabajo y por qué lugares tan caros, porque no es su dinero...",estos siempre andan viendo comen pueblo basta sueldo busquen otro trabajo qué lugares tan caros dinero,-1.25,-0.3071,negativo,1,,caros,,0,False,True,1
UgwYaHf9EYIl5Pf-y514AaABAg,n8iP75gIpmw,UC-pNP6RMFuLg_-x7Ah_0kEA,/@almacatalan2717,Qué rico come tu diputado,Quorum,News & Politics,"Bien mentirosito ese diputado Nery Rodas, si tanto quiere a Guatemala que ellos paguen su almuerzo, porque el pueblo?",mentirosito diputado nery rodas tanto quiere guatemala paguen almuerzo pueblo,1.5,0.3612,positivo,1,bien,,,0,False,True,1
UgwZw9X6DpxCIJ6YkXZ4AaABAg,PjmxCj-a9Hg,UC1Y7x3h0c95Z8kUhi-Tzaeg,/@rosadiaz9235,Conferencia de Prensa del Gobierno de Guatemala. #LaRondaGt,Gobierno de la República de Guatemala,Entertainment,Siii por tanta corrupción;; ay mucha muerte como en colombia ;; y en Guatemala;; todo porque no ay personas con un corazón;; dispuesto a cuidar del país y sacar adelante;;;,siii tanta corrupción ay mucha muerte colombia guatemala ay personas corazón dispuesto cuidar país sacar adelante,-4.7,-0.7717,negativo,3,adelante,corrupción | muerte,,0,False,True,2
Ugw_g00Bv3m-cnSxhMp4AaABAg,OkXlHx0hx-8,UC1WlJfQmaIskYhP4gmWoamw,/@marthareiss5434,EE.UU. envía a mexicanos deportados a Guatemala antes de su regreso a México | Noticias Telemundo,Noticias Telemundo,News & Politics,Que pena! Que la administración de Trump no ofrezca AMNISTÍA a los mexicanos u otros grupos de personas trabajadoras que ayudan a la mejora de este país. 😢,pena administración trump ofrezca amnistía mexicanos otros grupos personas trabajadoras ayudan mejora país,-2.29,-0.509,negativo,2,mejora,pena,😢,0,False,True,0
Ugw_wfk-1nUcdyG3muZ4AaABAg,n8iP75gIpmw,UC3MYTqpQqlWBuCB7Th0e0PA,/@isaaclopez7220,Qué rico come tu diputado,Quorum,News & Politics,"Me llega que saquen videos cortos porque el vídeo del programa de Con criterio es muy largo, pero vaya que es bueno",llega saquen videos cortos vídeo programa criterio largo vaya bueno,2.0,0.4588,positivo,1,bueno,,,0,False,True,1
UgwaGYcI3FekgL1PZct4AaABAg,j43HgwYFKfk,UCOcUI5XkTYNMSFhZNMIPpGg,/@hendersonlopez3864,La cooptación de Walter Mazariegos en la USAC,Quorum,News & Politics,"Urge convocar elecciones, los estudiantes estamos sufriendo con cada vez mas deficientes instalaciones, laboratorios y aulas. Ademas del abandono de Rectoria a las Facultades que siguen luchando contra su oposicion, o que se muestran renuentes a seguir sus ordenes, afectan directamente a los estudiantes, catedraticos, personal de servicios y limita su capacidad de brindar una educacion de calidad, y atender a la poblacion guatemalteca a travez de EPS y otros que ofrecen estas unidades academicas.",urge convocar elecciones estudiantes estamos sufriendo vez deficientes instalaciones laboratorios aulas ademas abandono rectoria facultades siguen luchando oposicion muestran renuentes seguir ordenes afectan directamente estudiantes catedraticos personal servicios limita capacidad brindar educacion calidad atender poblacion guatemalteca travez eps otros ofrecen estas unidades academicas,-2.0,-0.4588,negativo,3,calidad,sufriendo | abandono,,0,False,True,1
UgwaokeDKlLgSdqHpW94AaABAg,n8iP75gIpmw,UCOS8ViEkccrTZx2w2ccxotA,/@OscarHernandez-q8y,Qué rico come tu diputado,Quorum,News & Politics,"Pero porque un desayuno de 250.00,  no habrá uno de 75.00?",desayuno habrá,0.0,0.0,sin cobertura léxica,0,,,,0,False,False,1
Ugwbnz3tRoBa7Vs3A3d4AaABAg,b_Hkrkl3adA,UC3iIU62XKUOWuqL8BqBzj9A,/@antonioduarte2288,Bloqueos en Guatemala este 31 de agosto por alza en combustibles afectan rutas principales,PrensaLibreOficial,News & Politics,Puro show esto solo para que los diputranzas les den su parte y autorizar subsidios al gas,puro show solo diputranzas den parte autorizar subsidios gas,0.0,0.0,sin cobertura léxica,0,,,,0,False,False,1
Ugwc0TMrFYylioxh_Sh4AaABAg,6W4u8sGEnGM,UCV3fr-YOixFKCZBbJP1-X4w,/@albertoshernandez5251,Inician los trabajos de recuperación del Puente Belice II.,Gobierno de la República de Guatemala,Entertainment,Que viva viva el Presidente Bernardo Arevalo 🎉🎉👏🎉🎉,viva viva presidente bernardo arevalo,14.0,0.9638,positivo,2,viva | viva,,🎉🎉👏🎉🎉,0,False,True,2
UgwcF8V3__81jxC8Eh14AaABAg,n8iP75gIpmw,UCmjppp6ujz3SAnULvP3sZMw,/@marcomendez7509,Qué rico come tu diputado,Quorum,News & Politics,pues quien le pidió que la guesiara para Diputado si será descarado seve que son unos Corruptos mientras el pueblo no tiene ni un Cinco u con eso le pagan a los Electores si serán Comen Cuando hay,pues pidió guesiara diputado será descarado seve corruptos mientras pueblo ni cinco pagan electores serán comen,-5.0,-0.7906,negativo,2,,descarado | corruptos,,0,False,True,1
UgwdC_aDdYB1wpgGNAt4AaABAg,lj983NWyAQY,UC5PyGvSfFM--OVKmQ3COu6g,/@FreddyGmez,Plan 2032 Ciudad de Guatemala,Municipalidad de Guatemala,News & Politics,Que belleza si se llegara a construir todos esos proyectos 💙👌,belleza llegara construir todos esos proyectos,4.0,0.7184,positivo,0,,,💙👌,0,False,True,0
Ugwe0V0ssRP-r167Lzh4AaABAg,n8iP75gIpmw,UCQqetiwzzmRNTM5OWuXarGQ,/@isaiaslopezvelasquez1539,Qué rico come tu diputado,Quorum,News & Politics,si no les gusta  renuncie,gusta renuncie,-1.11,-0.2755,negativo,1,,gusta,,1,False,True,1
UgwgSP2G2qKwGGl5CSp4AaABAg,6W4u8sGEnGM,UCV3fr-YOixFKCZBbJP1-X4w,/@albertoshernandez5251,Inician los trabajos de recuperación del Puente Belice II.,Gobierno de la República de Guatemala,Entertainment,EL PRESIDENTE BERNARDO AREVALO SI ES UN PRESIDENTE QUE QUIERE A SU PUEBLO Y AL PAIS DE GUATEMALA 👍 EL NO ES COMO LOS RATAS  PRESIDENTES ANTERIORES 🐭🐭ASI QUE TODO EL APOYO PARA EL PRESIDENTE BERNARDO AREVALO 👍 🎉👍🎉👍🎉👍🎉👍🎉👍,presidente bernardo arevalo presidente quiere pueblo pais guatemala ratas presidentes anteriores apoyo presidente bernardo arevalo,11.55,0.9481,positivo,2,apoyo,ratas,👍👍🎉👍🎉👍🎉👍🎉👍🎉👍,0,False,True,2
UgwgoKatyznihVvDVVd4AaABAg,n8iP75gIpmw,UCCaYwkkbQGcvFoUmothVdQQ,/@OsvaldoAguirre-l3i,Qué rico come tu diputado,Quorum,News & Politics,Cuando los agarran con la manos en la masa ya ni Allan que decir estos buenos para nada! Solo para comer de gratis son buenos a que hijos de la gran patria! De Guatemala. Mantenidos estos corruptos solo para wuabiar son bueno.,agarran manos masa ni allan decir estos buenos nada solo comer gratis buenos hijos gran patria guatemala mantenidos estos corruptos solo wuabiar bueno,4.58,0.7636,positivo,5,buenos | gratis | buenos | bueno,corruptos,,0,False,True,1
UgwguqWom06c5opgpiF4AaABAg,n8iP75gIpmw,UCQgYjVngJRfPHDLGB5X6ZjA,/@oscarnavas9996,Qué rico come tu diputado,Quorum,News & Politics,Sin vergüenza. Que no se vuelva a lanzar para diputado ladrón,vergüenza vuelva lanzar diputado ladrón,-1.52,-0.3653,negativo,2,vergüenza,ladrón,,1,False,True,1
UgwhphOY9n46ofElDut4AaABAg,PjmxCj-a9Hg,UCN2N_wYOw6fMwCeSzdXLPIw,/@danielantoniogonzalezflore4901,Conferencia de Prensa del Gobierno de Guatemala. #LaRondaGt,Gobierno de la República de Guatemala,Entertainment,Mejor saque a guatemala del parlacen y dejen de hablar de tsnta babosadas o ustedes van s ir avrefujiase al parlacen cuando salgan ese dinero que pagamos invertirlo en meducina sehan realustas por sus acciones nadie cree ya en nadie de ver que los gobiernos solo sirven para enriqueserse ya vasta,mejor saque guatemala parlacen dejen hablar tsnta babosadas van ir avrefujiase parlacen salgan dinero pagamos invertirlo meducina sehan realustas acciones nadie cree nadie ver gobiernos solo sirven enriqueserse vasta,1.5,0.3612,positivo,1,mejor,,,0,False,True,2
UgwiGxmosawIyTVTjnB4AaABAg,n8iP75gIpmw,UC9vMq1YF-e7C-VO0SHkbUTA,/@ErvinLeonardoCarreraLat%C3%ADn,Qué rico come tu diputado,Quorum,News & Politics,19:27 Basuras de diputados  artense  porque los que sufrieron  hambre serán saciados y los que se saciaron a costillas de los demás tendrán hambre y sed  de todo,basuras diputados artense sufrieron hambre serán saciados saciaron costillas demás tendrán hambre sed,-4.0,-0.7184,negativo,2,,hambre | hambre,,0,False,True,1
Ugwih8O9PeaJ_zd7FWV4AaABAg,n8iP75gIpmw,UC8F2V63KZ4ZEay6opX2hAQw,/@carmenr6311,Qué rico come tu diputado,Quorum,News & Politics,"Los alimentos tienen k pagarlos d su sueldo como cualquier otro ciudadano k a pesar de el salario miserable pagan sus alimentos, segun entiendo ese señor  kiere k el pueblo le siga pagando ,si el trabaja haciéndose el pendejo como muchos otros k solo llegan a ocupar la silla y a bla bla hasta el momento no se ve k se trabaje en algo bueno para el pueblo a ese fulano k no esta contento con el alto sueldo k tienen por hacer nada ,k renuncie y k empleen a personas k realmente kieren hacer algo por el hambriento pueblo, braaavo seño por recordarle a ese inepto.,ellos ganan Q25,000 0 mas cuanto gana un médico, una enfermera,una profesora y esos siii trabajan especialmente los médicos.",alimentos tienen pagarlos sueldo cualquier otro ciudadano pesar salario miserable pagan alimentos segun entiendo señor kiere pueblo siga pagando trabaja haciéndose pendejo muchos otros solo llegan ocupar silla bla bla momento ve trabaje bueno pueblo fulano contento alto sueldo tienen hacer nada renuncie empleen personas realmente kieren hacer hambriento pueblo braaavo seño recordarle inepto ganan q25 cuanto gana médico enfermera profesora esos siii trabajan especialmente médicos,1.6,0.3818,positivo,1,bueno,,,0,False,True,1
Ugwije36G_n35mshRfp4AaABAg,6W4u8sGEnGM,UCheEJ5GZuIvV0fj-nXyVwXw,/@rosaoliva9389,Inician los trabajos de recuperación del Puente Belice II.,Gobierno de la República de Guatemala,Entertainment,Gracias por concluir lo q otros empiezan y no terminan,gracias concluir otros empiezan terminan,2.0,0.4588,positivo,1,gracias,,,0,False,True,2
UgwjKxflp7TiD0e7_494AaABAg,n8iP75gIpmw,UCujPF2nBgsTD62nWE3lcpIg,/@victorarturoruanobautista7588,Qué rico come tu diputado,Quorum,News & Politics,Que se les quite todos los privilegios lo que pasa no les gusta,quite todos privilegios pasa gusta,-1.11,-0.2755,negativo,1,,gusta,,1,False,True,1
Ugwjtq_DUb6ISU-ppsh4AaABAg,n8iP75gIpmw,UChs3tU2BcKOT0CezykvAsGw,/@byronpontaza,Qué rico come tu diputado,Quorum,News & Politics,"Estoy seguro que si a los conductores los envían a hacer un trabajo a un departamento y les dan viáticos, buscan Buenos restaurantes para ir a comer y no se van al mercado",estoy seguro conductores envían hacer trabajo departamento dan viáticos buscan buenos restaurantes ir comer van mercado,2.0,0.4588,positivo,1,buenos,,,0,False,True,1
UgwkiP4fW1xfpXbZcV14AaABAg,n8iP75gIpmw,UCV0iizTBoOfdAFX_thfI9BA,/@BenjaminLarios-jd8nk,Qué rico come tu diputado,Quorum,News & Politics,Lo que este diputado ase por el paiz es robarle  al paiz   porque otro beneficio que tiene el paiz  con ellos nada,diputado ase paiz robarle paiz otro beneficio paiz nada,-3.0,-0.6124,negativo,1,,robarle,,0,False,True,1
Ugwm9VajlW3ydbsf-BJ4AaABAg,6W4u8sGEnGM,UCp29O_C7cchZV8IxV7Crdag,/@robertoescobar5507,Inician los trabajos de recuperación del Puente Belice II.,Gobierno de la República de Guatemala,Entertainment,Excelente.,excelente,3.0,0.6124,positivo,1,excelente,,,0,False,True,2
UgwmvtMMEFg5rWbrmtV4AaABAg,yLZS3JiEBg8,UCkxdJ_yGN2gghOMo2ybQtXQ,/@11223344An,Arroz con pollo a la MONOPOLIO,Quorum,News & Politics,Y no olvidemos y quizá el más cruel. Las farmacéuticas con las medicinas,olvidemos quizá más cruel farmacéuticas medicinas,-2.5,-0.5423,negativo,1,,cruel,,0,False,True,3
UgwnCwptihjhFCfQK_l4AaABAg,6W4u8sGEnGM,UCjZgFEowMBrsjodqfovzdKw,/@franciscoflores3120,Inician los trabajos de recuperación del Puente Belice II.,Gobierno de la República de Guatemala,Entertainment,Pero  sería bueno que  le cambien  nombre,sería bueno cambien nombre,2.0,0.4588,positivo,1,bueno,,,0,False,True,2
UgwopmNYOXxE5kyT7fF4AaABAg,n8iP75gIpmw,UC4wq3DcbfaG6dtCqn8Oyu3w,/@hugoasencio7764,Qué rico come tu diputado,Quorum,News & Politics,Ya viste Nery más de lo mismo.,viste nery más mismo,0.0,0.0,sin cobertura léxica,0,,,,0,False,False,1
UgwovhZaCiV0r6XOH_R4AaABAg,ndAZjHqzzT8,UCVC2QugcI1G4RvlCiUqd1aQ,/@rwdm76,Internet: escoger el menos malo,Quorum,News & Politics,excelente,excelente,3.0,0.6124,positivo,1,excelente,,,0,False,True,3
UgwoyDvqZ6NlBCvXB7t4AaABAg,yLZS3JiEBg8,UCXVLc8CmAO813ubM-fLvCDw,/@herminiasaquimux7565,Arroz con pollo a la MONOPOLIO,Quorum,News & Politics,"Ahora comprendí porque los cañeros y grupo cacif, estan contra la ley de competencia y siguen tratando de impedir su discusión en el legislativo.",ahora comprendí cañeros grupo cacif estan ley competencia siguen tratando impedir discusión legislativo,0.0,0.0,sin cobertura léxica,0,,,,0,False,False,3
Ugwp1SacIqA0qS_netd4AaABAg,n8iP75gIpmw,UCwW2OFy95P7ZBkOPxWkpvYg,/@TeresaLucero-b5o,Qué rico come tu diputado,Quorum,News & Politics,No se justifica nada... es su obligación trabajar...,justifica nada obligación trabajar,0.0,0.0,sin cobertura léxica,0,,,,0,False,False,1
UgwpY9PE_PBfwa2_g_N4AaABAg,n8iP75gIpmw,UC3XTwHxygNCgjndsg-UiCQA,/@marioajset4283,Qué rico come tu diputado,Quorum,News & Politics,"Repito como siempre, cuantas horas hombre de trabajo se pagan por el cansancio y fatiga del pueblo que hacen productivo al país y que generan renta gravada para los contribuyentes, solo para que estos infelices se den estos gustos.",repito siempre cuantas horas hombre trabajo pagan cansancio fatiga pueblo hacen productivo país generan renta gravada contribuyentes solo estos infelices den estos gustos,0.0,0.0,sin cobertura léxica,0,,,,0,False,False,1
Ugwqsca_nj4eGguiyTJ4AaABAg,j43HgwYFKfk,UCgQw_Sbq3ugruDUKsq1e0-A,/@marlenareano-h4t,La cooptación de Walter Mazariegos en la USAC,Quorum,News & Politics,"buen reportaje, tristeza da q la USAC este coptada por esos corruptos.",buen reportaje tristeza da usac coptada esos corruptos,-3.0,-0.6124,negativo,3,buen,tristeza | corruptos,,0,False,True,1
UgwrIvqGid-S983oU9J4AaABAg,n8iP75gIpmw,UCL13XhnRzbGokEkCkEOb0-g,/@raquelprado3643,Qué rico come tu diputado,Quorum,News & Politics,Por querer justificarse le sacaron a luz sus artadas a costillas del pobre pueblo de Guatemala,querer justificarse sacaron luz artadas costillas pobre pueblo guatemala,0.0,0.0,sin cobertura léxica,0,,,,0,False,False,1
UgwsCWap2Jq1pNrLOWl4AaABAg,n8iP75gIpmw,UCQtSFINs1h6GHkpg9o5kMvg,/@MacarioMartinezruiz,Qué rico come tu diputado,Quorum,News & Politics,Lo felicito  periodista de alto valor por decirle la verdad al diputado Rodas,felicito periodista alto valor decirle verdad diputado rodas,2.0,0.4588,positivo,1,felicito,,,0,False,True,1
UgwtcR5U0FAkeZsiVVt4AaABAg,06mFNPU0aB8,UC2ngpd8UBQu4gcUYy0goAtg,/@juliohernandez7438,Capturan a presuntos delincuentes disfrazados de mujer señalados de cometer asalto,Noti7,News & Politics,Metanlos a la carcel y como se bisten de mujer que les echen chuso por maricones,metanlos carcel bisten mujer echen chuso maricones,0.0,0.0,sin cobertura léxica,0,,,,0,False,False,2
Ugwvm2HYh08HI1HkcXV4AaABAg,PjmxCj-a9Hg,UC7IMsCxfZyWN7YQo8-JYa6Q,/@Burgos68,Conferencia de Prensa del Gobierno de Guatemala. #LaRondaGt,Gobierno de la República de Guatemala,Entertainment,"Muchísimas gracias Sr. y excelentísimo Presidente Constitucional de la República de Guatemala,  por trabajar enormemente por todos los ciudadanos y también por unir sus esfuerzos con el Gobierno de los Estados Unidos Mexicanos,  porque el Turismo va hacer el mejor puente para incrementar la economía de todas aquellas personas al rededor del mundo, que quieran conocer más de esta cultura Maya compartida y la cual nos hace sentirnos hermanos con ese gran país. MÉXICO Y GUATEMALA UNIDOS POR SIEMPRE 💕",muchísimas gracias sr excelentísimo presidente constitucional república guatemala trabajar enormemente todos ciudadanos también unir esfuerzos gobierno estados unidos mexicanos turismo hacer mejor puente incrementar economía todas aquellas personas rededor mundo quieran conocer más cultura maya compartida hace sentirnos hermanos gran país méxico guatemala unidos siempre,6.0,0.8402,positivo,2,gracias | mejor,,💕,0,False,True,2
UgwvvK1L0aLOhCMUzfN4AaABAg,n8iP75gIpmw,UCzSfZlOVxBSs5ObD25ywxDQ,/@GilmarMaldonado-q9m,Qué rico come tu diputado,Quorum,News & Politics,Y haci vienen corriéndo para que él pueblo voté por ustedes no piensan en él pueblo que está sufriendo por un sueldo minusioso partida de ladrones corruptos hijos de la fiscal nietos de giamatey hijastros de Miguel Martínez sinó gana en el congreso renuncien también aprueben la ley para sacar ala fiscal aganlo,haci vienen corriéndo él pueblo voté piensan él pueblo está sufriendo sueldo minusioso partida ladrones corruptos hijos fiscal nietos giamatey hijastros miguel martínez sinó gana congreso renuncien también aprueben ley sacar ala fiscal aganlo,-8.0,-0.9001,negativo,3,,sufriendo | ladrones | corruptos,,0,False,True,1
UgwwH4OIcVCCN6SbBX14AaABAg,n8iP75gIpmw,UCLFdHr9BEbXHkoJopbEPLZw,/@kanterra4584,Qué rico come tu diputado,Quorum,News & Politics,"Deberían ir a comer al mercado central les queda cerca, llegan a pie y contribuyen con la pequeña empresa.
Ir a donde van y pagar con dinero de los tributos es lujurioso e insulta al pueblo soberano.",deberían ir comer mercado central queda cerca llegan pie contribuyen pequeña empresa ir van pagar dinero tributos lujurioso insulta pueblo soberano,0.0,0.0,sin cobertura léxica,0,,,,0,False,False,1
UgwwKfLmhHVU-Oxzqtl4AaABAg,n8iP75gIpmw,UCNkcuy42zEwddwEcOd_HpnA,/@vanigomez492,Qué rico come tu diputado,Quorum,News & Politics,"No justifico lo del diputado, pero quisiera ver una entrevista similar en la administración anterior, ahí no! Porq tambien a los d con criterio les salpicaba la corrupción",justifico diputado quisiera ver entrevista similar administración anterior ahí porq criterio salpicaba corrupción,-3.29,-0.6474,negativo,1,,corrupción,,0,False,True,1
UgwwPrhCy2levkb6TRd4AaABAg,ndAZjHqzzT8,UCJp3OrVYcBorC94sKwdch_A,/@ULJoshmg2011,Internet: escoger el menos malo,Quorum,News & Politics,"Otro detalle muy interesante es para la mayoría que usamos líneas prepago; hay muchos abusos por parte de las empresas, una de ellas por ejemplo te roba el saldo cuando haces una recarga sin haberte asignado ningún paquete; aluden a que sino te asignas un paquete el consumo del saldo corre si usas internet; una recarga de Q100 se consume en 5 min.  Esto no está regulado  la verdad en Guate; la otra compañía es más legal en esto; almenos no te permite navegar sino has asignado paquete. El monopolio nunca será nada bueno, en mi caso opté por quitar cable y servicios asociados tuve demasiados abusos, cobros anticipados,  costos  muy altos y final quedas indefenso. Solo opté por un prepago para Internet lo mínimo necesario, para poder ver YouTube. No consumimos nada más, dejamos de ver TV desde la pandemia, es mejor leer y escuchar la radio, no hay que darles gusto a estas empresas que abusan y roban.  Los que puedan tener internet satelital los felicito es mejor que la corrupcion de las dos empresas  actuales.",otro detalle interesante mayoría usamos líneas prepago muchos abusos parte empresas ellas ejemplo roba saldo haces recarga haberte asignado ningún paquete aluden sino asignas paquete consumo saldo corre usas internet recarga q100 consume min está regulado verdad guate otra compañía más legal almenos permite navegar sino has asignado paquete monopolio nunca será nada bueno caso opté quitar cable servicios asociados tuve demasiados abusos cobros anticipados costos altos final quedas indefenso solo opté prepago internet mínimo necesario poder ver youtube consumimos nada más dejamos ver tv pandemia mejor leer escuchar radio darles gusto estas empresas abusan roban puedan tener internet satelital felicito mejor corrupcion empresas actuales,-10.08,-0.9335,negativo,12,interesante | mejor | gusto | felicito | mejor,abusos | roba | bueno | abusos | abusan | roban | corrupcion,,1,False,True,3
UgwxjmtBoAozs0ZUAcd4AaABAg,is3Mk5oC19g,UCdFlugHJJa4l3YqWuNRmvXw,/@MarcosCarillo-b1r,Capturan a ladrón que había quedado grabado mientras robaba en una parroquia de Retalhuleu,TN23 Guatemala,News & Politics,Al que tienen que enjuiciar es al comparator por comparator obgwtos robados,tienen enjuiciar comparator comparator obgwtos robados,0.0,0.0,sin cobertura léxica,0,,,,0,False,False,1
UgwxjmtBoAozs0ZUAcd4AaABAg.AaAbqoGVGipAaAjNG9oPRN,is3Mk5oC19g,UCLh1Kde4_vI1sTZBkTNP7RQ,/@JoelReynoso-d4r,Capturan a ladrón que había quedado grabado mientras robaba en una parroquia de Retalhuleu,TN23 Guatemala,News & Politics,que?,,0.0,0.0,sin cobertura léxica,0,,,,0,False,False,1
UgwypjUeZBU45DrrW0d4AaABAg,n8iP75gIpmw,UCThW2XNsAaBKme5PUt7n-Zg,/@thelmamoran8565,Qué rico come tu diputado,Quorum,News & Politics,Yo no entiendo por qué están ahorita con todas estas cosas por qué no lo hacían cuando estaban los corruptos Alvaro Arzú Alan Rodríguez. La señora está evangélica que acaba de salir no entiendo por qué no les decían eso a ellos porque tiene que ser hasta ahora es tonto,entiendo qué están ahorita todas estas cosas qué hacían estaban corruptos alvaro arzú alan rodríguez señora está evangélica acaba salir entiendo qué decían ahora tonto,-3.0,-0.6124,negativo,1,,corruptos,,0,False,True,1
Ugwz_6qtdDTbTWEUQQ94AaABAg,n8iP75gIpmw,UC6YSZqL0vEcI-niPKIMUGfw,/@maxwellsales885,Qué rico come tu diputado,Quorum,News & Politics,"Ni el mismo lo cree, estos son sinverguenzas y se pasan de pija, cómo se sentirá la familia tener a alguien mañoso, mafioso, sin vergüenza como marido y como padre, es triste",ni mismo cree estos sinverguenzas pasan pija cómo sentirá familia tener alguien mañoso mafioso vergüenza marido padre triste,-6.02,-0.841,negativo,4,vergüenza,sinverguenzas | mafioso | triste,,1,False,True,1
Ugx-G2kCu5aSwh3IR5l4AaABAg,n8iP75gIpmw,UCNBnKqWf4d-rS4HwJRQljmQ,/@LE_A22,Qué rico come tu diputado,Quorum,News & Politics,"Y CUANDO VAN HABLAR DE LOS GASTOS DEL PRESIDENTE? La carne la bomba de la piscina los salarios exagerados,los aumentos incluso el nepotismo? ó a él no? De él no se puede hablar? Los regañan?",van hablar gastos presidente carne bomba piscina salarios exagerados aumentos incluso nepotismo él él puede hablar regañan,0.0,0.0,sin cobertura léxica,0,,,,0,False,False,1
Ugx-cQ3Wf3whk_hssDR4AaABAg,06mFNPU0aB8,UCO0zwwLWGyDgQmWPJ5Qrr1w,/@elsalvador3605,Capturan a presuntos delincuentes disfrazados de mujer señalados de cometer asalto,Noti7,News & Politics,Por qué siempre tapan la cara de los delincuentes,qué siempre tapan cara delincuentes,-2.5,-0.5423,negativo,1,,delincuentes,,0,False,True,2
Ugx-hH6Ysw9sdv3kHPN4AaABAg,j43HgwYFKfk,UCwjUvRseNtJoItylIyIez7Q,/@Silviazea,La cooptación de Walter Mazariegos en la USAC,Quorum,News & Politics,¡Fuera esa basura de mazariegos!,fuera basura mazariegos,-2.29,-0.509,negativo,1,,basura,,0,False,True,1
Ugx1reCoIQcnK3ii2GR4AaABAg,n8iP75gIpmw,UCTwSut16JyAg3mX6LVUNGqA,/@SuperVictor2005,Qué rico come tu diputado,Quorum,News & Politics,"Que gasten todo lo que les pegue la regalada gana, siempre y cuando que lo paguen con su mismo sueldo o dinero como cualquier empleado público, lo que no es admisible es  que estas ratas solo se recetan estos mega gastos por un almuerzo, porque ellos mismos se los permiten.
Ya basta!!! Asi como estos diputados, PNC de la capital, entre otros empleados públicos selectos tengan privilegios de esta naturaleza, mientras que otros tienen que costear transporte, alimentación, internet, entre otras cosas con su propio sueldo o dinero.",gasten pegue regalada gana siempre paguen mismo sueldo dinero cualquier empleado público admisible estas ratas solo recetan estos mega gastos almuerzo mismos permiten basta estos diputados pnc capital otros empleados públicos selectos tengan privilegios naturaleza mientras otros tienen costear transporte alimentación internet otras cosas propio sueldo dinero,-3.87,-0.7068,negativo,1,,ratas,,0,False,True,1
Ugx2ApaAMqe4ca4SCYx4AaABAg,n8iP75gIpmw,UCLggDc_a5HriXv7I1h02sOA,/@guillermogonzalez5153,Qué rico come tu diputado,Quorum,News & Politics,"Hablemos de cosas relevantes,,,,y No de lo irrelevantes......jajajajaja",hablemos cosas relevantes irrelevantes jajajajaja,0.0,0.0,sin cobertura léxica,0,,,,0,False,False,1
Ugx2LwWBVc3mFGJAinB4AaABAg,n8iP75gIpmw,UC5H8ASmMC9WrURmzeB4ySog,/@ManuelEdran,Qué rico come tu diputado,Quorum,News & Politics,Ya es calor...jejej,calor jejej,0.0,0.0,sin cobertura léxica,0,,,,0,False,False,1
Ugx2byJzZBZkDMQMUqV4AaABAg,n8iP75gIpmw,UCwO2SXr0ggzwg6QWWrr01nQ,/@ricardofigueroa5720,Qué rico come tu diputado,Quorum,News & Politics,No se le cree nada a ese diputransa,cree nada diputransa,0.0,0.0,sin cobertura léxica,0,,,,0,False,False,1
Ugx3uDgmZQhx3Z3VOzt4AaABAg,j43HgwYFKfk,UC816IGbFCZinfYS1LRDaaHg,/@ingenieroar,La cooptación de Walter Mazariegos en la USAC,Quorum,News & Politics,mapa de poder USAC,mapa poder usac,0.0,0.0,sin cobertura léxica,0,,,,0,False,False,1
Ugx3yIUZXGeiOVESIEl4AaABAg,n8iP75gIpmw,UC3qn1yJA5PeW9rkGPatQxiw,/@VICTOREST19,Qué rico come tu diputado,Quorum,News & Politics,Que ese diputado que muestre la factura donde diga que de su bolsillo fue pagado??,diputado muestre factura diga bolsillo pagado,0.0,0.0,sin cobertura léxica,0,,,,0,False,False,1
Ugx4dn4xlUl9Jp9QJeJ4AaABAg,6W4u8sGEnGM,UCaT4saRcyqCLE657Rq2hhZQ,/@elmilenial4064,Inician los trabajos de recuperación del Puente Belice II.,Gobierno de la República de Guatemala,Entertainment,Tio berny presidente 2032😁,tio berny presidente,2.0,0.4588,positivo,0,,,😁,0,False,True,2
Ugx6Wjc02tqpQUBf4NJ4AaABAg,yLZS3JiEBg8,UCc_F88PzGWtA1OPNUEASulA,/@rockyscarlet,Arroz con pollo a la MONOPOLIO,Quorum,News & Politics,Los hipócritas de la ufm todavía alaban a Milei. Lo primero que haría sería quitar todas las trabas que impiden el libre mercado.,hipócritas ufm todavía alaban milei primero haría sería quitar todas trabas impiden libre mercado,0.0,0.0,sin cobertura léxica,0,,,,0,False,False,3
Ugx74OPnWkWaFjpFuA94AaABAg,n8iP75gIpmw,UCErZPJpHmLCsXs8ZWkAUupQ,/@dorisl.garciaroche7763,Qué rico come tu diputado,Quorum,News & Politics,"Y será que si ya no se diera esa facilidad de efectivo para gastos de ese tipo, les interesaría seguir siendo diputados. O es por ese estilo de vida lo que les llama la atención ser diputados.",será diera facilidad efectivo gastos tipo interesaría seguir siendo diputados estilo vida llama atención diputados,0.0,0.0,sin cobertura léxica,0,,,,0,False,False,1
Ugx74OPnWkWaFjpFuA94AaABAg.A7ki-1ED5b2A7nIcG2_svP,n8iP75gIpmw,UCFjudnPLoaSL1BaRuLahyHg,/@HaroldoCastillo-rh9iw,Qué rico come tu diputado,Quorum,News & Politics,Cierto.,cierto,0.0,0.0,sin cobertura léxica,0,,,,0,False,False,1
Ugx7Gvgflw7nQKqoR094AaABAg,lj983NWyAQY,UCFOxCyF926Y9eHhMeVoWLzw,/@arielsarc09,Plan 2032 Ciudad de Guatemala,Municipalidad de Guatemala,News & Politics,"De todo corazon espero que se cumplan todos estos proyectos por el bien de mi gente linda, Dios bendiga a Guatemala.",corazon espero cumplan todos estos proyectos gente linda dios bendiga guatemala,3.5,0.6705,positivo,2,bien | linda,,,0,False,True,0
Ugx7ezRwB-DpY3VQt754AaABAg,n8iP75gIpmw,UC5H8ASmMC9WrURmzeB4ySog,/@ManuelEdran,Qué rico come tu diputado,Quorum,News & Politics,Minusiosas pero a la larga se vuelve millonarios. . Paguen sus almuerzos no se aprovechen del pueblo... casaka.,minusiosas larga vuelve millonarios paguen almuerzos aprovechen pueblo casaka,0.0,0.0,sin cobertura léxica,0,,,,0,False,False,1
Ugx7j6oWhgfonHPJCdR4AaABAg,n8iP75gIpmw,UC72gBAtyb_VXQlYDcFrh6oQ,/@osmanmorales3012,Qué rico come tu diputado,Quorum,News & Politics,Para que participo si el reclama y que a echo por el pais nada,participo reclama echo pais nada,-1.0,-0.25,negativo,1,,reclama,,0,False,True,1
Ugx8FxDKPAY-M_JhRgd4AaABAg,n8iP75gIpmw,UCi1b_TRQfgO1Z9O2gNGGWNA,/@davidisraelesquitsaquil,Qué rico come tu diputado,Quorum,News & Politics,"Ahora se destapo la CORRUPCION Q EXISTIA Y AHORA SE CONTAMINO despues de ampliacion ahora DEUDAS a la Comunidad Internacional por PRESTAMOS para carreteras, ademas CONCESIONES A AEROPUERTOS, PUERTOS, LAS MISMAS CARRETERAS, todos millonario, EUROBONOS, vender al pais y CANASTA BASICA A Q10,000 todo lo van hacer PERO ESE DINERO QUE OBTENGAN SERA REGALO DEL 👹👹👹 Xq DIOS dara justicia en su momento la JUSTICIA DE DIOS con sus hijitos sera IMPLACABLE y omnipotente🇬🇹🇬🇹🇬🇹🇬🇹",ahora destapo corrupcion existia ahora contamino despues ampliacion ahora deudas comunidad internacional prestamos carreteras ademas concesiones aeropuertos puertos mismas carreteras todos millonario eurobonos vender pais canasta basica q10 van hacer dinero obtengan sera regalo xq dios dara justicia momento justicia dios hijitos sera implacable omnipotente,-7.95,-0.899,negativo,3,justicia | justicia,corrupcion,👹👹👹,0,False,True,1
Ugx8vuWdqsWZslsS9R14AaABAg,WIUZtitfLRw,UCvcu1kR8xMYy_I1Ty-2mV2Q,/@hashojea7348,Caminar en una ciudad hecha para carros,Quorum,News & Politics,Excelente nota,excelente nota,3.0,0.6124,positivo,1,excelente,,,0,False,True,3
Ugx90cmhNaRBNDou1BR4AaABAg,OkXlHx0hx-8,UCBlm80VQ4YoV3bUJR_XhkaQ,/@rosadiaz6945,EE.UU. envía a mexicanos deportados a Guatemala antes de su regreso a México | Noticias Telemundo,Noticias Telemundo,News & Politics,Miserables el departamento de seguridad de USA,miserables departamento seguridad usa,0.0,0.0,sin cobertura léxica,0,,,,0,False,False,0
Ugx90cmhNaRBNDou1BR4AaABAg.AaA5Ej9IqgQAaBaWPRQg7K,OkXlHx0hx-8,UCi2KiZq63sRq8Mfbcp-MelQ,/@eugeneramirez4405,EE.UU. envía a mexicanos deportados a Guatemala antes de su regreso a México | Noticias Telemundo,Noticias Telemundo,News & Politics,"There tired of fraud and corruption and lethal drugs. 
We AMERICANS HAVE VOTED!
you don't like our LAWS lezve!",there tired of fraud and corruption and lethal drugs we americans have voted you don like our laws lezve,0.0,0.0,sin cobertura léxica,0,,,,0,False,False,0
Ugx90cmhNaRBNDou1BR4AaABAg.AaA5Ej9IqgQAaCnVqXU5cy,OkXlHx0hx-8,UCBlm80VQ4YoV3bUJR_XhkaQ,/@rosadiaz6945,EE.UU. envía a mexicanos deportados a Guatemala antes de su regreso a México | Noticias Telemundo,Noticias Telemundo,News & Politics,"​ @eugeneramirez4405 
Go away, there's no way to prove you're American.",eugeneramirez4405 go away there way to prove you re american,0.0,0.0,sin cobertura léxica,0,,,,0,False,False,0
Ugx90cmhNaRBNDou1BR4AaABAg.AaA5Ej9IqgQAaCz3GqqPAJ,OkXlHx0hx-8,UCi2KiZq63sRq8Mfbcp-MelQ,/@eugeneramirez4405,EE.UU. envía a mexicanos deportados a Guatemala antes de su regreso a México | Noticias Telemundo,Noticias Telemundo,News & Politics,"​ @rosadiaz6945 
Sure 👌 
Whatever you say!",rosadiaz6945 sure whatever you say,1.79,0.4195,positivo,0,,,👌,0,False,True,0
UgxCKgaQSm13r2z9hFd4AaABAg,j43HgwYFKfk,UColMq7LmaoY3MT6aIDGrGvA,/@quijotachapina1,La cooptación de Walter Mazariegos en la USAC,Quorum,News & Politics,"Escuché que solo fingen que las reuniones son virtuales, pero las hacen en un hôtel y encima liquidan los gastos generados 😡",escuché solo fingen reuniones virtuales hacen hôtel encima liquidan gastos generados,-3.0,-0.6124,negativo,0,,,😡,0,False,True,1
UgxCT5F3jO763e2aO-t4AaABAg,OkXlHx0hx-8,UCat2qkYvqmtDNEmo2PVuhXw,/@DoraSalas-j5o,EE.UU. envía a mexicanos deportados a Guatemala antes de su regreso a México | Noticias Telemundo,Noticias Telemundo,News & Politics,Dicen quelos van a mandar a africa cuidao paisas,dicen quelos van mandar africa cuidao paisas,0.0,0.0,sin cobertura léxica,0,,,,0,False,False,0
UgxCjFHfuFk1jUGvoIB4AaABAg,lj983NWyAQY,UCSTAUWVc1_82DHYeqOsqEFA,/@TheAlexX_C,Plan 2032 Ciudad de Guatemala,Municipalidad de Guatemala,News & Politics,"Que bella es la Ciudad de Guatemala, unica en su clase. 
Saludos desde El Salvador 😸",bella ciudad guatemala unica clase saludos salvador,2.5,0.5423,positivo,1,saludos,,😸,0,False,True,0
UgxD16VX3BhREOtsuhJ4AaABAg,yLZS3JiEBg8,UCcFIBN-rtC3d3hXeuN5TfWw,/@DenisRMC,Arroz con pollo a la MONOPOLIO,Quorum,News & Politics,"Excelente explicación 
Te falto incluir la harina que al final es el mismo dueño de las pastas...eso se llama MONOPOLIO...y tiene nombre
Contra ellos no se puede..hasta este dueño del monopolio hasta apoyo al actual presidente..
Raro..??",excelente explicación falto incluir harina final mismo dueño pastas llama monopolio nombre puede dueño monopolio apoyo actual presidente raro,4.5,0.7579,positivo,2,excelente | apoyo,,,0,False,True,3
UgxDBhcq11EK83DqrSZ4AaABAg,j43HgwYFKfk,UCV0lM03g5fg5pbPj97-sAtA,/@genarodelgado3929,La cooptación de Walter Mazariegos en la USAC,Quorum,News & Politics,"Excelente nota prensa!!
Compartan esta información para esos estudiantes ineptos y puedan conocer la realidad!!",excelente nota prensa compartan información esos estudiantes ineptos puedan conocer realidad,3.87,0.7068,positivo,1,excelente,,,0,False,True,1
UgxDFo35bUo0APtZcd94AaABAg,lj983NWyAQY,UC_ljZ1hZXR9pzexFz87P5ZA,/@ChRiStOpHeR7969,Plan 2032 Ciudad de Guatemala,Municipalidad de Guatemala,News & Politics,"balgame  DIOS   QUE  TAN  ATRASADOS  ESTAN   Y  CUANTO  TIEMPO  PARA  ESTAR  EN  LA  MODERNIDAD OJALA  Y  LO  LOGREN  ,  POR  CUANTOS  PRECIDENTES  TIENE  QUE  PASAR  Y  CONVENSER  PARA  QUE  ESTO  SEA  UNA  REALIDAD",balgame dios tan atrasados estan cuanto tiempo estar modernidad ojala logren cuantos precidentes pasar convenser sea realidad,0.65,0.1655,positivo,1,ojala,,,0,False,True,0
UgxEE17R1iQyuDZebVF4AaABAg,06mFNPU0aB8,UCLXYp1Cvc5DLtq5UQL5D9vw,/@jorgecifuentes-m5g,Capturan a presuntos delincuentes disfrazados de mujer señalados de cometer asalto,Noti7,News & Politics,TransLadrones ?,transladrones,0.0,0.0,sin cobertura léxica,0,,,,0,False,False,2
UgxEE17R1iQyuDZebVF4AaABAg.A_UFk_pMAbMA_VZ_0Vdu89,06mFNPU0aB8,UCfjhejO7LZy4doXURa7LZCQ,/@HonwayLee-z5g,Capturan a presuntos delincuentes disfrazados de mujer señalados de cometer asalto,Noti7,News & Politics,😂😂,,2.0,0.4588,positivo,0,,,😂😂,0,False,True,2
UgxE_8DGgJmaHaV_WLJ4AaABAg,n8iP75gIpmw,UCplrIQtaPj6au60_f2-mOYw,/@romeolopezherrarte799,Qué rico come tu diputado,Quorum,News & Politics,JAJAJAJA  SE METEN A HACER UN PROYECTO DE FERROCARRIL  A GUATEMALA LA DEJAN COMO ÁFRICA,jajajaja meten hacer proyecto ferrocarril guatemala dejan áfrica,1.3,0.3182,positivo,1,jajajaja,,,0,False,True,1
UgxEsAK7q3l34wFdZ414AaABAg,6W4u8sGEnGM,UCql1n3Ey6ULMSOACjMe-fxQ,/@RolandoGonzalez-o7g,Inician los trabajos de recuperación del Puente Belice II.,Gobierno de la República de Guatemala,Entertainment,"El Salvador que es un país tan pequeño está haciendo maravillas en su estructura su presidente.
  Y Guatemala que es un mega país, va tan atrasado como la  tortuga.",salvador país tan pequeño está haciendo maravillas estructura presidente guatemala mega país tan atrasado tortuga,-1.25,-0.3071,negativo,1,,atrasado,,0,False,True,2
UgxEsAK7q3l34wFdZ414AaABAg.A_zCnf5bSajA_zKDdWQaaO,6W4u8sGEnGM,UCZFQwqh90apuL8eFhvRBkUg,/@luisricardo9671,Inician los trabajos de recuperación del Puente Belice II.,Gobierno de la República de Guatemala,Entertainment,"Nayib Bukele lleva 7 años como presidente de El Salvador teniendo todos los poderes del estado a su favor, y el de Guate con todas las trabas que le pusieron los 2 primeros años, y queres un mega pais en 3 años no jodas, ni un edificio de 15 niveles lo terminan en 4 años, no esperes que la corrupcion de 30 años la solucionen en un periodo de gobierno estan dejando simientos pero si seguimos poniendo presidentes como los antecesores de este olvidate que ese puente lo terminen y seguiras viendo el pais en ruinas.",nayib bukele lleva años presidente salvador teniendo todos poderes estado favor guate todas trabas pusieron primeros años queres mega pais años jodas ni edificio niveles terminan años esperes corrupcion años solucionen periodo gobierno estan dejando simientos seguimos poniendo presidentes antecesores olvidate puente terminen seguiras viendo pais ruinas,-3.0,-0.6124,negativo,1,,corrupcion,,0,False,True,2
UgxEsAK7q3l34wFdZ414AaABAg.A_zCnf5bSajA_zMcZPgoSk,6W4u8sGEnGM,UCoGdCoJg2Lh0OX_jv6cG16g,/@Israel-u5i7i,Inician los trabajos de recuperación del Puente Belice II.,Gobierno de la República de Guatemala,Entertainment,​ @luisricardo9671 comentario bien acertado saludos amigo🧐🧐🧐,luisricardo9671 comentario acertado saludos amigo,2.5,0.5423,positivo,2,bien | saludos,,,0,False,True,2
UgxEsAK7q3l34wFdZ414AaABAg.A_zCnf5bSajA_zX0eQk5DZ,6W4u8sGEnGM,UCyJhqmMbsvjpoarBBStA2kg,/@Murmullodelbarrio,Inician los trabajos de recuperación del Puente Belice II.,Gobierno de la República de Guatemala,Entertainment,"Vos risa das lagarto h..... e p....... a
Ya quisieras que esto lo tuvieras en el Salvador 
A chngr a su madre a su país agrandado de m.....",vos risa das lagarto quisieras tuvieras salvador chngr madre país agrandado,1.0,0.25,positivo,1,risa,,,0,False,True,2
UgxEsAK7q3l34wFdZ414AaABAg.A_zCnf5bSajA_zXHoAX3hj,6W4u8sGEnGM,UCyJhqmMbsvjpoarBBStA2kg,/@Murmullodelbarrio,Inician los trabajos de recuperación del Puente Belice II.,Gobierno de la República de Guatemala,Entertainment,"​ @luisricardo9671 
Y ni así ha hecho algo similar el Bujele
Solo en seguridad ya se terminó toda la economía de el Pulgarcito y ya no tiene ni quien le preste más dinero",luisricardo9671 ni así hecho similar bujele solo seguridad terminó toda economía pulgarcito ni preste más dinero,0.0,0.0,sin cobertura léxica,0,,,,0,False,False,2
UgxEsAK7q3l34wFdZ414AaABAg.A_zCnf5bSajA_zXUuRIq0q,6W4u8sGEnGM,UCyJhqmMbsvjpoarBBStA2kg,/@Murmullodelbarrio,Inician los trabajos de recuperación del Puente Belice II.,Gobierno de la República de Guatemala,Entertainment,"Vos Rolando
Tu Bujele lleva 7 años con la cuesta los chorros y ni eso puede terminar
Ja jaaaaaaaaa viva Guatemala",vos rolando bujele lleva años cuesta chorros ni puede terminar ja jaaaaaaaaa viva guatemala,2.0,0.4588,positivo,1,viva,,,0,False,True,2
UgxEsAK7q3l34wFdZ414AaABAg.A_zCnf5bSajA_znUL05zze,6W4u8sGEnGM,UC63tFvbQ_hJhGDi2nbjssjw,/@AbigailRodas-w2r,Inician los trabajos de recuperación del Puente Belice II.,Gobierno de la República de Guatemala,Entertainment,Que fácil te dejas engañar al parecer todas se las crees a Bukeli,fácil dejas engañar parecer todas crees bukeli,-2.0,-0.4588,negativo,1,,engañar,,0,False,True,2
UgxEsAK7q3l34wFdZ414AaABAg.A_zCnf5bSajAa0q77b9a3F,6W4u8sGEnGM,UCtCtts20bW6F9CSohau51Iw,/@carlosgranados9875,Inician los trabajos de recuperación del Puente Belice II.,Gobierno de la República de Guatemala,Entertainment,"Y cual mega maravillas de guanacolandia, un estadio chino, un metro cable de 3 kilometros de distancia y un via llamada los chorros que lleva como 5 años y nunca lo terminan. Por favor investiga un poco antes de abrir la bocota. Haaa¡ y se me olvidaba  la gran deuda externa que tienen.☝️🧐🇬🇹🇬🇹🇬🇹🇬🇹",mega maravillas guanacolandia estadio chino metro cable kilometros distancia via llamada chorros lleva años nunca terminan favor investiga abrir bocota haaa olvidaba gran deuda externa tienen,0.0,0.0,sin cobertura léxica,0,,,,0,False,False,2
UgxEsAK7q3l34wFdZ414AaABAg.A_zCnf5bSajAa0qEPC8tJc,6W4u8sGEnGM,UCtCtts20bW6F9CSohau51Iw,/@carlosgranados9875,Inician los trabajos de recuperación del Puente Belice II.,Gobierno de la República de Guatemala,Entertainment,​ @Murmullodelbarrio 👍🇬🇹,murmullodelbarrio,2.0,0.4588,positivo,0,,,👍,0,False,True,2
UgxEsAK7q3l34wFdZ414AaABAg.A_zCnf5bSajAa41uU3Anhg,6W4u8sGEnGM,UCWaRixDdpgllTBf4V0jPnKQ,/@hectormaaz5523,Inician los trabajos de recuperación del Puente Belice II.,Gobierno de la República de Guatemala,Entertainment,Por que votas por los payasos ledrones pollo roncos que han robado el pais trata de arrepentirte y no volver apoyar a sus amigos que ae estan preparando para buscar y pagar votantes,votas payasos ledrones pollo roncos robado pais trata arrepentirte volver apoyar amigos ae estan preparando buscar pagar votantes,-6.11,-0.8446,negativo,3,,payasos | robado | apoyar,,1,False,True,2
UgxFOJmnMHqi2dpDaZd4AaABAg,n8iP75gIpmw,UCcfdg8crmMJwEuLUsAhV7yg,/@RolandoRaguay,Qué rico come tu diputado,Quorum,News & Politics,"Creo que no entienden los Sres periodistas, la comida de trabajo que se hace con personas ajenas del congreso se debe de pagar con dinero del pueblo, más no como antes que en las reuniones del congreso comían gratis todos los diputados",creo entienden sres periodistas comida trabajo hace personas ajenas congreso debe pagar dinero pueblo más reuniones congreso comían gratis todos diputados,1.0,0.25,positivo,1,gratis,,,0,False,True,1
UgxFzCyhju6zPSl4zwZ4AaABAg,j43HgwYFKfk,UC6Uj1FT5JjDSF8vudvDxPAA,/@alfredoortega9264,La cooptación de Walter Mazariegos en la USAC,Quorum,News & Politics,Bendiciones a la licenciada periodista Vásquez que Dios proteja su camino y la guarde siempre durante su trabajo en pos de la universidad 🙏,bendiciones licenciada periodista vásquez dios proteja camino guarde siempre durante trabajo pos universidad,3.5,0.6705,positivo,1,bendiciones,,🙏,0,False,True,1
UgxHqBlwo8Dpvv-2P5d4AaABAg,n8iP75gIpmw,UCj-LL25XJnjxepPKCc3NGog,/@anaaguirre8985,Qué rico come tu diputado,Quorum,News & Politics,"Es claro nesecitan fondos=caja chica estos recursos deben ser canalizados e implementado  material utilizado las comidas podría ser en fondo general si tuviesen invitados en una sesión extendida, tener un piso por persona. (No comprar lujos)
Esperemos ver otras facturas de diferentes bancadas.
Y apoyo toda fiscalización",claro nesecitan fondos caja chica estos recursos deben canalizados implementado material utilizado comidas podría fondo general tuviesen invitados sesión extendida tener piso persona comprar lujos esperemos ver otras facturas diferentes bancadas apoyo toda fiscalización,1.13,0.2801,positivo,2,apoyo,esperemos,,1,False,True,1
UgxJQfg5iHA6vRWS0El4AaABAg,j43HgwYFKfk,UC1DpqK6vaPEkBOMNvypsKYg,/@HectorCarranza-u4j4o,La cooptación de Walter Mazariegos en la USAC,Quorum,News & Politics,se tiene unir el pueblo y zacar a este corrupto y.criminal xq el pueblo manda no es este mafioso xq este wualter masariego esta sin visa x tramposo es aliado al.pacto de.corruptos y.fe todos los terriristas,unir pueblo zacar corrupto criminal xq pueblo manda mafioso xq wualter masariego visa tramposo aliado pacto corruptos fe todos terriristas,-6.28,-0.8512,negativo,4,mafioso,corrupto | criminal | corruptos,,1,False,True,1
UgxK5IJwWigmJ56Xp7p4AaABAg,ndAZjHqzzT8,UCpsKOkt5iWTbenzeuq7dsmQ,/@inge_vergueta,Internet: escoger el menos malo,Quorum,News & Politics,Magistral información. Que debería ser viral y llegar a toda la población...,magistral información debería viral llegar toda población,0.0,0.0,sin cobertura léxica,0,,,,0,False,False,3
UgxKfM_nJMsGTkKkM8V4AaABAg,n8iP75gIpmw,UCDftMWXQoJ6nONfY7GVOVjg,/@luisgpacheco5858,Qué rico come tu diputado,Quorum,News & Politics,"Diga hasta misa diputado hambriento, cualquier justificación es pretexto y deje de buscar protagonismo en un trabajo que no hace eficientemente, ojalá la gente sensata nunca más vuelva a dar un voto en una planilla en donde figuren tipos de esta vil calaña.",diga misa diputado hambriento cualquier justificación pretexto deje buscar protagonismo trabajo hace eficientemente ojalá gente sensata nunca más vuelva dar voto planilla figuren tipos vil calaña,-0.37,-0.0951,negativo,1,,ojalá,,1,False,True,1
UgxLNf6Xy3xngPFLs594AaABAg,n8iP75gIpmw,UCYwpX26TrCxq8TvbKGRYLXA,/@beneficioelcaminovillacana8540,Qué rico come tu diputado,Quorum,News & Politics,Sr diputado si ud sabe cuales son las condiciones del funcionamiento y sus consecuencias de ser diputado. Por qué se mete a ser diputado cual es su objetivo q le motiva  ser funcionario político. O acaso lo obligaron ?,sr diputado ud sabe cuales condiciones funcionamiento consecuencias diputado qué mete diputado objetivo motiva funcionario político acaso obligaron,0.0,0.0,sin cobertura léxica,0,,,,0,False,False,1
UgxLSZD8ZrNFmd10RKR4AaABAg,n8iP75gIpmw,UCUIIIPTVDVHAXqhC_5V6lPA,/@gorrarota,Qué rico come tu diputado,Quorum,News & Politics,"Que desgraciado ese dipurrata, justificando lo injustificable... no sólo se reunen para planear sus transas si no que además pagamos la factura de esas reuniones y cuidado que menciona a Arévago con una de las transas que pretende hacer con lo de ""tecnología"" que dice es su trabajo como legislador.",desgraciado dipurrata justificando injustificable sólo reunen planear transas además pagamos factura esas reuniones cuidado menciona arévago transas pretende hacer tecnología dice trabajo legislador,0.0,0.0,sin cobertura léxica,0,,,,0,False,False,1
UgxNSGVebHMGSFI8zX94AaABAg,6W4u8sGEnGM,UCzZ6dDCEsLMXbc5pCFXIprw,/@josegil3813,Inician los trabajos de recuperación del Puente Belice II.,Gobierno de la República de Guatemala,Entertainment,"tendra' una vista maravillosa , pero lo feo sera' la vista del rio aguas negras muy negativo para el turismo internacional.-",tendra vista maravillosa feo sera vista rio aguas negras negativo turismo internacional,3.0,0.6124,positivo,1,maravillosa,,,0,False,True,2
UgxNgFkGSE6nct4PF3V4AaABAg,PjmxCj-a9Hg,UCNIeXbV_mEwpa412h1aqUWw,/@juandeleon9060,Conferencia de Prensa del Gobierno de Guatemala. #LaRondaGt,Gobierno de la República de Guatemala,Entertainment,Regresa. Y. Bas de buelta. Ala carsel....,regresa bas buelta ala carsel,0.0,0.0,sin cobertura léxica,0,,,,0,False,False,2
UgxOO0LIkZP1WvhR1U54AaABAg,ndAZjHqzzT8,UC_6KbBY1bsYXz9fwFS0eQRg,/@imrcp5694,Internet: escoger el menos malo,Quorum,News & Politics,Exelente 👌,exelente,1.5,0.3612,positivo,0,,,👌,0,False,True,3
UgxPHo503SIH-EmlR-t4AaABAg,6W4u8sGEnGM,UCV3fr-YOixFKCZBbJP1-X4w,/@albertoshernandez5251,Inician los trabajos de recuperación del Puente Belice II.,Gobierno de la República de Guatemala,Entertainment,"EL PRESIDENTE BERNARDO AREVALO TIENE QUE DAR SEGUNDA BUELTA COMO PRESIDENTE PARA QUE TERMINE TODOS LOS PROYECTOS QUE LOS ANTERIORES PRESINTES LADRONES NO FINALISARON .,EL PRESIDENTE BERNARDO AREVALO TIENE QUE DAR SEGUNDA BUELTA PORQUE SE VE MUY BIÉN QUE SI ESTA HACIENDO MUCHAS COSAS BUENAS EN GUATEMALA 👍.",presidente bernardo arevalo dar segunda buelta presidente termine todos proyectos anteriores presintes ladrones finalisaron presidente bernardo arevalo dar segunda buelta ve bién haciendo muchas cosas buenas guatemala,1.1875,0.2931,positivo,2,buenas,ladrones,👍,0,False,True,2
UgxPRaGm9MdlK4U6VPt4AaABAg,n8iP75gIpmw,UCDQaQv0hr2SS_PO-CMEwVHg,/@federicosaquimux1933,Qué rico come tu diputado,Quorum,News & Politics,"Bueno, si lo tienen más que ""merecido"" por el trabajo por la patria, hay menús más baratos. Aunque lo justifica y lo rejustifica, no es merecido con tanta desnutrición y costo de la canasta básica.

Por honestidad, se puede reintegrar.",bueno tienen más merecido trabajo patria menús más baratos justifica rejustifica merecido tanta desnutrición costo canasta básica honestidad puede reintegrar,2.1,0.4767,positivo,3,bueno | honestidad,desnutrición,,0,False,True,1
UgxQC-ejR063rkAb1VB4AaABAg,yLZS3JiEBg8,UCefAH1MbvADWUjE9WVcB9EQ,/@jabriz8152,Arroz con pollo a la MONOPOLIO,Quorum,News & Politics,"Y no hay manera de aprobar la ley de libre competencia, Guatepeor, aranceles, trabas a importaciones, suministros, hasta cuando",manera aprobar ley libre competencia guatepeor aranceles trabas importaciones suministros,0.0,0.0,sin cobertura léxica,0,,,,0,False,False,3
UgxR0AXNH_3DGn-T1494AaABAg,n8iP75gIpmw,UC72gBAtyb_VXQlYDcFrh6oQ,/@osmanmorales3012,Qué rico come tu diputado,Quorum,News & Politics,Y para que participan si por el sueldo no es sino por robar,participan sueldo sino robar,-3.0,-0.6124,negativo,1,,robar,,0,False,True,1
UgxR1eqvFSEtPNShD8x4AaABAg,6W4u8sGEnGM,UCEHXl4VvvVpq-_4xC5tsbhg,/@anibalg47,Inician los trabajos de recuperación del Puente Belice II.,Gobierno de la República de Guatemala,Entertainment,SEÑORES ESTE ES UN MEGA PROYECTO. DEBEMOS TRABAJAR Y PENSAR EN EL FUTURO DE GUATEMALA.AVANCEMOS HACIA ADELANTE.  DELANTE...,señores mega proyecto debemos trabajar pensar futuro guatemala avancemos hacia adelante delante,1.95,0.4497,positivo,1,adelante,,,0,False,True,2
UgxS0pN-vg0fjeNSLeJ4AaABAg,6W4u8sGEnGM,UCeQk-WfEA-cJRq4EKeE7TOw,/@franciscojuarez9223,Inician los trabajos de recuperación del Puente Belice II.,Gobierno de la República de Guatemala,Entertainment,lamento arruinarles la fiesta pero dudo que esto logren materializarlo y si se logra que soporte un fuerte sismo... lo dudo... desde ya es un reto para el nivel de corrupción en el que vivimos y que se termine esta obra que si beneficiara a miles,lamento arruinarles fiesta dudo logren materializarlo logra soporte fuerte sismo dudo reto nivel corrupción vivimos termine obra beneficiara miles,-5.0,-0.7906,negativo,3,,dudo | dudo | corrupción,,0,False,True,2
UgxTjz0jSJkZW5dGnSp4AaABAg,n8iP75gIpmw,UCkd9W714-947dEE6ZOEBATA,/@ARGELIATELON,Qué rico come tu diputado,Quorum,News & Politics,"Nomás se sientan en el cargo de diputados y ministros y....les crecen ""los cachetes"" hasta les brillan y la barriga. Ej. Benito (tamaletas), Sinibaldi y otros. Y nuestros niños desnutridos....les viene del aire.",nomás sientan cargo diputados ministros crecen cachetes brillan barriga ej benito tamaletas sinibaldi otros nuestros niños desnutridos viene aire,0.0,0.0,sin cobertura léxica,0,,,,0,False,False,1
UgxVUS-jkZU2DAjmNjR4AaABAg,n8iP75gIpmw,UCljDbleJul41G1TzOjOZAVA,/@hectorcarranza3777,Qué rico come tu diputado,Quorum,News & Politics,x eso es que estan bravos todos esos sinverguenzas xq ya no pueden hacer sus cochinadas ahora con don vernardo arevalo antes asian amedia noche a escondidas del pueblo ahora seles termino todo que verguenza que el pueblo sufriendo muchos problemas y eyos gosando de buenas dietas,estan bravos todos esos sinverguenzas xq pueden hacer cochinadas ahora don vernardo arevalo asian amedia noche escondidas pueblo ahora seles termino verguenza pueblo sufriendo muchos problemas eyos gosando buenas dietas,-5.75,-0.8294,negativo,5,buenas,sinverguenzas | verguenza | sufriendo | problemas,,0,False,True,1
UgxW0ZnTohConSPgOpp4AaABAg,j43HgwYFKfk,UCGGHbtfbbe0o68etrOf0qxw,/@karensussetteleonvargas9794,La cooptación de Walter Mazariegos en la USAC,Quorum,News & Politics,Exelente,exelente,0.0,0.0,sin cobertura léxica,0,,,,0,False,False,1
UgxWzoHDeFfVC7jrjzF4AaABAg,OkXlHx0hx-8,UCVdjCrh4tQoX3haNAZv-n5A,/@aurahernandez5646,EE.UU. envía a mexicanos deportados a Guatemala antes de su regreso a México | Noticias Telemundo,Noticias Telemundo,News & Politics,Dios los bendiga y disfruten su familia Dios sabe lo que hace bendiciones para todos.,dios bendiga disfruten familia dios sabe hace bendiciones todos,2.0,0.4588,positivo,1,bendiciones,,,0,False,True,0
UgxWzoHDeFfVC7jrjzF4AaABAg.Aa9DdH5avRRAaB_gLYRAuw,OkXlHx0hx-8,UCi2KiZq63sRq8Mfbcp-MelQ,/@eugeneramirez4405,EE.UU. envía a mexicanos deportados a Guatemala antes de su regreso a México | Noticias Telemundo,Noticias Telemundo,News & Politics,If you're not a citizen you cannot stay!,if you re not citizen you cannot stay,0.0,0.0,sin cobertura léxica,0,,,,0,False,False,0
UgxXGkvxY-TdtPROWcV4AaABAg,j43HgwYFKfk,UCZeIIQrGAedW8tCbKWmGY-A,/@mariocordon8873,La cooptación de Walter Mazariegos en la USAC,Quorum,News & Politics,No cabe duda que es el reflejo de la cooptacion que el pacto de corruptos a echo en todas las instituciones del pais.,cabe duda reflejo cooptacion pacto corruptos echo todas instituciones pais,-2.63,-0.5618,negativo,2,duda,corruptos,,1,False,True,1
UgxXy9CurqMBEjFnVwF4AaABAg,ndAZjHqzzT8,UCvcu1kR8xMYy_I1Ty-2mV2Q,/@hashojea7348,Internet: escoger el menos malo,Quorum,News & Politics,"Excelente video, me acabo de suscribir al canal y ahora a ver los demás videos.",excelente video acabo suscribir canal ahora ver demás videos,3.0,0.6124,positivo,1,excelente,,,0,False,True,3
UgxZFzh6jzOX7Avhk1h4AaABAg,n8iP75gIpmw,UCFUuDARXdmmIrLppEqf-rFg,/@allanmunoz7410,Qué rico come tu diputado,Quorum,News & Politics,"Es con criterio, no le podemos exigir mucho.",criterio podemos exigir mucho,0.0,0.0,sin cobertura léxica,0,,,,0,False,False,1
Ugx_gjcVH5SlIKBNTGh4AaABAg,yLZS3JiEBg8,UCCUmP4PlbwgikVFpYwbtRTg,/@alhvi,Arroz con pollo a la MONOPOLIO,Quorum,News & Politics,"Excelente trabajo. Sigan haciendo más vídeos así, explicando con lenguaje sencillo. Quisiera apoyarles más, pero les dejo mi like, comentario y comparto.",excelente trabajo sigan haciendo más vídeos así explicando lenguaje sencillo quisiera apoyarles más dejo like comentario comparto,4.0,0.7184,positivo,2,excelente | comparto,,,0,False,True,3
Ugxb-sknzjBr3wecCw94AaABAg,06mFNPU0aB8,UCfXykdbSU97rj987LDUGfvg,/@MariaSantos-c8y3h,Capturan a presuntos delincuentes disfrazados de mujer señalados de cometer asalto,Noti7,News & Politics,Por q no dan la cara,dan cara,0.0,0.0,sin cobertura léxica,0,,,,0,False,False,2
Ugxb1xcC9SSJ_5vSArF4AaABAg,j43HgwYFKfk,UC4Avya4kmR4Q0FrfFdBozSQ,/@davidlima1348,La cooptación de Walter Mazariegos en la USAC,Quorum,News & Politics,"Urge estudiantes y catedráticos con lucha social,en recuperar la autonomía universitaria,es urgente fiscalizar los bienes de quienes estuvieron apoyando a este rector,revisar viajesitos a muchos estudiantes que se vendieron urge una A.E.U. que ame la sancarlos y nuestro bendito país,urgente fiscalizarlos",urge estudiantes catedráticos lucha social recuperar autonomía universitaria urgente fiscalizar bienes quienes estuvieron apoyando rector revisar viajesitos muchos estudiantes vendieron urge ame sancarlos nuestro bendito país urgente fiscalizarlos,0.0,0.0,sin cobertura léxica,0,,,,0,False,False,1
Ugxbz7-04jLwadBMK_p4AaABAg,n8iP75gIpmw,UChep9kVb5gQmpodEEl10Xlg,/@carlosaguilar-kz7ml,Qué rico come tu diputado,Quorum,News & Politics,2000 quetzales todo una quincena se hartaron en un solo dia. Que joyitas estas que no piensan en el pueblo.,quetzales quincena hartaron solo dia joyitas estas piensan pueblo,0.0,0.0,sin cobertura léxica,0,,,,0,False,False,1
UgxcBa2IQb3I0JZcFax4AaABAg,6W4u8sGEnGM,UCtsxPYw8VUsH_FfnKg-0lmw,/@AlejandroP%C3%A9rez-b6r,Inician los trabajos de recuperación del Puente Belice II.,Gobierno de la República de Guatemala,Entertainment,Lo del nombre es lo de menos ojala que si lo terminen esta vez,nombre menos ojala terminen vez,0.5,0.128,positivo,1,ojala,,,0,False,True,2
UgxcGV8-rD83ACvM0954AaABAg,n8iP75gIpmw,UCRlCV9zSn7avAWh-9_XFWqQ,/@ronyarana8849,Qué rico come tu diputado,Quorum,News & Politics,"No es un buen salario 25,000.00 quetzales dice entonces q puedo hacer yo con 3,000.00 tristes quetzales",buen salario quetzales dice entonces puedo hacer tristes quetzales,-1.48,-0.357,negativo,1,,buen,,1,False,True,1
UgxctiUZJriWwsE0a6J4AaABAg,n8iP75gIpmw,UCut6b9S98nv84cVX89PmKzA,/@yeniferaguirre4498,Qué rico come tu diputado,Quorum,News & Politics,Échale un cuento completo este diputado y toda la bola de inservibles que fueron a comerse dinero del pueblo hasta sanguijuelas Oiga bien Dice que Cómo en el erario público y el gobierno como empresa donde una empresa produce dinero ellos gastan dinero desde una empresa no le da un bocado de comida a nadie si no produce ellos no producen ellos son los gastan,échale cuento completo diputado toda bola inservibles fueron comerse dinero pueblo sanguijuelas oiga dice cómo erario público gobierno empresa empresa produce dinero gastan dinero empresa da bocado comida nadie produce producen gastan,1.5,0.3612,positivo,1,bien,,,0,False,True,1
Ugxd8fn-MEnc3SKPtid4AaABAg,6W4u8sGEnGM,UCfo_yUPzy1f1POwwZxhZ06Q,/@lara11roberto,Inician los trabajos de recuperación del Puente Belice II.,Gobierno de la República de Guatemala,Entertainment,"Otto Pérez Leal dejó tirado un paso a desnivel en Molino Las Flores y Neto Bran ni se ha molestado en retomar. 
Hay diferencias de políticos. Arévalo, el tiempo le dará la razón.
La paciencia es una virtud.",otto pérez leal dejó tirado paso desnivel molino flores neto bran ni molestado retomar diferencias políticos arévalo tiempo dará razón paciencia virtud,0.0,0.0,sin cobertura léxica,0,,,,0,False,False,2
UgxdfjiT5_VBaeADj7h4AaABAg,6W4u8sGEnGM,UCV3fr-YOixFKCZBbJP1-X4w,/@albertoshernandez5251,Inician los trabajos de recuperación del Puente Belice II.,Gobierno de la República de Guatemala,Entertainment,TODO EL APOYO PARA EL PRESIDENTE BERNARDO AREVALO 👏🎉👏🎉👏🎉👏,apoyo presidente bernardo arevalo,16.95,0.9749,positivo,1,apoyo,,👏🎉👏🎉👏🎉👏,0,False,True,2
Ugxe0MXeW4ziwUMTfF54AaABAg,n8iP75gIpmw,UCTylKrsqkrBKIqubMu_5N0Q,/@edwingeovanymarroquinmarro6684,Qué rico come tu diputado,Quorum,News & Politics,Jejejejejkee porque nosotros vivos con el minimo jejeje,jejejejejkee nosotros vivos minimo jejeje,0.0,0.0,sin cobertura léxica,0,,,,0,False,False,1
UgxeJQgzDc124jVv7Fx4AaABAg,j43HgwYFKfk,UC5hvEnRUzI4Kfvwnyi4QxqQ,/@leonelsantizo5281,La cooptación de Walter Mazariegos en la USAC,Quorum,News & Politics,Más claro imposible! Usac sigan en su lucha! Mientras comparto su video para que más personas se informen,más claro imposible usac sigan lucha mientras comparto video más personas informen,1.58,0.3777,positivo,1,comparto,,,0,False,True,1
Ugxf6gnAtXKqV1Q_zRd4AaABAg,WIUZtitfLRw,UCVhif9eV0f8plICen2DnpKA,/@blogarteplus,Caminar en una ciudad hecha para carros,Quorum,News & Politics,"Excelente reportaje. Les comparto algo que escribí en mi blog sobre mi experiencia siendo peatón en la cabecera departamental de Jutiapa, acá en Guatemala. 
https://mrmannoticias.blogspot.com/2018/04/el-indomito-peaton-de-jutiapa.html",excelente reportaje comparto escribí blog experiencia siendo peatón cabecera departamental jutiapa acá guatemala,4.0,0.7184,positivo,2,excelente | comparto,,,0,False,True,3
UgxfUxJfY_pjvu9318Z4AaABAg,n8iP75gIpmw,UC1vr9aaMI2crB0NvwFHUeoQ,/@JoseSimilox-p6e,Qué rico come tu diputado,Quorum,News & Politics,Ese diputado es mañoso y abusivo como todos solo de artar no hacen nada bueno por el pueblo ladrones el pueblo le paga de Ai tiene que pagar su almuerzo,diputado mañoso abusivo todos solo artar hacen nada bueno pueblo ladrones pueblo paga ai pagar almuerzo,-6.98,-0.8744,negativo,3,,abusivo | bueno | ladrones,,1,False,True,1
UgxfnbtuhVQuDILnXj14AaABAg,n8iP75gIpmw,UCEgEQmRbtL5fwr9_DqAC--g,/@ArielRodas-g5y,Qué rico come tu diputado,Quorum,News & Politics,Que no justifique. Trabajo es trabajo y tiene que haser algo,justifique trabajo trabajo haser,0.0,0.0,sin cobertura léxica,0,,,,0,False,False,1
Ugxgxziq7k4s9WwmauB4AaABAg,lj983NWyAQY,UCIUhbSCy3-SGRe5UtqM4fzQ,/@jeanmorales1677,Plan 2032 Ciudad de Guatemala,Municipalidad de Guatemala,News & Politics,Es problema es el exceso de vehículos y eso nadie lo podrá resolver sin contar la falta de educación vial que genera bastante tráfico ya q todos quieren pasar al mismo tiempo. Pero son buenos proyectos.,problema exceso vehículos nadie podrá resolver contar falta educación vial genera bastante tráfico todos quieren pasar mismo tiempo buenos proyectos,1.0,0.25,positivo,2,buenos,problema,,0,False,True,0
UgxiEgXuexKPtHEwAQJ4AaABAg,OkXlHx0hx-8,UCozFYHN0e_-vlQbX3wQGOug,/@jesusguzman2321,EE.UU. envía a mexicanos deportados a Guatemala antes de su regreso a México | Noticias Telemundo,Noticias Telemundo,News & Politics,Esa son la noticia de univision y Telemundo  no dan otra positiva al gobierno  ya lo estamos desenmascarando  su manipulación,noticia univision telemundo dan otra positiva gobierno estamos desenmascarando manipulación,-2.0,-0.4588,negativo,1,,manipulación,,0,False,True,0
UgxiEgXuexKPtHEwAQJ4AaABAg.Aa9HLCNywwKAa9OgyseDes,OkXlHx0hx-8,UCQMMuADgqWUOcJpLwHOzC-g,/@Ripped-Yoda,EE.UU. envía a mexicanos deportados a Guatemala antes de su regreso a México | Noticias Telemundo,Noticias Telemundo,News & Politics,Bajo el crimen y la oferta de casas crecio en Texas…..lastima por tamto ilegal,crimen oferta casas crecio texas lastima tamto ilegal,-6.0,-0.8402,negativo,3,,crimen | lastima | ilegal,,0,False,True,0
UgxiEgXuexKPtHEwAQJ4AaABAg.Aa9HLCNywwKAa9ZeEQh7n7,OkXlHx0hx-8,UC-QOpE7GOxlXcHZ8b7HbQKA,/@mariaalexander427,EE.UU. envía a mexicanos deportados a Guatemala antes de su regreso a México | Noticias Telemundo,Noticias Telemundo,News & Politics,💯Correcto.  Unicoyote y Telementiras ya jartan con la misma novela y teatro todos los dias.,correcto unicoyote telementiras jartan misma novela teatro todos dias,3.5,0.6705,positivo,1,correcto,,💯,0,False,True,0
Ugxj76_NAyOnh_vsgMV4AaABAg,lj983NWyAQY,UC0RpuMwkDKJYqgKHtsJRuWQ,/@sabinamarinaguerra3248,Plan 2032 Ciudad de Guatemala,Municipalidad de Guatemala,News & Politics,Se ve moderna Y bella la ciudad de Guatemala .......Saludos desde Ecuador,ve moderna bella ciudad guatemala saludos ecuador,1.0,0.25,positivo,1,saludos,,,0,False,True,0
UgxkcFai5KbeHyhGbnF4AaABAg,6W4u8sGEnGM,UC-HeUTT6_g-VoiWds2a4H-w,/@JorgeMunoz-gd9et,Inician los trabajos de recuperación del Puente Belice II.,Gobierno de la República de Guatemala,Entertainment,Señor presidente enfoque se en combatir la delincuencia y usted será recordado como el mejor presidente de Guatemala,señor presidente enfoque combatir delincuencia usted será recordado mejor presidente guatemala,1.5,0.3612,positivo,1,mejor,,,0,False,True,2
Ugxl5bLZ1llR9fV0V0l4AaABAg,n8iP75gIpmw,UC2Y_EHWQKevubk4vOEBBFxw,/@alfonsomorales2653,Qué rico come tu diputado,Quorum,News & Politics,"Demos Like y comentemos en este tipo de contenido, asi mas gente se entera de estos tranzas 
Risa dá que pida que hanlen de lo que ""hace bien""..... Es su trabajo pedazo de M",demos like comentemos tipo contenido gente entera estos tranzas risa dá pida hanlen hace trabajo pedazo,2.5,0.5423,positivo,2,risa | bien,,,0,False,True,1
UgxoLjEjkngSVGZvO1N4AaABAg,j43HgwYFKfk,UCpsKOkt5iWTbenzeuq7dsmQ,/@inge_vergueta,La cooptación de Walter Mazariegos en la USAC,Quorum,News & Politics,👏👏👏👏👏👏,,7.5,0.8885,positivo,0,,,👏👏👏👏👏👏,0,False,True,1
Ugxoc10_rBva4f6IW2N4AaABAg,n8iP75gIpmw,UCwW2OFy95P7ZBkOPxWkpvYg,/@TeresaLucero-b5o,Qué rico come tu diputado,Quorum,News & Politics,Que devuelvan el pisto ...,devuelvan pisto,0.0,0.0,sin cobertura léxica,0,,,,0,False,False,1
UgxovP0Yh3_qrKdrKrp4AaABAg,yLZS3JiEBg8,UCwEe1RKlEv1UpNWmWYfSh4w,/@marioramirez299,Arroz con pollo a la MONOPOLIO,Quorum,News & Politics,"Primera contradicción ¿Cómo le van a poner un conjunto de reglas a un ""libre mercado"". Al hacer la ley ya no será un libre mercado.

El problema no es la falta de ley. El problema es el sistema capitalista. No hay que darle tanta vuelta",primera contradicción cómo van poner conjunto reglas libre mercado hacer ley será libre mercado problema falta ley problema sistema capitalista darle tanta vuelta,-2.0,-0.4588,negativo,2,,problema | problema,,0,False,True,3
UgxpFKbiejsVGSNIcTh4AaABAg,n8iP75gIpmw,UCQtICyzWmhC5woCtbNgaSmg,/@nestormendez6216,Qué rico come tu diputado,Quorum,News & Politics,Esa bancada Cabal y otros siguen en la terquedad de gastar en comida. A nadie le deben pagar su comida. A nadie. NADIE.,bancada cabal otros siguen terquedad gastar comida nadie deben pagar comida nadie nadie,0.0,0.0,sin cobertura léxica,0,,,,0,False,False,1
UgxqEChOyWebtVaqy-V4AaABAg,n8iP75gIpmw,UCDlr1VadSucIZgZ171pRBjQ,/@cuabatzjj5924,Qué rico come tu diputado,Quorum,News & Politics,Soy yo vi Cua Batz,soy vi cua batz,0.0,0.0,sin cobertura léxica,0,,,,0,False,False,1
UgxqSfWMWvqMX8tiC5x4AaABAg,n8iP75gIpmw,UCHhHUjaMAZ8SiXdCUCj9DkQ,/@fredymendez1786,Qué rico come tu diputado,Quorum,News & Politics,"me imagino que en los horarios que deberian de estar trabajando estan durmiendo por eso aparecen , dicen que trabajando pero es es solamente haciendo carnitas asadas y cerveciando.",imagino horarios deberian estar trabajando estan durmiendo aparecen dicen trabajando solamente haciendo carnitas asadas cerveciando,0.0,0.0,sin cobertura léxica,0,,,,0,False,False,1
UgxrZBO3MtEqcgXAIEN4AaABAg,lj983NWyAQY,UCxKR3RA8T-kxMgq_2WWhRcQ,/@elenaluarca9377,Plan 2032 Ciudad de Guatemala,Municipalidad de Guatemala,News & Politics,"Que bueno que Guatemala sea una cuidad bonita y ojalá todos los proyectos sean realidad. Se los deseo con todo corazón de una salvadoreña que gusta mucho de la cuidad de Guatemala , donde me crie y viví por mucho tiempo y la considero mi segundo país, viva Guatemala y viva todo Centroamérica.",bueno guatemala sea cuidad bonita ojalá todos proyectos sean realidad deseo corazón salvadoreña gusta mucho cuidad guatemala crie viví mucho tiempo considero segundo país viva guatemala viva centroamérica,10.0,0.9325,positivo,6,bueno | bonita | ojalá | gusta | viva | viva,,,0,False,True,0
UgxswojCyw1a0RuHVEp4AaABAg,3Nfp9h5avBI,UCJxJC56BSAX-ArD0NAb9qnQ,/@alfonsowilian9157,"Noticiero en Directo 1 pm, 28 de Agosto de 2026",Noticiero Guatevisión 13 Hrs.,News & Politics,La persona encargada del ecosistema que ayude a este problema.,persona encargada ecosistema ayude problema,-1.0,-0.25,negativo,1,,problema,,0,False,True,0
UgxuO_1lX_-jTQfAzZx4AaABAg,lj983NWyAQY,UCqilIa8r7iek5sGYg_q6ofA,/@rolandojuchuna484,Plan 2032 Ciudad de Guatemala,Municipalidad de Guatemala,News & Politics,Sería  muy bueno construir el tren a nivel departamentales hacia la ciudad de Guatemala,sería bueno construir tren nivel departamentales hacia ciudad guatemala,2.7,0.5719,positivo,1,bueno,,,0,False,True,0
UgxudaO35O8XcM9Wu4t4AaABAg,3Nfp9h5avBI,UCyor0Mmm0ivLX2jIdyGp84Q,/@MiguelJordan-n3g,"Noticiero en Directo 1 pm, 28 de Agosto de 2026",Noticiero Guatevisión 13 Hrs.,News & Politics,Q  recuerdos esta dejando semiya se pierden armas del estado la delincuencia no reduse,recuerdos dejando semiya pierden armas estado delincuencia reduse,0.0,0.0,sin cobertura léxica,0,,,,0,False,False,0
UgxvgdNqovIhqUZDxUx4AaABAg,j43HgwYFKfk,UCpe5jW3MIqkgTJ-PgkzvM6Q,/@carloslam5333,La cooptación de Walter Mazariegos en la USAC,Quorum,News & Politics,Y los estudiantes de la usac que han echo?,estudiantes usac echo,0.0,0.0,sin cobertura léxica,0,,,,0,False,False,1
UgxvmbFNm6tYRX6yfLN4AaABAg,n8iP75gIpmw,UCz3gu01bmjNv0DpRq-K3XYg,/@eusebiovasquez4385,Qué rico come tu diputado,Quorum,News & Politics,Pero que trabajo ase este delincuente si sólo robar,trabajo ase delincuente sólo robar,-5.5,-0.8176,negativo,2,,delincuente | robar,,0,False,True,1
Ugxvt0tvqY4UlDS2hoh4AaABAg,j43HgwYFKfk,UCuXmOjxC-htcprLgeVXz6Tg,/@jorgeaguilar-bq3uj,La cooptación de Walter Mazariegos en la USAC,Quorum,News & Politics,"FUERA MAZARIEGOS DE LA USAC, TÍTERE DEL PACTO DE CORRUPTOS!!!
Guatemala necesita que CICIG vuelva y reinicie la lucha anti corrupción, el pacto de corruptos encabezado por la fundación contra el terrorismo ya tiene cooptadas todas las instituciones de justicia, especialmente el MP. 👍⚖️",fuera mazariegos usac títere pacto corruptos guatemala necesita cicig vuelva reinicie lucha anti corrupción pacto corruptos encabezado fundación terrorismo cooptadas todas instituciones justicia especialmente mp,-7.27,-0.8826,negativo,4,justicia,corruptos | corrupción | corruptos,👍,0,False,True,1
UgxvxNmPMdRuRDptJQN4AaABAg,PjmxCj-a9Hg,UCNIeXbV_mEwpa412h1aqUWw,/@juandeleon9060,Conferencia de Prensa del Gobierno de Guatemala. #LaRondaGt,Gobierno de la República de Guatemala,Entertainment,Porque. No salen. Acombatir LA seguridad. En las calles. Acombatir LA corruption. Policiacas...,salen acombatir seguridad calles acombatir corruption policiacas,0.0,0.0,sin cobertura léxica,0,,,,0,False,False,2
Ugxw_1trnd8loD3302V4AaABAg,n8iP75gIpmw,UCySYJU5kUh7X8gVt9la2ISA,/@dantesarti4351,Qué rico come tu diputado,Quorum,News & Politics,"Porque no hacen sus reuniones de ''trabajo'' en el comedor de doña Chonita, como dijo giammattei, almuerzos de Q25.00 y pagados con sus sueldos.",hacen reuniones trabajo comedor doña chonita dijo giammattei almuerzos q25 pagados sueldos,0.0,0.0,sin cobertura léxica,0,,,,0,False,False,1
UgxxNu7QTJHuAgFaEYN4AaABAg,n8iP75gIpmw,UCHTGCgY2l-DQJIvlA_cpa_Q,/@virgiliogarcia3039,Qué rico come tu diputado,Quorum,News & Politics,El pueblo ya estaba trankilo ya que segun decian les habian quitado el almuerzo a esos ladronasos pero me estoy dando cuenta que no el pueblo les estamos pagando un sueldo jugoso y todabia pagando sus comidas que desgracia que hase ese presidente del congreso y el del pais bernardo arebalo engañadores al pueblo que pasa Nery Ramos,pueblo estaba trankilo segun decian habian quitado almuerzo esos ladronasos estoy dando cuenta pueblo estamos pagando sueldo jugoso todabia pagando comidas desgracia hase presidente congreso pais bernardo arebalo engañadores pueblo pasa nery ramos,0.0,0.0,sin cobertura léxica,0,,,,0,False,False,1
UgxxdDS3FUc53KWN3KF4AaABAg,OkXlHx0hx-8,UCPNXmbOBVeC4HS-xemvcPtQ,/@BelkisRodriguezRamirez,EE.UU. envía a mexicanos deportados a Guatemala antes de su regreso a México | Noticias Telemundo,Noticias Telemundo,News & Politics,"Si alguien viene a mi casa sin invitación yo no lo dejo entrar y si entra a la fuerza se busca un problema,eso pasa con los inmigrantes que entraron ilegalmente.",alguien viene casa invitación dejo entrar entra fuerza busca problema pasa inmigrantes entraron ilegalmente,-1.0,-0.25,negativo,1,,problema,,0,False,True,0
Ugxy4k7pO6jFtwyDyFp4AaABAg,n8iP75gIpmw,UCtUR3_CAiE7fCoZHM6cMfyQ,/@mdelcid01,Qué rico come tu diputado,Quorum,News & Politics,Rodas se le olvida que reciven un jugoso salario por el trabajo que hacen.,rodas olvida reciven jugoso salario trabajo hacen,0.0,0.0,sin cobertura léxica,0,,,,0,False,False,1
Ugxz9vnSvQJNt4YNbYV4AaABAg,WIUZtitfLRw,UCGj2v6Gl5bN8NSrzJMXS-CA,/@juliogutierrez492,Caminar en una ciudad hecha para carros,Quorum,News & Politics,El respeto paso peatonal no existe en ningún lado y las personas tienen que esquivar a los carros por qué no respetan y las motos se pasan en rojo se lo pasan llevando a uno,respeto paso peatonal existe ningún lado personas tienen esquivar carros qué respetan motos pasan rojo pasan llevando,1.5,0.3612,positivo,1,respeto,,,0,False,True,3
UgxzETIqBajjXFTGd_R4AaABAg,yLZS3JiEBg8,UCbrtvygfRT6QXqWDNrOf-cA,/@Alejandro00710,Arroz con pollo a la MONOPOLIO,Quorum,News & Politics,"Y solo con esta información nos damos con la realidad del CACIF y sus intereses, estamos jodidos si no hacemos algo.",solo información damos realidad cacif intereses estamos jodidos hacemos,0.0,0.0,sin cobertura léxica,0,,,,0,False,False,3
UgxzN9_I9vkDCdX_8dN4AaABAg,n8iP75gIpmw,UCOh6DaZC_x9HASnlRylEMfw,/@AndresMedina-v1s,Qué rico come tu diputado,Quorum,News & Politics,Si se reformarla ley de partidos políticos esos infelices jamás en la historia pondrian un pie En el congreso y muy probablemente terminarían en la carcel,reformarla ley partidos políticos esos infelices jamás historia pondrian pie congreso probablemente terminarían carcel,0.0,0.0,sin cobertura léxica,0,,,,0,False,False,1
Ugy0LbKWrqUFhWPRoKN4AaABAg,n8iP75gIpmw,UCL1MT278vSaQ83ZDkVWn1gw,/@elmorodriguez6978,Qué rico come tu diputado,Quorum,News & Politics,"Que estos diputados no se rían y burlen del pueblo desnutrido y muriéndose de hambre. Llegará el momento y no será muy tarde para nosotros que los pusimos los tengamos que sacar de su caja de oro y cuando el pueblo se levante y los saque de su chiquero van a arrepentirse de lo mal de sus acciones. Así será para los miembros de la CC,MP,CONGRESO,CSJ,OJ y otros que han apañado las burlas al pueblo. 48 cantones también vendrán a salvar al pueblo. Estamos artos de tanta corrupción.",estos diputados rían burlen pueblo desnutrido muriéndose hambre llegará momento será tarde nosotros pusimos tengamos sacar caja oro pueblo levante saque chiquero van arrepentirse mal acciones así será miembros cc mp congreso csj oj otros apañado burlas pueblo cantones también vendrán salvar pueblo estamos artos tanta corrupción,-7.6,-0.891,negativo,3,,muriéndose | hambre | corrupción,,0,False,True,1
Ugy0LbKWrqUFhWPRoKN4AaABAg.A7epXgDRFjZA7f-Z-rKQOV,n8iP75gIpmw,UC8G5cJONY8L9voMyBW8Eoug,/@luisparedes-pw6qt,Qué rico come tu diputado,Quorum,News & Politics,Ni en su casa habían comido esas viandas. Son unos sinverguenzas,ni casa habían comido esas viandas sinverguenzas,-2.5,-0.5423,negativo,1,,sinverguenzas,,0,False,True,1
Ugy0dVAcWghuyCdAVS54AaABAg,n8iP75gIpmw,UC7VUuJr9cGh845CmTvf7TlQ,/@LuisCastillo-oz4df,Qué rico come tu diputado,Quorum,News & Politics,Está bien que se Arten asta ya no y los más pobres  muriendo de hambre pero si dices comes fuera de la hora es tu problema para que la  huesiaste pues,está arten asta más pobres muriendo hambre dices comes fuera hora problema huesiaste pues,-3.5,-0.6705,negativo,4,bien,muriendo | hambre | problema,,0,False,True,1
Ugy1neHHTJYO0umhgLt4AaABAg,n8iP75gIpmw,UCFhxtoeARHPnXXPcDrOU3Xg,/@diegoalejandrolopezmendez205,Qué rico come tu diputado,Quorum,News & Politics,"Yo trabajé en joya negra 
Sandra jovel también llega mucho 
Y el profe Luis Fernando tena",trabajé joya negra sandra jovel también llega mucho profe luis fernando tena,0.0,0.0,sin cobertura léxica,0,,,,0,False,False,1
Ugy2FaeBadbmVJj7F714AaABAg,n8iP75gIpmw,UCAlzM_N6xBlMYmM8EBzX86Q,/@carlossoto3252,Qué rico come tu diputado,Quorum,News & Politics,"😂Que disculpe el diputado Rodas. Cuando uno decide trabajar o ser trabajador del Estado y ser un funcionario de ese nivel no hay horarios. Si no le gusta y no está contento que renuncié. Los diputados son unos abusivos y son mediocres. Tantos asesores, para que? Lo que dice éste diputado es estúpido. Su trabajo  debe ser para el pueblo. Y comparto la investigación respecto a esto. Estos diputados cómo corderitos asistieron a la orden de la Fiscal del MP.",disculpe diputado rodas decide trabajar trabajador estado funcionario nivel horarios gusta está contento renuncié diputados abusivos mediocres tantos asesores dice éste diputado estúpido trabajo debe pueblo comparto investigación respecto estos diputados cómo corderitos asistieron orden fiscal mp,0.89,0.224,positivo,2,comparto,gusta,😂,1,False,True,1
Ugy4JA9MR8l_gkTNgWh4AaABAg,j43HgwYFKfk,UClqA491Xa5fQcXcJJa-vTWw,/@AndresLemus-k2d,La cooptación de Walter Mazariegos en la USAC,Quorum,News & Politics,"Ya saquen A Ese corrupto 
Y Es un montón de políticos corruptos que 
Andan allí en todas las instituciones 
Montón de corruptos",saquen corrupto montón políticos corruptos andan allí todas instituciones montón corruptos,-9.0,-0.9186,negativo,3,,corrupto | corruptos | corruptos,,0,False,True,1
Ugy4ex02KEXL5UFGjw14AaABAg,n8iP75gIpmw,UCHTGCgY2l-DQJIvlA_cpa_Q,/@virgiliogarcia3039,Qué rico come tu diputado,Quorum,News & Politics,Que trabajo hasen esos corruptos,trabajo hasen esos corruptos,-3.0,-0.6124,negativo,1,,corruptos,,0,False,True,1
Ugy4utoHlyokVSeSi5h4AaABAg,n8iP75gIpmw,UC3XTwHxygNCgjndsg-UiCQA,/@marioajset4283,Qué rico come tu diputado,Quorum,News & Politics,los niños guatemaltecos con Desnutrición crónica serán sus verdugos.,niños guatemaltecos desnutrición crónica serán verdugos,-2.0,-0.4588,negativo,1,,desnutrición,,0,False,True,1
Ugy4x4u9e1_xRoppaMF4AaABAg,6W4u8sGEnGM,UCvDwJBBY1mHK70aTEYl6rsA,/@cristianescobedo8296,Inician los trabajos de recuperación del Puente Belice II.,Gobierno de la República de Guatemala,Entertainment,"se espera que la obra se finalice en plazo de acuerdo a la programación del proyecto, de acuerdo a normas internacionales de construcción, que la contraloría audite  mes a mes y sobre todo que el proyecto no sea sobrevalorado o que tenga costos adicionales a lo ya pactado.",espera obra finalice plazo acuerdo programación proyecto acuerdo normas internacionales construcción contraloría audite mes mes proyecto sea sobrevalorado tenga costos adicionales pactado,2.0,0.4588,positivo,2,acuerdo | acuerdo,,,0,False,True,2
Ugy5j8gzaawBk-mw5et4AaABAg,n8iP75gIpmw,UCkd9W714-947dEE6ZOEBATA,/@ARGELIATELON,Qué rico come tu diputado,Quorum,News & Politics,Me pregunto si antes de ser diputados les alcanzaba su dinero para comer esos almuercitos y en esos lugares? Pero como don pueblo paga....vengase el almuercito. La historia ni él se la cree. O sea.... la 3a. parte de su salario para un almuerzo???,pregunto diputados alcanzaba dinero comer esos almuercitos esos lugares don pueblo paga vengase almuercito historia ni él cree sea 3a parte salario almuerzo,0.0,0.0,sin cobertura léxica,0,,,,0,False,False,1
Ugy5lmf3RzzeJDUeqQd4AaABAg,ndAZjHqzzT8,UCbrtvygfRT6QXqWDNrOf-cA,/@Alejandro00710,Internet: escoger el menos malo,Quorum,News & Politics,"Eso sin mencionar el costo de sus servicios, la mala calidad del mismo, mientras no haya una ley de competencia nos van a seguir jodiendo, urge.",mencionar costo servicios mala calidad mismo mientras haya ley competencia van seguir jodiendo urge,-0.5,-0.128,negativo,2,calidad,mala,,0,False,True,3
Ugy6Qii72nfxIpYyuCR4AaABAg,6W4u8sGEnGM,UCV3fr-YOixFKCZBbJP1-X4w,/@albertoshernandez5251,Inician los trabajos de recuperación del Puente Belice II.,Gobierno de la República de Guatemala,Entertainment,TODO EL APOYO PARA EL PRESIDENTE BERNARDO AREVALO 👍🇬🇹👍,apoyo presidente bernardo arevalo,5.95,0.8381,positivo,1,apoyo,,👍👍,0,False,True,2
Ugy6isIL3n6cvYbJG-94AaABAg,JkpVO1hx2f8,UCWWkebAekppaL5b5CNlppuw,/@ninettmartinez425,10 Preguntas a un año del Paro Nacional,Quorum,News & Politics,Yo vi en  Semilla y Bernardo Arévalo  una oportunidad para que Guatemala saliera de la corrupción.,vi semilla bernardo arévalo oportunidad guatemala saliera corrupción,-3.0,-0.6124,negativo,1,,corrupción,,0,False,True,0
Ugy6y6DL1AgyNzNpfMZ4AaABAg,n8iP75gIpmw,UCjmPuazZJzscrwvk0QR9RVw,/@mynorrodas8591,Qué rico come tu diputado,Quorum,News & Politics,"😢que desgraciados estos sinvergüenzas porque no piden un almuerzo de Q30.00 no que  almuerzos  de millonarios  con la plata  del pueblo , si les gusta lo bueno que lo paguen con su dinero",desgraciados estos sinvergüenzas piden almuerzo q30 almuerzos millonarios plata pueblo gusta bueno paguen dinero,1.5,0.3612,positivo,2,gusta | bueno,,😢,0,False,True,1
Ugy7-QbaMzLjAO_vJMB4AaABAg,n8iP75gIpmw,UCipetjeiWj4CZB6EbyYziZg,/@OseasSamayoa-ol5rz,Qué rico come tu diputado,Quorum,News & Politics,Que paguen de su sueldo sus alimentos si el pueblo de la miseria que  las empresas nos pagan lo pagamos,paguen sueldo alimentos pueblo miseria empresas pagan pagamos,-2.0,-0.4588,negativo,1,,miseria,,0,False,True,1
Ugy7Dk5SDB_d3RFlHU94AaABAg,n8iP75gIpmw,UCh5ESQvtzyHDhCA7XyekCFA,/@andyB5280,Qué rico come tu diputado,Quorum,News & Politics,No quiere hablar de sus almuerzos se molesta . No le creo . que,quiere hablar almuerzos molesta creo,-1.5,-0.3612,negativo,1,,molesta,,0,False,True,1
Ugy7b0JTkHodE4sTU_54AaABAg,WIUZtitfLRw,UCZIQnb1fkwe39Iw2TAu-bGA,/@jorgegomez2237,Caminar en una ciudad hecha para carros,Quorum,News & Politics,"Como dijo pia, casi no existen banquetas, solo hay un pedazo donde se puede medio caminar... Y aun quiere que le demos gracias... #IneptoBran",dijo pia existen banquetas solo pedazo puede medio caminar aun quiere demos gracias ineptobran,2.0,0.4588,positivo,1,gracias,,,0,False,True,3
Ugy8csktFvR0eUZN4cp4AaABAg,n8iP75gIpmw,UCTP3O0rMnc8z8v8jaDQwL0w,/@RobertoZelaya-x1v,Qué rico come tu diputado,Quorum,News & Politics,Señor Nery Ramos una empresa trabaja con capital propio con dinero del dueño de la empresa que le costado ganarcelo  usted  con el dinero del pueblo o cree que el estado es su empresa trabaje esfuersece  trabajen para tener una empresa no se coman lo del pueblo,señor nery ramos empresa trabaja capital propio dinero dueño empresa costado ganarcelo usted dinero pueblo cree estado empresa trabaje esfuersece trabajen tener empresa coman pueblo,0.0,0.0,sin cobertura léxica,0,,,,0,False,False,1
UgyAcWsNSqIPesdI3nF4AaABAg,n8iP75gIpmw,UCsUCN0Yq_UyTvKjOJLmNrnQ,/@moisesvaldez4043,Qué rico come tu diputado,Quorum,News & Politics,"para los Guatemaltecos mejor si no hacen nada, poque cuando los hacen es en contra del pueblo Guatemlateco",guatemaltecos mejor hacen nada poque hacen pueblo guatemlateco,1.5,0.3612,positivo,1,mejor,,,0,False,True,1
UgyB52GZe4-PXJ2TqYB4AaABAg,j43HgwYFKfk,UC3UVO7pTbeYvZ3ILEyRDskQ,/@rosaelenaargueta79,La cooptación de Walter Mazariegos en la USAC,Quorum,News & Politics,Así debe informarse al pueblo sobre esta red de mafiosos!,así debe informarse pueblo red mafiosos,-3.29,-0.6474,negativo,1,,mafiosos,,0,False,True,1
UgyBhR2qUXgMe2NJjRN4AaABAg,PjmxCj-a9Hg,UCuP4UK33HKtJE_S39ksmaTw,/@herbertaguilar1387,Conferencia de Prensa del Gobierno de Guatemala. #LaRondaGt,Gobierno de la República de Guatemala,Entertainment,Con la corrupcion y narco gobierno de Morena en Mexico  Arevalo no deberia de hacer asociacion alguna . El pueblo de Mexico esta sufriendo .,corrupcion narco gobierno morena mexico arevalo deberia hacer asociacion alguna pueblo mexico sufriendo,-8.0,-0.9001,negativo,3,,corrupcion | narco | sufriendo,,0,False,True,2
UgyC45vItnUiq1QrUtd4AaABAg,PjmxCj-a9Hg,UClsrFGJKWPxxw7MiaEdKLXw,/@ericapaz5406,Conferencia de Prensa del Gobierno de Guatemala. #LaRondaGt,Gobierno de la República de Guatemala,Entertainment,Señor presidente? Enfóquese  en el crimen que está destrozado al país y también al turismo aga uso de su poder para implementar leyes que combatan el crimen en general por favor  mire a su país vecino como un joven si pudo terminar con el crimen.,señor presidente enfóquese crimen está destrozado país también turismo aga uso poder implementar leyes combatan crimen general favor mire país vecino joven pudo terminar crimen,-7.5,-0.8885,negativo,3,,crimen | crimen | crimen,,0,False,True,2
UgyC45vItnUiq1QrUtd4AaABAg.ALgn-KZ7p47ALgvLAMzZ1A,PjmxCj-a9Hg,UCg3eIfd7BrsLEqS0BLkftHA,/@ErmeP%C3%A9rez-q4s,Conferencia de Prensa del Gobierno de Guatemala. #LaRondaGt,Gobierno de la República de Guatemala,Entertainment,Ni te equivoques ni a terminado siguen siendo Salvatruchas y mareros.,ni equivoques ni terminado siguen siendo salvatruchas mareros,0.0,0.0,sin cobertura léxica,0,,,,0,False,False,2
UgyC45vItnUiq1QrUtd4AaABAg.ALgn-KZ7p47ALgwtbYMM1u,PjmxCj-a9Hg,UCg3eIfd7BrsLEqS0BLkftHA,/@ErmeP%C3%A9rez-q4s,Conferencia de Prensa del Gobierno de Guatemala. #LaRondaGt,Gobierno de la República de Guatemala,Entertainment,"Y los  que fueron hacer los pandilleros del salvador en antigua que, siguen haviendo maras en el salvador y eso es un país de maras",fueron hacer pandilleros salvador antigua siguen haviendo maras salvador país maras,0.0,0.0,sin cobertura léxica,0,,,,0,False,False,2
UgyC45vItnUiq1QrUtd4AaABAg.ALgn-KZ7p47ALgx6SmnMen,PjmxCj-a9Hg,UCg3eIfd7BrsLEqS0BLkftHA,/@ErmeP%C3%A9rez-q4s,Conferencia de Prensa del Gobierno de Guatemala. #LaRondaGt,Gobierno de la República de Guatemala,Entertainment,Y todo los que tienen tatuajes del salvador son pandilleros eso su dictador lo dijo. Así que no te venden humo 💨 todo lo que dicen del salvador.,tienen tatuajes salvador pandilleros dictador dijo así venden humo dicen salvador,-2.5,-0.5423,negativo,1,,dictador,,0,False,True,2
UgyC9HUMcvW-e_nFJK14AaABAg,06mFNPU0aB8,UCAxvOOHQk7dYPOajzFEVtbA,/@ruddydepaz322,Capturan a presuntos delincuentes disfrazados de mujer señalados de cometer asalto,Noti7,News & Politics,Así metan los al tambo con minifaldas allí no les ba a faltar la moronga.,así metan tambo minifaldas allí ba faltar moronga,0.0,0.0,sin cobertura léxica,0,,,,0,False,False,2
UgyCFEFtEmhDbi91yCF4AaABAg,06mFNPU0aB8,UCq3mDTTRZnUybct5M9OSXbg,/@MacoMorales-i2i2d,Capturan a presuntos delincuentes disfrazados de mujer señalados de cometer asalto,Noti7,News & Politics,Destreza dise😅,destreza dise,1.0,0.25,positivo,0,,,😅,0,False,True,2
UgyCoulSuwV8jBnjbtN4AaABAg,n8iP75gIpmw,UCGzXwyCzMzGmjmCbH3Hg01Q,/@FidelZacarias-ph7dy,Qué rico come tu diputado,Quorum,News & Politics,Ése señor entrevistador pertenece al PACTO DE CORRUPTOS....ATACA LA TRANSPARENCIA Y DEFIENDE A LOS CORRUPTOS.,ése señor entrevistador pertenece pacto corruptos ataca transparencia defiende corruptos,-5.2,-0.802,negativo,3,transparencia,corruptos | corruptos,,0,False,True,1
UgyD5CIXnbXNiM-a4VF4AaABAg,6W4u8sGEnGM,UC0HvfEWozTHbwl_iEmJNvVA,/@OttoPalencia-b7r,Inician los trabajos de recuperación del Puente Belice II.,Gobierno de la República de Guatemala,Entertainment,Si el presidente ha sido un buen presidente pues hay que botar por el hay muchos que han hablado mal de él pero ellos no hacen nada por gustemala,presidente sido buen presidente pues botar muchos hablado mal él hacen nada gustemala,2.0,0.4588,positivo,1,buen,,,0,False,True,2
UgyE6hk1g9jR7zB67lV4AaABAg,6W4u8sGEnGM,UC14qlobYKqD-DO0j6b75lcA,/@megavision4488,Inician los trabajos de recuperación del Puente Belice II.,Gobierno de la República de Guatemala,Entertainment,seria bueno tambien hecharle mano a la ejecucion del puente  del rio la pasion que todoavia se esta utilizando ferry hay que hacer un puente rapido.,seria bueno hecharle mano ejecucion puente rio pasion todoavia utilizando ferry hacer puente rapido,2.0,0.4588,positivo,1,bueno,,,0,False,True,2
UgyEM7_iOGkWV0SbNuB4AaABAg,n8iP75gIpmw,UCiGRBf2RNF0WRKhRVT7zFoA,/@edwinavila4876,Qué rico come tu diputado,Quorum,News & Politics,"Lamentablemente en nuestro país sigue la misma sinverguenzada. Este diputado quiere tapar el sol con un dedo. Qué pasaría si un profesor quisiera que le pagaran su comida aparte de su sueldo porque le está enseñando a
 dibujar a un niño.",lamentablemente nuestro país sigue misma sinverguenzada diputado quiere tapar sol dedo qué pasaría profesor quisiera pagaran comida aparte sueldo está enseñando dibujar niño,-2.5,-0.5423,negativo,1,,sinverguenzada,,0,False,True,1
UgyFSrjeDvPsB0fKUdp4AaABAg,6W4u8sGEnGM,UCa36MjQLoPAmgJo-R3G8WQA,/@elsasalguero6914,Inician los trabajos de recuperación del Puente Belice II.,Gobierno de la República de Guatemala,Entertainment,Que Dios bendiga al gobierno de Guatemala,dios bendiga gobierno guatemala,0.0,0.0,sin cobertura léxica,0,,,,0,False,False,2
UgyHHYcKhbzXr6xEjth4AaABAg,06mFNPU0aB8,UCjZgFEowMBrsjodqfovzdKw,/@franciscoflores3120,Capturan a presuntos delincuentes disfrazados de mujer señalados de cometer asalto,Noti7,News & Politics,Ay que  usarlos  como  mujeres,ay usarlos mujeres,0.0,0.0,sin cobertura léxica,0,,,,0,False,False,2
UgyHIuxG8A2lYDRB6vh4AaABAg,6W4u8sGEnGM,UC3YpzAr7pcdKC7BVFEpYzog,/@carmenfigueroa1232,Inician los trabajos de recuperación del Puente Belice II.,Gobierno de la República de Guatemala,Entertainment,"Pues como no si a Guatemala desbancaron lo anteriores presidentes han barrido con todo 
Primero Dios puedan terminar este proyecto antes que entre otr@ ladron y después busquen culpables",pues guatemala desbancaron anteriores presidentes barrido primero dios puedan terminar proyecto otr ladron después busquen culpables,-3.0,-0.6124,negativo,1,,ladron,,0,False,True,2
UgyHIuxG8A2lYDRB6vh4AaABAg.A_zEyCTHfWFA_zWovudn2B,6W4u8sGEnGM,UCyJhqmMbsvjpoarBBStA2kg,/@Murmullodelbarrio,Inician los trabajos de recuperación del Puente Belice II.,Gobierno de la República de Guatemala,Entertainment,"Por eso mismo
No permítanos otro partido corrupto de los mismos de antes para salvar todo lo que hoy estamos mirando",mismo permítanos otro partido corrupto mismos salvar hoy estamos mirando,-3.0,-0.6124,negativo,1,,corrupto,,0,False,True,2
UgyHcSyWHx2SKCg6db14AaABAg,j43HgwYFKfk,UCQqlPPUGqAfWjd-FSh_qn7Q,/@estuardoargueta137,La cooptación de Walter Mazariegos en la USAC,Quorum,News & Politics,"Esa universidad se debe privatizar, es la universidad mas cara de Guatemala por estudiante egresado, es una carga tributaria innecesaria.",universidad debe privatizar universidad cara guatemala estudiante egresado carga tributaria innecesaria,0.0,0.0,sin cobertura léxica,0,,,,0,False,False,1
UgyIX1zx3bbc9DsK8VR4AaABAg,n8iP75gIpmw,UC8r11yOugM2NuRfitQOxLLg,/@cesaraugustomoralesmonroy6907,Qué rico come tu diputado,Quorum,News & Politics,"Qué tristeza que extranjeros que vinieron como policías a una institución internacional impuesta por la ""comunidad internacional"" supuestamente para combatir la impunidad, se hayan quedado como ""analistas"" y periodistas en Guatemala, comentando temas nacionales. Es la nueva conquista.",qué tristeza extranjeros vinieron policías institución internacional impuesta comunidad internacional supuestamente combatir impunidad hayan quedado analistas periodistas guatemala comentando temas nacionales nueva conquista,-5.0,-0.7906,negativo,2,,tristeza | impunidad,,0,False,True,1
UgyIfQ-oDt0uVFZIq9d4AaABAg,PjmxCj-a9Hg,UCusjriFsDHEc2AOjqk-p5ig,/@pablobarrios7931,Conferencia de Prensa del Gobierno de Guatemala. #LaRondaGt,Gobierno de la República de Guatemala,Entertainment,"Guate tambien tiene gobierno PROGRE, LOS Y LAS DIPUTADAS,  JAJAJA
CIUDADANOS Y CIUDADANAS JAJAJA
CHIQUILLOS Y CHIQUILLOS JAJAJA
Los gobiernos PROGRES son los que estan llevando  a la ruina auchoa paises,  principalmente en occidente.  
Estos PROGRESS que se pongan a trabajar de manera mas activa por el Pais y no solo bla bla bla.   Se nesesita tomar.accion YA y no bla bla bla.",guate gobierno progre diputadas jajaja ciudadanos ciudadanas jajaja chiquillos chiquillos jajaja gobiernos progres estan llevando ruina auchoa paises principalmente occidente estos progress pongan trabajar manera activa pais solo bla bla bla nesesita tomar accion bla bla bla,3.9,0.7096,positivo,3,jajaja | jajaja | jajaja,,,0,False,True,2
UgyIteBIiYe7DjUN3554AaABAg,ndAZjHqzzT8,UCVC2QugcI1G4RvlCiUqd1aQ,/@rwdm76,Internet: escoger el menos malo,Quorum,News & Politics,EXCELENTE,excelente,3.9,0.7096,positivo,1,excelente,,,0,False,True,3
UgyJ7QRY-X3DsJC-t-p4AaABAg,lj983NWyAQY,UC5fvhAfm89JH8eDFdvc0xYw,/@isaidiaz2388,Plan 2032 Ciudad de Guatemala,Municipalidad de Guatemala,News & Politics,Guate es Classic 👍💯,guate classic,4.0,0.7184,positivo,0,,,👍💯,0,False,True,0
UgyJnStLEHxVNbAfd0p4AaABAg,PjmxCj-a9Hg,UCAV7QIjYhbDJaycQycM_0eQ,/@mariavail8998,Conferencia de Prensa del Gobierno de Guatemala. #LaRondaGt,Gobierno de la República de Guatemala,Entertainment,No dejen que nuestros hermanos Guatemalatecos qué esten encerrados en esse lugar pir favor 🙏 Autoridades sun  nuestros prójimos gracias señores 🙏 🙌 👏,dejen nuestros hermanos guatemalatecos qué esten encerrados esse lugar pir favor autoridades sun nuestros prójimos gracias señores,9.5,0.926,positivo,1,gracias,,🙏🙏🙌👏,0,False,True,2
UgyMRj1sNq6Xkrqepst4AaABAg,n8iP75gIpmw,UC3E9mAgP7VoAE5mZoAexl5g,/@EnnioAroche,Qué rico come tu diputado,Quorum,News & Politics,"Son realmente estos diputados unos aprovechados, mientras los jubilados del igss  ,algunos reciben 300.00 quetzales al mes y no los an apoyado.",realmente estos diputados aprovechados mientras jubilados igss algunos reciben quetzales mes an apoyado,0.0,0.0,sin cobertura léxica,0,,,,0,False,False,1
UgyN-BmjI1Qyr5moi-x4AaABAg,n8iP75gIpmw,UCB5p8a5gklc80jJItP6xTHg,/@ernestogamboa8737,Qué rico come tu diputado,Quorum,News & Politics,"Aunqué contradiga, ellos están acostumbrados a hacer esto, comiendo a costillas del pueblo,",aunqué contradiga están acostumbrados hacer comiendo costillas pueblo,0.0,0.0,sin cobertura léxica,0,,,,0,False,False,1
UgyNuIQ1W1M3g8ut6314AaABAg,6W4u8sGEnGM,UC1NiEdJ7gk6FlDexIalWnGg,/@BorisTebal%C3%A1n,Inician los trabajos de recuperación del Puente Belice II.,Gobierno de la República de Guatemala,Entertainment,"Las verdad si ya es un hecho si el presidente se merece mucho respeto porque está haciendo en tristes 4 años ese proyecto.
MIENTRAS LOS CORRUPTOS HDP SOLO SE HAN HUEVIADO LAS MILLONADAS DE DINERO EN MAS DE 60 AÑOS NO HICIERON
 NI PURA MIERDA. 😡
Pero la gente burra aun así pienso que vamos a regresar con los corruptos hdpm a ser gobernados. 
ESPERO EQUIVOCARME",verdad hecho presidente merece mucho respeto está haciendo tristes años proyecto mientras corruptos hdp solo hueviado millonadas dinero años hicieron ni pura mierda gente burra aun así pienso vamos regresar corruptos hdpm gobernados espero equivocarme,-7.95,-0.899,negativo,3,respeto,corruptos | corruptos,😡,0,False,True,2
UgyOyo4VyMiMOhqOkGd4AaABAg,yLZS3JiEBg8,UCdQAuWwyC99MB7Y02Umj26Q,/@miguelbran1268,Arroz con pollo a la MONOPOLIO,Quorum,News & Politics,"Y todo se resume en la letra pequeña, suena bonito pero no es así de fácil, vos crees realmente que Dionisio va a estar de acuerdo con dejar que otros vendan pollo y huevos, lo siento mucho pero tenes que detallar más en la letra pequeña.
Dionisio nunca va a dejar que eso pase, y si el está de acuerdo entonces perdemos los consumidores. El león no es como lo pintan.",resume letra pequeña suena bonito así fácil vos crees realmente dionisio estar acuerdo dejar otros vendan pollo huevos siento mucho tenes detallar más letra pequeña dionisio nunca dejar pase está acuerdo entonces perdemos consumidores león pintan,4.0,0.7184,positivo,3,bonito | acuerdo | acuerdo,,,0,False,True,3
UgyPm-2rnRLPav43Bt14AaABAg,TT4qJ5FXHYE,UCtowGNY2lnlg6O2CkwDgkLg,/@taniagabrielacelis8434,"I’x K’at: el primer equipo guatemalteco de pelota maya, conformado únicamente por mujeres.",Quorum,News & Politics,"¡Aplaudo y celebro su iniciativa! Desde Puebla, me enorgullece conocer un grupo femenino de Ulama 😊❤️.",aplaudo celebro iniciativa puebla enorgullece conocer grupo femenino ulama,7.29,0.8831,positivo,1,celebro,,😊❤,0,False,True,0
UgyQQbXS_Q_JYcSefap4AaABAg,OkXlHx0hx-8,UCp_dAUfv8i3LW3zWc24dLaQ,/@MarioCortez-o6v,EE.UU. envía a mexicanos deportados a Guatemala antes de su regreso a México | Noticias Telemundo,Noticias Telemundo,News & Politics,Regresaron sin nada 😂😂,regresaron nada,2.0,0.4588,positivo,0,,,😂😂,0,False,True,0
UgyQxncw9dtHgZFgp014AaABAg,UhL9y3KUl8E,UC_NRVt2UP88ZNTwzrZ66JSg,/@aditalissethevasquezrojas8039,SHAI WA: la vecina queer de Casa Presidencial,Quorum,News & Politics,"Gracias por este video, que importante conocer este tipo de espacios.",gracias video importante conocer tipo espacios,2.0,0.4588,positivo,1,gracias,,,0,False,True,0
UgyRmKHMG-ygpot6nY14AaABAg,j43HgwYFKfk,UCylqlpsh8ENNM1LqgQ1KbxA,/@Jel.Awesh.M,La cooptación de Walter Mazariegos en la USAC,Quorum,News & Politics,"Triste la realidad de la USAC, y buen video, ojalá saque más frecuentemente.",triste realidad usac buen video ojalá saque más frecuentemente,0.5,0.128,positivo,3,buen | ojalá,triste,,0,False,True,1
UgyS31-ujtXB5VmjBRV4AaABAg,j43HgwYFKfk,UCRvPToDkkumha7WJAfCDk1A,/@ligiaguerra3057,La cooptación de Walter Mazariegos en la USAC,Quorum,News & Politics,Que asco,asco,-2.5,-0.5423,negativo,1,,asco,,0,False,True,1
UgySlQlmZmrLAq5JsLx4AaABAg,PjmxCj-a9Hg,UCPZueDLrCS4BmTBRMA4q0fA,/@kevinochoa3695,Conferencia de Prensa del Gobierno de Guatemala. #LaRondaGt,Gobierno de la República de Guatemala,Entertainment,"Bienvenido el tren maya 🎉 como hay ineptos que se oponen a esta gran colaboración estamos hablando de desarrollo para nuestra frontera, desarrollo para el país en general acaso no saben cuantos turistas genera al año? imagínense de aquí a 10 años ya con el tren maya y todo nuestro país conectado logísticamente con trenes",bienvenido tren maya ineptos oponen gran colaboración estamos hablando desarrollo nuestra frontera desarrollo país general acaso saben cuantos turistas genera año imagínense aquí años tren maya nuestro país conectado logísticamente trenes,2.5,0.5423,positivo,0,,,🎉,0,False,True,2
UgySlQlmZmrLAq5JsLx4AaABAg.ALh5XYlqNufALhOuUP3UYB,PjmxCj-a9Hg,UC7IMsCxfZyWN7YQo8-JYa6Q,/@Burgos68,Conferencia de Prensa del Gobierno de Guatemala. #LaRondaGt,Gobierno de la República de Guatemala,Entertainment,"Me agrado lo que usted a dicho, es cierto hay muchas personas que no piensan en el desarrollo mutuo y en el lugar de hacer comentarios de felicitaciones al Gobierno por éste desarrollo solidario,  se ponen hablar estupideces.",agrado usted dicho cierto muchas personas piensan desarrollo mutuo lugar hacer comentarios felicitaciones gobierno éste desarrollo solidario ponen hablar estupideces,2.5,0.5423,positivo,1,felicitaciones,,,0,False,True,2
UgySttznhywvGXZyF-N4AaABAg,lj983NWyAQY,UCHMQ_lDhibZ-XZ_3fo6oxwg,/@crislexrubi4387,Plan 2032 Ciudad de Guatemala,Municipalidad de Guatemala,News & Politics,Muy bello Guatemala. Saludos desde Honduras,bello guatemala saludos honduras,1.175,0.2903,positivo,1,saludos,,,0,False,True,0
UgyVLVHQ4zNBKTTDxtp4AaABAg,n8iP75gIpmw,UCpsKOkt5iWTbenzeuq7dsmQ,/@inge_vergueta,Qué rico come tu diputado,Quorum,News & Politics,Que se podía esperar de ese diputado que estuvo con Manuel Baldizon es otro delincuente. La gente tiene que aprender a votar por el congreso también porque solo meten lacras en el congreso 😷😷,podía esperar diputado estuvo manuel baldizon otro delincuente gente aprender votar congreso también solo meten lacras congreso,-3.5,-0.6705,negativo,2,aprender,delincuente,😷😷,0,False,True,1
UgyWzgDknElvfn9oFJZ4AaABAg,j43HgwYFKfk,UC7dadZG7kkGYnsNu6td0FbA,/@lesolorzano,La cooptación de Walter Mazariegos en la USAC,Quorum,News & Politics,Nubes negras sobre el CSU. Empieza a oler a democracia.,nubes negras csu empieza oler democracia,0.0,0.0,sin cobertura léxica,0,,,,0,False,False,1
UgyX06qZFc3cNK6223J4AaABAg,n8iP75gIpmw,UCrJn_rbo_ENAdeqneS-RmRw,/@josecarrera9623,Qué rico come tu diputado,Quorum,News & Politics,"q mira el presidente Ramos
seguir .anteniendo esos.mantenidos y mucha jente con ambre q yeben su almuerzo d su casa esos simverguenzas y no asen nada bueno por guatemala solo cobrar el finde.mes y comor",mira presidente ramos seguir anteniendo esos mantenidos mucha jente ambre yeben almuerzo casa esos simverguenzas asen nada bueno guatemala solo cobrar finde mes comor,-1.48,-0.357,negativo,1,,bueno,,1,False,True,1
UgyXTA5oFwzI70TKCUd4AaABAg,is3Mk5oC19g,UCFFrEmn6lPYiWyElpfzTy5Q,/@denilsonlopez4083,Capturan a ladrón que había quedado grabado mientras robaba en una parroquia de Retalhuleu,TN23 Guatemala,News & Politics,El humano la misma 💩💩💩,humano misma,-9.0,-0.9186,negativo,0,,,💩💩💩,0,False,True,1
UgyYPJkzW5rbOUI_vcd4AaABAg,TT4qJ5FXHYE,UCNiMNUJvaRJb0_QLClqwVnA,/@Santiago.Nolasco,"I’x K’at: el primer equipo guatemalteco de pelota maya, conformado únicamente por mujeres.",Quorum,News & Politics,Excelente iniciativa,excelente iniciativa,3.0,0.6124,positivo,1,excelente,,,0,False,True,0
UgyYRHeJlfB9VF69LSp4AaABAg,lj983NWyAQY,UCs_5qeqdku9tGAq22y3OcuQ,/@alexandrevasquez4135,Plan 2032 Ciudad de Guatemala,Municipalidad de Guatemala,News & Politics,Me da mucha emoción q la ciudad de guatemala va prosperando algún día vamos hacer una de las ciudades mas famosas del mundo con alta tecnologia q china me gusta mucho este proyecto y ojalay q se cumpla..,da mucha emoción ciudad guatemala prosperando algún día vamos hacer ciudades famosas mundo alta tecnologia china gusta mucho proyecto ojalay cumpla,1.5,0.3612,positivo,1,gusta,,,0,False,True,0
UgyYaWYhDStGYWDGkb94AaABAg,j43HgwYFKfk,UCCBYcToQ2dwkd6TJh0FSyDg,/@lidiarodriguez3493,La cooptación de Walter Mazariegos en la USAC,Quorum,News & Politics,"Importante información la. Usac de ser oposición se volvió servil, se va recuperar 👍",importante información usac oposición volvió servil recuperar,2.0,0.4588,positivo,0,,,👍,0,False,True,1
UgyYh5BUgByoCy2qNBR4AaABAg,yLZS3JiEBg8,UCxcoDvP-g2_KTZDmVZtvb3w,/@angelmartinez9523,Arroz con pollo a la MONOPOLIO,Quorum,News & Politics,"En resumen son periodistas patéticos y poco profesionales. Si van a dar información, no la den a medias. 
1. Existe inflación, la cual fue más alta que los datos que están proporcionado, esto afecta a las empresas o el propósito es que ahora las empresas subsidien lo que venden? 
2. Los precios internacionales aplican cuando una empresa o persona oferta o compra en bolsas de valores. Existen diferentes calidades. 
3. Existen aranceles que pagan las importaciones al menos que vayan a ser procesados y exportados (ej. beneficio 2989), el DAI en la mayoría de casos es de 10%  más IVA de 12%, más ISR y otros. Esto va desde carros a cebolla a frijoles y arroz. 
No se quejan de todos los carros importados pero aún así las agencias venden más y está en manos de pocos grupos. 
4. Los margenes netos de las industrias mencionadas a disminuido. Expliquen porque.
5. Estas empresas siguen porque han conseguido la manera de hacerlo rentable, pero cualquiera puede producir, vender, importar o exportar. La diferencia es que no saben cómo hacerlo y no tienen el dinero (la verdadera barrera de entrada). 
6. El ingenio que hablan no está en otro país por las condiciones que mencionan, lo cual desacredita que todo lo que digan sea cierto.",resumen periodistas patéticos profesionales van dar información den medias existe inflación más alta datos están proporcionado afecta empresas propósito ahora empresas subsidien venden precios internacionales aplican empresa persona oferta compra bolsas valores existen diferentes calidades existen aranceles pagan importaciones menos vayan procesados exportados ej beneficio dai mayoría casos más iva más isr otros carros cebolla frijoles arroz quejan todos carros importados aún así agencias venden más está manos pocos grupos margenes netos industrias mencionadas disminuido expliquen estas empresas siguen conseguido manera hacerlo rentable cualquiera puede producir vender importar exportar diferencia saben cómo hacerlo tienen dinero verdadera barrera entrada ingenio hablan está otro país condiciones mencionan desacredita digan sea cierto,0.0,0.0,sin cobertura léxica,0,,,,0,False,False,3
UgyZ2zEvW_CClk8k15F4AaABAg,j43HgwYFKfk,UCW-JC6lebVmf2P1dmY_L94g,/@dinoraoroxon5771,La cooptación de Walter Mazariegos en la USAC,Quorum,News & Politics,"Felicitaciones,muy buena información sobre  ese caso ni los medios informan la veracidad de todo esto,en verdad felicitaciones ojala todos los universitarios fieran como usted,sigan peleando sus derechos",felicitaciones buena información caso ni medios informan veracidad verdad felicitaciones ojala todos universitarios fieran usted sigan peleando derechos,9.7,0.9287,positivo,5,felicitaciones | buena | veracidad | felicitaciones | ojala,,,0,False,True,1
Ugy_6i8lJAd2eVIRNjx4AaABAg,j43HgwYFKfk,UCgJNFj5dnxXpcMvmuhZDPxA,/@NataliaRodriguez-rx5mr,La cooptación de Walter Mazariegos en la USAC,Quorum,News & Politics,Excelente vídeo!,excelente vídeo,3.29,0.6474,positivo,1,excelente,,,0,False,True,1
Ugy__nsWCBggw9EzOUd4AaABAg,n8iP75gIpmw,UCFoIAE8k82D6AV-8gjjKaNg,/@eddymunoz9789,Qué rico come tu diputado,Quorum,News & Politics,"Lo que sucede señor diputado es que por trabajar en favor de la población es su trabajo y se le paga por eso, no le podemos quemar cuetes por cada dis que logro, asi que si es justo que los Respetables Periodistas investiguen las anomalías, no quiera darle vuelta a la tortilla😅😅😅😅 pues usted lobdice de forma tan fantaciosa como si a usted se le debiera celebrar el que trabaja!",sucede señor diputado trabajar favor población trabajo paga podemos quemar cuetes dis logro justo respetables periodistas investiguen anomalías quiera darle vuelta tortilla pues usted lobdice forma tan fantaciosa usted debiera celebrar trabaja,6.79,0.8686,positivo,2,logro | justo,,😅😅😅😅,0,False,True,1
Ugy__nsWCBggw9EzOUd4AaABAg.A7lbRpGUZoHA7nJxaD37u-,n8iP75gIpmw,UCFjudnPLoaSL1BaRuLahyHg,/@HaroldoCastillo-rh9iw,Qué rico come tu diputado,Quorum,News & Politics,Cierto.,cierto,0.0,0.0,sin cobertura léxica,0,,,,0,False,False,1
Ugy_ejYOfCK6ERWL_dt4AaABAg,j43HgwYFKfk,UCe8JZoYkX5oKUZyivHYdXhw,/@FernandoGarcia-jg1fj,La cooptación de Walter Mazariegos en la USAC,Quorum,News & Politics,"Entiendo lo grave de mi alma mater, ahora decir puchica, simon ya vas no hace más cercano el mensaje aleja la gravedad de este, esta hablando con universitarios no con sus cuates, los del barrio o perdón  la mara, por esa eterna adolescencia es que nadie lo trata con seriedad",entiendo grave alma mater ahora decir puchica simon vas hace más cercano mensaje aleja gravedad hablando universitarios cuates barrio perdón mara eterna adolescencia nadie trata seriedad,-1.5,-0.3612,negativo,1,,grave,,0,False,True,1
Ugy_hCCLd8GwWbnIbsd4AaABAg,ndAZjHqzzT8,UCnU8wO1OurAmGstDw6VGjgQ,/@cmorera21,Internet: escoger el menos malo,Quorum,News & Politics,"Excelente video, gracias por contarnos cómo son este par de empresas cuando están solitas en un pais. Y pensar que aquí en Costa Rica nos quejamos por mucho menos. Le cuento como es aquí:
Yo soy cliente de Claro en el celular y la verdad, aunque la cobertura ha mejorado mucho, aún le falta. Eso si, la velocidad de internet y claridad al llamar son excelentes y las facturas muy claras.
Tengo Tigo residencial y no me puedo quejar, la velocidad es estable y falla muy poco dónde vivo. Y eso que no vivo para nada en la capital ni una cabecera de provincia, como les decimos aquí. A veces ha pasado que hasta hay huracanes y el internet como si nada. Aquí la ley indica que un cliente de servicio celular puede cambiarse hasta 5 veces de operador/plan por año y seguir con su número, el cuál es un derecho del cliente y cuyo dueño legal es la Sutel, la superintendencia de aquí.
El 3er competidor es el estatal ICE que también tiene aún buena cuota de mercado.
Hay muchas cableras regionales aparte de las 4 grandes nacionales (Tigo, Liberty (antes Movistar), Telecable y Kolbi que es del ICE).
Claro como proveedor de tv satelital está por todo el país, pero en fibra óptica apenas en algunos distritos de San José, la capital del país. El problema para los que tenemos Tigo (único proveedor en mi barrio) es que no hay servicio de fibra, solo cobre aún, y eso que hasta el ICE ya está reemplazado sus viejas líneas de par de cobre por fibra en todo el país.
En fin, solo quería contarle cómo funciona en otro país del área.",excelente video gracias contarnos cómo par empresas están solitas pais pensar aquí costa rica quejamos mucho menos cuento aquí soy cliente claro celular verdad cobertura mejorado mucho aún falta velocidad internet claridad llamar excelentes facturas claras tengo tigo residencial puedo quejar velocidad estable falla dónde vivo vivo nada capital ni cabecera provincia decimos aquí veces pasado huracanes internet nada aquí ley indica cliente servicio celular puede cambiarse veces operador plan año seguir número cuál derecho cliente cuyo dueño legal sutel superintendencia aquí 3er competidor estatal ice también aún buena cuota mercado muchas cableras regionales aparte grandes nacionales tigo liberty movistar telecable kolbi ice claro proveedor tv satelital está país fibra óptica apenas algunos distritos san josé capital país problema tenemos tigo único proveedor barrio servicio fibra solo cobre aún ice está reemplazado viejas líneas par cobre fibra país fin solo quería contarle cómo funciona otro país área,9.5,0.926,positivo,7,excelente | gracias | claridad | excelentes | buena,falla | problema,,0,False,True,3
Ugyav8Au2cT8yVfYgp54AaABAg,PjmxCj-a9Hg,UCf5lnNZF7Qrtli9v4N_23WQ,/@CarlosCortez-v5r,Conferencia de Prensa del Gobierno de Guatemala. #LaRondaGt,Gobierno de la República de Guatemala,Entertainment,Platiquen de petróleo  y del hospital de rabinal que paso,platiquen petróleo hospital rabinal paso,0.0,0.0,sin cobertura léxica,0,,,,0,False,False,2
Ugyb2uIeZGcNljNqap94AaABAg,j43HgwYFKfk,UCW80DaMjQlEUibC98Cot-Dg,/@rogeraldana4289,La cooptación de Walter Mazariegos en la USAC,Quorum,News & Politics,"Que pena que estos pusilánimes muertos de hambre de poder estén llevando a la Universidad a denigrar la democracia en Guatemala empezando con sus elecciones fraudulentas. 
Pero si bien es cierto todo lo mal habido se acaba.",pena estos pusilánimes muertos hambre poder estén llevando universidad denigrar democracia guatemala empezando elecciones fraudulentas cierto mal habido acaba,-4.0,-0.7184,negativo,4,bien,pena | muertos | hambre,,0,False,True,1
UgycKHbiLBi0WcSs8sh4AaABAg,n8iP75gIpmw,UCL13XhnRzbGokEkCkEOb0-g,/@raquelprado3643,Qué rico come tu diputado,Quorum,News & Politics,Nunca trabajan para el pueblo si no para si mismos,nunca trabajan pueblo mismos,0.0,0.0,sin cobertura léxica,0,,,,0,False,False,1
UgyciTatiqHr2BpFTqJ4AaABAg,j43HgwYFKfk,UCDrmf9y9nLgFY5wnA2hTuGA,/@laboratorio5528,La cooptación de Walter Mazariegos en la USAC,Quorum,News & Politics,Excelente vídeo!! Sería bueno extender este video y mencionar los nombres y facultades a los representantes que ya estan ilegalmente en su cargo,excelente vídeo sería bueno extender video mencionar nombres facultades representantes estan ilegalmente cargo,5.58,0.8215,positivo,2,excelente | bueno,,,0,False,True,1
UgydkbyzemdvsBJrYxt4AaABAg,n8iP75gIpmw,UCTD6q1nyIe3Y7HhqjaMj72w,/@JuanChang-r6k,Qué rico come tu diputado,Quorum,News & Politics,"Entonces, no se postulen para diputados si dicen que no alcanza el dinero",entonces postulen diputados dicen alcanza dinero,0.0,0.0,sin cobertura léxica,0,,,,0,False,False,1
UgyeTw07aydjDqK4crN4AaABAg,lj983NWyAQY,UC0aEyakBPqcBkVJiErfSupQ,/@jhonymanuel9891,Plan 2032 Ciudad de Guatemala,Municipalidad de Guatemala,News & Politics,Wow una ciudad de futuro,wow ciudad futuro,0.0,0.0,sin cobertura léxica,0,,,,0,False,False,0
Ugyeb8_nptWKXnFXH8F4AaABAg,n8iP75gIpmw,UChs3tU2BcKOT0CezykvAsGw,/@byronpontaza,Qué rico come tu diputado,Quorum,News & Politics,"Porque este programa no habla de la corrupción, de los negocios de Miguelito y Giamatei, o será que ellos les pagan",programa habla corrupción negocios miguelito giamatei será pagan,-3.0,-0.6124,negativo,1,,corrupción,,0,False,True,1
Ugyejets0FNr0Zh-VuZ4AaABAg,n8iP75gIpmw,UC650pRT-OYzny3GwOH8Cgfw,/@edvinparedesherrera7632,Qué rico come tu diputado,Quorum,News & Politics,Que indignante saber como se artan estos coches y finalmente el pueblo esta ciendo dañado,indignante saber artan estos coches finalmente pueblo ciendo dañado,-2.0,-0.4588,negativo,1,,indignante,,0,False,True,1
UgyfMf4MkQsDKavjbLV4AaABAg,n8iP75gIpmw,UC9vMq1YF-e7C-VO0SHkbUTA,/@ErvinLeonardoCarreraLat%C3%ADn,Qué rico come tu diputado,Quorum,News & Politics,P..... Como no es su dinero  les vale v....,dinero vale,0.0,0.0,sin cobertura léxica,0,,,,0,False,False,1
UgyhYgz2ilvm1-T5IW94AaABAg,j43HgwYFKfk,UCWoAVGVqCn4xtINCMOTM4jg,/@OmarMartinez-vv8re,La cooptación de Walter Mazariegos en la USAC,Quorum,News & Politics,"Esto es lo que los poderosos quieren esconder, sacan noticias a medias que confunden, si no acatan una orden para reinstalar a uno de sus miembros, que podemos esperar??? Entonces?? La ley es para unos y no para todos??...La San  Carlos ya no le pertenece ni representan al pueblo, "" Las ratas hacen fiesta en casa del gato""..😢",poderosos quieren esconder sacan noticias medias confunden acatan orden reinstalar miembros podemos esperar entonces ley todos san carlos pertenece ni representan pueblo ratas hacen fiesta casa gato,-5.0,-0.7906,negativo,1,,ratas,😢,0,False,True,1
UgyiGiWPuiTR2hkzmVd4AaABAg,n8iP75gIpmw,UCDPWkUX3sNNaCx-m1dV4glA,/@hectoroliva949,Qué rico come tu diputado,Quorum,News & Politics,Solo giamagyey penso en grandes proyectos la coaptacion total del estado y el gran proyecto de corrupcion,solo giamagyey penso grandes proyectos coaptacion total estado gran proyecto corrupcion,-3.0,-0.6124,negativo,1,,corrupcion,,0,False,True,1
UgyiegHTZAVz8J4Ogvt4AaABAg,j43HgwYFKfk,UCsGoJEvb-cFPZ2rWoJcXzEQ,/@sergiohinestroza9709,La cooptación de Walter Mazariegos en la USAC,Quorum,News & Politics,La felicito señorita; al rin hubo una valiente. Dios con usted  !!!,felicito señorita rin hubo valiente dios usted,2.87,0.5954,positivo,1,felicito,,,0,False,True,1
UgyihMW-pXKI2cEDqWx4AaABAg,n8iP75gIpmw,UCXXh7yg5KUFIWylTiKVEFKQ,/@MrDuenderojo,Qué rico come tu diputado,Quorum,News & Politics,Siguen con las mismas mañas....los diputados acostumbrados a estar de gorriones....,siguen mismas mañas diputados acostumbrados estar gorriones,0.0,0.0,sin cobertura léxica,0,,,,0,False,False,1
UgyisqlInC7oBNbU95Z4AaABAg,n8iP75gIpmw,UC5H8ASmMC9WrURmzeB4ySog,/@ManuelEdran,Qué rico come tu diputado,Quorum,News & Politics,Lleve su lonchera...,lleve lonchera,0.0,0.0,sin cobertura léxica,0,,,,0,False,False,1
Ugyk3PqfIuDEuXyeb494AaABAg,n8iP75gIpmw,UCfM3nrxtTQMY5jFx1v1J4Gg,/@edgarroldan5539,Qué rico come tu diputado,Quorum,News & Politics,Cabal con pisto robado c asen micos y pericos lo de productivo para el país queda muy lejos,cabal pisto robado asen micos pericos productivo país queda lejos,-3.0,-0.6124,negativo,1,,robado,,0,False,True,1
UgykKTDDGdoiNQIuYJd4AaABAg,n8iP75gIpmw,UCp4iw5_5SmV9VGTFSNVGOmQ,/@CARLOSSTREMS51,Qué rico come tu diputado,Quorum,News & Politics,"Quien no lo conoce que lo compre, este fue mano derecha y achichincle de Baldizón en LIDER. Andaban en helicoptero pagado por los financistas que iban a cobrar con creces si llegaban al poder. Este es un Dipucaco",conoce compre mano derecha achichincle baldizón lider andaban helicoptero pagado financistas iban cobrar creces llegaban poder dipucaco,0.0,0.0,sin cobertura léxica,0,,,,0,False,False,1
UgymHCpILRINq5oT_7B4AaABAg,lj983NWyAQY,UCIp19h9igblA2YKfSLPDAug,/@JoseReyes-rn6sh,Plan 2032 Ciudad de Guatemala,Municipalidad de Guatemala,News & Politics,"FORTALEZCAMOS A NUESTRA BELLÍSIMA GUATEMALA


GUATEMALTECOS Y GUATEMALTECAS UNIDOS


ESTAN CONMIGO?",fortalezcamos nuestra bellísima guatemala guatemaltecos guatemaltecas unidos estan conmigo,0.0,0.0,sin cobertura léxica,0,,,,0,False,False,0
UgymHZwhYtsW9EYkxdl4AaABAg,n8iP75gIpmw,UCQtICyzWmhC5woCtbNgaSmg,/@nestormendez6216,Qué rico come tu diputado,Quorum,News & Politics,"Nery Rodas entienda. los fondos públicos no son para pagar comida de nadie. En lo privado ok. Es para generar negocios.
En lo público paguen de su sueldo. Punto.",nery rodas entienda fondos públicos pagar comida nadie privado ok generar negocios público paguen sueldo punto,0.0,0.0,sin cobertura léxica,0,,,,0,False,False,1
Ugynh0Cq17X889qHS0J4AaABAg,n8iP75gIpmw,UCwha8rxULYMVtNwZWeSkE1A,/@mariasamo8637,Qué rico come tu diputado,Quorum,News & Politics,No sé si todos los del Cabal son corruptos; pero Nery Rodas es un descarado corrupto.,sé todos cabal corruptos nery rodas descarado corrupto,-8.0,-0.9001,negativo,3,,corruptos | descarado | corrupto,,0,False,True,1
UgyoRKhs1yP8oKoD3uh4AaABAg,j43HgwYFKfk,UCylqlpsh8ENNM1LqgQ1KbxA,/@Jel.Awesh.M,La cooptación de Walter Mazariegos en la USAC,Quorum,News & Politics,Fuera Mazarriegos,fuera mazarriegos,0.0,0.0,sin cobertura léxica,0,,,,0,False,False,1
UgyoglGwyV2PhIAvHdt4AaABAg,j43HgwYFKfk,UCHbwIx9pmQuf7i-4_xO2EpA,/@caminoseternos752,La cooptación de Walter Mazariegos en la USAC,Quorum,News & Politics,"Excelente información, necesitaba saber y esta bastante claro... Ahora entiendo mejor 😢",excelente información necesitaba saber bastante claro ahora entiendo mejor,2.5,0.5423,positivo,2,excelente | mejor,,😢,0,False,True,1
UgyqA5EpXnBPn_uH-KB4AaABAg,j43HgwYFKfk,UCu8_3-Wg-YzNyvHYQDEscfw,/@RolandoCastroP%C3%A9rez-d7y,La cooptación de Walter Mazariegos en la USAC,Quorum,News & Politics,Y por que no manifiestan contra toda esa mafia ante los tribunales?. Se que hay mucha suciedad en la justicia pero se debe hacer algo.,manifiestan toda mafia tribunales mucha suciedad justicia debe hacer,-1.5,-0.3612,negativo,2,justicia,mafia,,0,False,True,1
Ugyr_-OfFbHlc9uWhg94AaABAg,OkXlHx0hx-8,UCIgoiXdIKJyUGmUoH2Lxdzg,/@susievidal4134,EE.UU. envía a mexicanos deportados a Guatemala antes de su regreso a México | Noticias Telemundo,Noticias Telemundo,News & Politics,Bueno los otros países tampoco queremos criminal es de México que los mandé a su país donde nacieron. Costa Rica lleva años aguantando gente de otros países ya no necesitamos más crimen en nuestro país.,bueno otros países tampoco queremos criminal méxico mandé país nacieron costa rica lleva años aguantando gente otros países necesitamos más crimen nuestro país,5.7,0.8271,positivo,3,bueno | criminal | crimen,,,2,False,True,0
UgysnIFZt6-_f2iGbid4AaABAg,06mFNPU0aB8,UCXN2s7DwTJm33xO-pNkAdaA,/@edithsan7688,Capturan a presuntos delincuentes disfrazados de mujer señalados de cometer asalto,Noti7,News & Politics,Buen trabajo,buen trabajo,2.0,0.4588,positivo,1,buen,,,0,False,True,2
UgysqnYM0p-_jyWisMJ4AaABAg,lj983NWyAQY,UCgLrWFdYitoP-b7-PxtUr-w,/@zetag,Plan 2032 Ciudad de Guatemala,Municipalidad de Guatemala,News & Politics,Quiero vivir en esa Guatemala :v,quiero vivir guatemala,0.0,0.0,sin cobertura léxica,0,,,,0,False,False,0
UgysslM7dkNnQ1JT7Mh4AaABAg,j43HgwYFKfk,UCAKuKvcbfnBD3kF5njNu-IA,/@melvinlopez7096,La cooptación de Walter Mazariegos en la USAC,Quorum,News & Politics,Excelente información!,excelente información,3.29,0.6474,positivo,1,excelente,,,0,False,True,1
UgyuZ00FMdgmao7sNMx4AaABAg,n8iP75gIpmw,UCFxE8GbokBrBsPEKM1xrOjQ,/@JuanDavila-qd7qj,Qué rico come tu diputado,Quorum,News & Politics,"Todo muy caro,canasta básica,transporte,y que barbaridad ,no tienen conciencia,cuántos pacientes muriendo por medicinas caras,estos diputados no tendrían que ejercer este cargo,pueblo dormido,este es un gran corrupto,vamos,une,vos, valor , todos corruptos",caro canasta básica transporte barbaridad tienen conciencia cuántos pacientes muriendo medicinas caras estos diputados tendrían ejercer cargo pueblo dormido gran corrupto vamos une vos valor todos corruptos,-12.35,-0.9542,negativo,6,,caro | barbaridad | muriendo | caras | corrupto | corruptos,,0,False,True,1
Ugyuk_4Gq9tbJjGZVRl4AaABAg,n8iP75gIpmw,UCh5ESQvtzyHDhCA7XyekCFA,/@andyB5280,Qué rico come tu diputado,Quorum,News & Politics,"Y las cosas no cambian, ellos siguen haciendo pobrecitos cómo sufren, mientras jenye de muere por la compra de medicamentos y no tienen para comprarla .",cosas cambian siguen haciendo pobrecitos cómo sufren mientras jenye muere compra medicamentos tienen comprarla,-2.0,-0.4588,negativo,1,,sufren,,0,False,True,1
UgyvMO5z1LjtvyRIIxd4AaABAg,is3Mk5oC19g,UCk4O-J1BhoqPmig1KLGJePA,/@lazarobarillas3575,Capturan a ladrón que había quedado grabado mientras robaba en una parroquia de Retalhuleu,TN23 Guatemala,News & Politics,Claro....hechor y consentidor pena por igual😮😮😮😮😮😮😮,claro hechor consentidor pena igual,-1.5,-0.3612,negativo,1,,pena,,0,False,True,1
UgyvSxtnuw9xRiNU5tl4AaABAg,j43HgwYFKfk,UCUoYsrx1oZnCZ0usbBJn4fA,/@AnaDiaz-re9sq,La cooptación de Walter Mazariegos en la USAC,Quorum,News & Politics,"Ese Luis Cordón, si que es valiente el resto de consejeros son lame botas",luis cordón valiente resto consejeros lame botas,0.0,0.0,sin cobertura léxica,0,,,,0,False,False,1
UgyxvyPVCur3jgc_1mx4AaABAg,b_Hkrkl3adA,UCHu8x4MVkayU6VgwVKd--MQ,/@Hernandez-i1o,Bloqueos en Guatemala este 31 de agosto por alza en combustibles afectan rutas principales,PrensaLibreOficial,News & Politics,Asquerosos dilicuentes empresas del belzebu y Buda asqueroso gobierno chueco del Don Arévalo nada hace por la población Guatemalteca y los asquerosas y asquerosos diputados del congreso de la república,asquerosos dilicuentes empresas belzebu buda asqueroso gobierno chueco don arévalo nada hace población guatemalteca asquerosas asquerosos diputados congreso república,-2.5,-0.5423,negativo,1,,asqueroso,,0,False,True,1
UgyypM6Ts6Ut_EuFcdN4AaABAg,n8iP75gIpmw,UC-jS_kA9w-OmpupXDx156Rg,/@simoncreyesc7579,Qué rico come tu diputado,Quorum,News & Politics,Y pueblo muriéndose del ambre ve hijos de su mera madre,pueblo muriéndose ambre ve hijos mera madre,-2.0,-0.4588,negativo,1,,muriéndose,,0,False,True,1
Ugyyx5lXrgFXsraCIMh4AaABAg,n8iP75gIpmw,UC9vMq1YF-e7C-VO0SHkbUTA,/@ErvinLeonardoCarreraLat%C3%ADn,Qué rico come tu diputado,Quorum,News & Politics,P..   si tengo hambre que le quitó un pedazo de ferrocarril mi...,tengo hambre quitó pedazo ferrocarril,-2.0,-0.4588,negativo,1,,hambre,,0,False,True,1
UgyzKNq94Z4Y2GSth514AaABAg,yLZS3JiEBg8,UChT7pzGytNd92Nmvi-zuWog,/@sparkvalkov,Arroz con pollo a la MONOPOLIO,Quorum,News & Politics,vine del instagram!,vine instagram,0.0,0.0,sin cobertura léxica,0,,,,0,False,False,3
Ugyzgy-Lqlq6CTb4GPB4AaABAg,n8iP75gIpmw,UChZknRmJkeGeQk0-mQuhDOg,/@OdilioRodr%C3%ADguez-c5w,Qué rico come tu diputado,Quorum,News & Politics,Y porqué no lo hacen  en lugares más sencillos pero como todos estos son iguales solo piensan en hartarse bien por eso salen como Rodriguez arzu  a costillas del pueblo,porqué hacen lugares más sencillos todos estos iguales solo piensan hartarse salen rodriguez arzu costillas pueblo,1.5,0.3612,positivo,1,bien,,,0,False,True,1
UgyzzIxBoO0_7kX1EWJ4AaABAg,WIUZtitfLRw,UCOARn3hnfkB7-_Rwa8Hoqcw,/@nicelol5241,Caminar en una ciudad hecha para carros,Quorum,News & Politics,"Muy cierto, mi mamá en este momento esta incapacitada de una pierna y hemos vivido lo que es caminar en aceras altas, ineptas, absurdamente pequeñas y además dañadas.",cierto mamá momento incapacitada pierna hemos vivido caminar aceras altas ineptas absurdamente pequeñas además dañadas,0.0,0.0,sin cobertura léxica,0,,,,0,False,False,3
Ugz-XNtfLx0lzcoHUXN4AaABAg,b_Hkrkl3adA,UC9Wp6vL5oCU37qC3Aj94WZA,/@ManuelSanchez-b8q2z,Bloqueos en Guatemala este 31 de agosto por alza en combustibles afectan rutas principales,PrensaLibreOficial,News & Politics,"Que comando mierd@ mejor de todas maneras tenemos que seguir trabajando, más gasto cuando ellos tapan.",comando mierd mejor todas maneras tenemos seguir trabajando más gasto tapan,1.5,0.3612,positivo,1,mejor,,,0,False,True,1
Ugz158DoUO_zyZlglG14AaABAg,06mFNPU0aB8,UCIXLDYqR_syskKRJy_x9W9Q,/@carlitosramirez4739,Capturan a presuntos delincuentes disfrazados de mujer señalados de cometer asalto,Noti7,News & Politics,Inglés,inglés,0.0,0.0,sin cobertura léxica,0,,,,0,False,False,2
Ugz1TFgP101cP3SQAW94AaABAg,n8iP75gIpmw,UCYN4wSQ1Sx4_LurxLlW7MPg,/@belarminavillatoro6474,Qué rico come tu diputado,Quorum,News & Politics,"Esas no son cosas minuciosas como dice el diputado Nery Rodas ya todos los diputados saben que les dieron orden de no gastar el dinero del pueblo para almuerzos de diputados y el w que quiere que  no nos digan nada porque son cosas como que no vale nada contarlo,si gastaron ese dinero que se los cobren a los diputados,están viendo qué hay personas muriendo de hambre y ellos bien Gracias dándose la gran vida que lo paguen con su sueldo que para eso ganan bien sin vergüenzas vividores,pues que lo paguen para ustedes es poco dos mil quetzales pero para nosotros los pobres es mucho dinero no importa que sea menor gasto pero entiendan que ya no,y si ustedes trabajan que sea en horas adecuadas y no en horas de comidas,y si usted dice que es muy poco el dinero entonces renuncien y busquen otro trabajo porque hay sueldos que ganan el mínimo y de ahí tienen que pagar todo imagínese señor por favor?",esas cosas minuciosas dice diputado nery rodas todos diputados saben dieron orden gastar dinero pueblo almuerzos diputados quiere digan nada cosas vale nada contarlo gastaron dinero cobren diputados están viendo qué personas muriendo hambre gracias dándose gran vida paguen sueldo ganan vergüenzas vividores pues paguen mil quetzales nosotros pobres mucho dinero importa sea menor gasto entiendan trabajan sea horas adecuadas horas comidas usted dice dinero entonces renuncien busquen otro trabajo sueldos ganan mínimo ahí tienen pagar imagínese señor favor,1.0,0.25,positivo,5,bien | gracias | bien,muriendo | hambre,,0,False,True,1
Ugz1VUKAy1iuwk_x2jN4AaABAg,yLZS3JiEBg8,UCTTILH6QCIxbTnEWxwRqs1g,/@3762Jorge,Arroz con pollo a la MONOPOLIO,Quorum,News & Politics,La próxima habla de la harina de trigo.,próxima habla harina trigo,0.0,0.0,sin cobertura léxica,0,,,,0,False,False,3
Ugz1kbHjtN-jQUk3sWd4AaABAg,n8iP75gIpmw,UC5bG9nc_JV3FsNP2KseQiYw,/@giovannirodas4836,Qué rico come tu diputado,Quorum,News & Politics,Nombre.... Tenía razon el loco Taracena!!!!! Los diputados siempre iban a decir q no les alcanza el salario de 25 mil. Y uno von salario mínimo tiene q ver cómo le hace para q le alcance!!! Entonces q busquen otro trabajo!!! Es el colmo plata hay lo q pasa q los políticos como el se lo gastan en hartazon!!!!😡😡😡😡,nombre tenía razon loco taracena diputados siempre iban decir alcanza salario mil von salario mínimo ver cómo hace alcance entonces busquen otro trabajo colmo plata pasa políticos gastan hartazon,-11.37,-0.9466,negativo,1,,colmo,😡😡😡😡,0,False,True,1
Ugz200h27x5RIAnswQd4AaABAg,n8iP75gIpmw,UCKDR0f2fu2UzWL8mBv5-BHw,/@mireyamorales6595,Qué rico come tu diputado,Quorum,News & Politics,"PERO ESTOS QUE ESTAN ENTREVISTANDO AL DIPUTADO NERY RODAS PORQUE 
NO LE PREGUNTARON A LA LEGISLATURA ANTERIOR TODOS LOS GASTOS  QUE HHACIAN.
 :face-blue-smiling: ASI ES LA ANTERIOR LEGISLATURA PAGABAN HASTA PORQUE IBAN AL BAÑO.
SR. RODAS..DEJE A ESTOS QUE LO ESTAN ENTREVISTANDO QUE LE PREGUNTEN
A SU MADRE.
LO QUE AFECTO EN GRANDE EL PAIS,ESOS ROBOS DE  jimmy morales / giammattei.
ALEGANDO POR UNA FACTURA DE Q.2,OOO. O,  MENOS.
  👁giammattei  ROBO MILLONES DE MILLONES Y ESTOS CORRUPTOS ENTREVISTADORES hablando de desnutricion ???  pregunten a giammattei,vive en
el pais todavia...vayan a buscarlo.
JAMAS LE HIZIERON NUNCA UNA PREGUNTA ACERCA DE LOS GASTOS QUE HACIA.
👁 toda empresa privada o gubernamental,PAGAN SUS GASTOS PARA LAS REUNIONESS
QUE LES TOCA HACER.
VAYAN A BUSCAR A allan rodriguez por ej...alvaro arzu...esos si son CORRUPTOS.",estos estan entrevistando diputado nery rodas preguntaron legislatura anterior todos gastos hhacian face blue smiling anterior legislatura pagaban iban baño sr rodas deje estos estan entrevistando pregunten madre afecto grande pais esos robos jimmy morales giammattei alegando factura ooo menos giammattei robo millones millones estos corruptos entrevistadores hablando desnutricion pregunten giammattei vive pais todavia vayan buscarlo jamas hizieron nunca pregunta acerca gastos hacia toda empresa privada gubernamental pagan gastos reunioness toca hacer vayan buscar allan rodriguez ej alvaro arzu esos corruptos,-15.6,-0.9705,negativo,5,,robos | robo | corruptos | desnutricion | corruptos,:face-blue-smiling:,0,False,True,1
Ugz26waEPWK6VtsenFZ4AaABAg,PjmxCj-a9Hg,UCNIeXbV_mEwpa412h1aqUWw,/@juandeleon9060,Conferencia de Prensa del Gobierno de Guatemala. #LaRondaGt,Gobierno de la República de Guatemala,Entertainment,Dios. Los cria. Y El.....los coruptos. Siempre. Van de la Mano....,dios cria coruptos siempre van mano,0.0,0.0,sin cobertura léxica,0,,,,0,False,False,2
Ugz26waEPWK6VtsenFZ4AaABAg.ALglV0O_2mtALgq1_mUSB_,PjmxCj-a9Hg,UCbYoNG5J3Au5BqtbXogfEFw,/@Luis-gn3fj,Conferencia de Prensa del Gobierno de Guatemala. #LaRondaGt,Gobierno de la República de Guatemala,Entertainment,Ud y quienes mas😂😂😂😂😂😂😂😂😂😂😂😂😂😂😂😂😂😂,ud quienes,3.0,0.6124,positivo,0,,,😂😂😂😂😂😂😂😂😂😂😂😂😂😂😂😂😂😂,0,False,True,2
Ugz2Y0LOPaJfoV8R01d4AaABAg,n8iP75gIpmw,UCl0ekS9Tt0jJGtOEM18S63w,/@monkchapin,Qué rico come tu diputado,Quorum,News & Politics,paaajaaaasss,paaajaaaasss,0.0,0.0,sin cobertura léxica,0,,,,0,False,False,1
Ugz5OziU6YjREVjZJUZ4AaABAg,PjmxCj-a9Hg,UCVQf0tzL7xRzFJsABVVULpg,/@DennisseLopetegi,Conferencia de Prensa del Gobierno de Guatemala. #LaRondaGt,Gobierno de la República de Guatemala,Entertainment,El estado de Colombia fue el verdugo de Uribe.. cuando sienten q alguien les enfrenta con la verdad se acobardan.. igual pasa con el ejecutivo de Guatemala.. bueno en fin arevalo es compadre de petro.  0igo a este presidente y solo mentiras salen de du bocata..  HDP,estado colombia verdugo uribe sienten alguien enfrenta verdad acobardan igual pasa ejecutivo guatemala bueno fin arevalo compadre petro 0igo presidente solo mentiras salen du bocata hdp,0.0,0.0,neutral,2,bueno,mentiras,,0,False,True,2
Ugz6naDsqtHsbONkRBl4AaABAg,b_Hkrkl3adA,UCsUCN0Yq_UyTvKjOJLmNrnQ,/@moisesvaldez4043,Bloqueos en Guatemala este 31 de agosto por alza en combustibles afectan rutas principales,PrensaLibreOficial,News & Politics,Vamos a paralizar todo el pais talvez asi entiende este gibierno medrioque,vamos paralizar pais talvez entiende gibierno medrioque,0.0,0.0,sin cobertura léxica,0,,,,0,False,False,1
Ugz76M4X7jXyiAqAC_d4AaABAg,n8iP75gIpmw,UCsSXdJct-nsS8DsABoEsaYA,/@Iv%C3%A1nP%C3%A9rez-j4j,Qué rico come tu diputado,Quorum,News & Politics,"Pues deberían establecer viáticos cuando los trabajos sean institucionales, eso seria más legal. Ponga una tabla de viáticos, ejemplo: desayuno 60, almuerzo 100, cena 60; hospedaje 150.",pues deberían establecer viáticos trabajos sean institucionales seria más legal ponga tabla viáticos ejemplo desayuno almuerzo cena hospedaje,0.0,0.0,sin cobertura léxica,0,,,,0,False,False,1
Ugz76M4X7jXyiAqAC_d4AaABAg.A7j4tx1RMDbA7oQQlZnZR4,n8iP75gIpmw,UC9xr9QvIcDvoZNUX5f-jaZw,/@MariaaliciaColonmorales,Qué rico come tu diputado,Quorum,News & Politics,"Es que ellos tienen un rubro para comidas hasta por 10,000quetzales pero ellos principalmente los de junta directiva dijeron que  no tocarían ese dinero que ellos comerían de su bolsillo",tienen rubro comidas 000quetzales principalmente junta directiva dijeron tocarían dinero comerían bolsillo,0.0,0.0,sin cobertura léxica,0,,,,0,False,False,1
Ugz7WPxTOQEwmZpnx_V4AaABAg,n8iP75gIpmw,UCi1b_TRQfgO1Z9O2gNGGWNA,/@davidisraelesquitsaquil,Qué rico come tu diputado,Quorum,News & Politics,"Ahora se destapo la CORRUPCION Q EXISTIA Y AHORA SE CONTAMINO despues de ampliacion ahora DEUDAS a la Comunidad Internacional por PRESTAMOS para carreteras, ademas CONCESIONES A AEROPUERTOS, PUERTOS, LAS MISMAS CARRETERAS, todos millonario, EUROBONOS, vender al pais y CANASTA BASICA A Q10,000 todo lo van hacer PERO ESE DINERO QUE OBTENGAN SERA REGALO DEL 👹👹👹 Xq DIOS dara justicia en su momento la JUSTICIA DE DIOS con sus hijitos sera IMPLACABLE y omnipotente🇬🇹🇬🇹🇬🇹🇬🇹",ahora destapo corrupcion existia ahora contamino despues ampliacion ahora deudas comunidad internacional prestamos carreteras ademas concesiones aeropuertos puertos mismas carreteras todos millonario eurobonos vender pais canasta basica q10 van hacer dinero obtengan sera regalo xq dios dara justicia momento justicia dios hijitos sera implacable omnipotente,-7.95,-0.899,negativo,3,justicia | justicia,corrupcion,👹👹👹,0,False,True,1
Ugz8BbgcucTeHAjfvqJ4AaABAg,n8iP75gIpmw,UCpl8rF8uv_8uui-QRvuJaRA,/@SergioGarcia-z9c,Qué rico come tu diputado,Quorum,News & Politics,Señores con el salario de este señor almuerzo asta las ocho dela noche y me como un tortrix que vale la pena,señores salario señor almuerzo asta ocho dela noche tortrix vale pena,-1.5,-0.3612,negativo,1,,pena,,0,False,True,1
Ugz8fJcHTKHoEWJPwWt4AaABAg,j43HgwYFKfk,UClhMWQ7XKWywYvbRnuf8QsA,/@EcPerez-zz9oh,La cooptación de Walter Mazariegos en la USAC,Quorum,News & Politics,"Como sabes que son pajas, si las tienes dwvuelvelas.",sabes pajas tienes dwvuelvelas,0.0,0.0,sin cobertura léxica,0,,,,0,False,False,1
Ugz8hBV9j2KQGtMhPUR4AaABAg,is3Mk5oC19g,UC4kg7zuTfqQKLd2bkZrSYBA,/@zoilagarcia9019,Capturan a ladrón que había quedado grabado mientras robaba en una parroquia de Retalhuleu,TN23 Guatemala,News & Politics,Sinverguenza la ley maya y luego preso.,sinverguenza ley maya luego preso,-2.5,-0.5423,negativo,1,,sinverguenza,,0,False,True,1
Ugz8pKFUmjVv-zF8lvJ4AaABAg,n8iP75gIpmw,UCOLGv5Pf6BF2wFcwUzgcvHg,/@welfrealdana5559,Qué rico come tu diputado,Quorum,News & Politics,La única que se filtro el mismo lo dijo son unos muertos de amber todos lis diputados tienen que pagar con su dinero para eso tienen un sueldo  no sean sucios,única filtro mismo dijo muertos amber todos lis diputados tienen pagar dinero tienen sueldo sean sucios,-2.0,-0.4588,negativo,1,,muertos,,0,False,True,1
UgzBnKyfiTTp9djPTh54AaABAg,OkXlHx0hx-8,UCbNanjFI51cwGqMAb2rOrBw,/@RosaMontesdeOca777,EE.UU. envía a mexicanos deportados a Guatemala antes de su regreso a México | Noticias Telemundo,Noticias Telemundo,News & Politics,Fe esperanza oración perseverantes diariamente paz bien verdad amor claridad sabiduría justicia divina ❤😊,fe esperanza oración perseverantes diariamente paz verdad amor claridad sabiduría justicia divina,18.0,0.9776,positivo,7,esperanza | paz | bien | amor | claridad | sabiduría | justicia,,❤😊,0,False,True,0
UgzBpiHQkRpqfeyCDwd4AaABAg,n8iP75gIpmw,UC2weSE8rpqkGMOp6StYtVfg,/@katerynsantiago2907,Qué rico come tu diputado,Quorum,News & Politics,que verguenza de jente..esto esto lo que logran parir las universidades..y estos corruptos nunca han hecho nada bueno x el pais..lo unico que han hecho es artarse caro a costillas del pueblo...que de aposol...,verguenza jente logran parir universidades estos corruptos nunca hecho nada bueno pais unico hecho artarse caro costillas pueblo aposol,-7.48,-0.888,negativo,4,,verguenza | corruptos | bueno | caro,,1,False,True,1
UgzDFSLs4n_6XtQjgjZ4AaABAg,lj983NWyAQY,UCyzf29IYjNw67gGIfsjgtxA,/@carlosoliva9249,Plan 2032 Ciudad de Guatemala,Municipalidad de Guatemala,News & Politics,"Impresionante 👏🏻👏🏻 la ciudad de Guatemala siempre ha tenido alcaldes de visión, Arzú siempre quizo ver una ciudad cosmopolita y de gran desarrollo, esperemos eso siga.",impresionante ciudad guatemala siempre tenido alcaldes visión arzú siempre quizo ver ciudad cosmopolita gran desarrollo esperemos siga,5.5,0.8176,positivo,1,esperemos,,👏👏,0,False,True,0
UgzDK8qo7Il1yafNllJ4AaABAg,PjmxCj-a9Hg,UCzZ6dDCEsLMXbc5pCFXIprw,/@josegil3813,Conferencia de Prensa del Gobierno de Guatemala. #LaRondaGt,Gobierno de la República de Guatemala,Entertainment,Adelante Excelentisimo Senor Presidente  Bernardo Arevalo de Leo'n   2028 - 2030.-,adelante excelentisimo senor presidente bernardo arevalo leo,1.5,0.3612,positivo,1,adelante,,,0,False,True,2
UgzESrzC3abcN60poBF4AaABAg,lj983NWyAQY,UCaT6M2zp7X6r6Whd8Vv3kHQ,/@alexarcos8349,Plan 2032 Ciudad de Guatemala,Municipalidad de Guatemala,News & Politics,Me encanta poner un negocio en Guatemala en un futuro no muy lejano.,encanta poner negocio guatemala futuro lejano,2.5,0.5423,positivo,1,encanta,,,0,False,True,0
UgzFOdujc0-cy9W1Uv14AaABAg,n8iP75gIpmw,UC3NMzdMYryaw82kPTnsaljg,/@marisosa7832,Qué rico come tu diputado,Quorum,News & Politics,Mientras los Guatemaltecos  muriendo de hambre,mientras guatemaltecos muriendo hambre,-4.0,-0.7184,negativo,2,,muriendo | hambre,,0,False,True,1
UgzGYzecKVZyDzajKPV4AaABAg,n8iP75gIpmw,UCLggDc_a5HriXv7I1h02sOA,/@guillermogonzalez5153,Qué rico come tu diputado,Quorum,News & Politics,"Cuando comen  puyaso,,,,,,y un niño  del campo come tortilla con sal  ,,,que es lo relevante  ,,,??",comen puyaso niño campo come tortilla sal relevante,0.0,0.0,sin cobertura léxica,0,,,,0,False,False,1
UgzH_SOr2gGO_dDna5J4AaABAg,n8iP75gIpmw,UCSou6a2OuYGSvPjm5psquyA,/@FranciscoRivera-sf7ne,Qué rico come tu diputado,Quorum,News & Politics,Qué descaro de ese vividor,qué descaro vividor,0.0,0.0,sin cobertura léxica,0,,,,0,False,False,1
UgzJ85lM1ogkB4KOk2d4AaABAg,PjmxCj-a9Hg,UCtNyHmRZtvGF2hSvI2dUBWw,/@aureliomaldonado4793,Conferencia de Prensa del Gobierno de Guatemala. #LaRondaGt,Gobierno de la República de Guatemala,Entertainment,Este presidente pendejo no va aser nada si no van a tapar baches menos van a avanzar en otras cosas ya están igual a México con la mañanera y no asen nada solo son abla mierda,presidente pendejo aser nada van tapar baches menos van avanzar otras cosas están igual méxico mañanera asen nada solo abla mierda,0.0,0.0,sin cobertura léxica,0,,,,0,False,False,2
UgzKcy6Zr6Ele2EAo6J4AaABAg,lj983NWyAQY,UCGqKxQS-z3NZzZF-2w338AA,/@samuelaguilar529,Plan 2032 Ciudad de Guatemala,Municipalidad de Guatemala,News & Politics,"Me encantaría vivir por un tiempo en Guatemala.
Saludos desde México. :)",encantaría vivir tiempo guatemala saludos méxico,1.0,0.25,positivo,1,saludos,,,0,False,True,0
UgzL_lyzP1gwPdnVQ3Z4AaABAg,yLZS3JiEBg8,UCXO1BBohNWXkK9SBDAG2ySg,/@JBFlute92,Arroz con pollo a la MONOPOLIO,Quorum,News & Politics,Excelente trabajo !!,excelente trabajo,3.58,0.6788,positivo,1,excelente,,,0,False,True,3
UgzMXsCXt9Lh-tk3fZd4AaABAg,6W4u8sGEnGM,UChyps3dqY-VY1_wLeq-2lhw,/@maydamorales4395,Inician los trabajos de recuperación del Puente Belice II.,Gobierno de la República de Guatemala,Entertainment,"Despues de tanta corrpcion y desfalco por los anteriores gobiernos ladrones que esperaba Rolando? ahora si se puede ver que los fondos de nuestros impuestos se estan usando en lo que deberian de haberse usado hace 40 anios, es muy bueno ver que al fin hay un presidente que esta trabajando no sentado atras de un escritorio llenandose las bolsas!",despues tanta corrpcion desfalco anteriores gobiernos ladrones esperaba rolando ahora puede ver fondos nuestros impuestos estan usando deberian haberse usado hace anios bueno ver fin presidente trabajando sentado atras escritorio llenandose bolsas,-0.59,-0.1506,negativo,2,bueno,ladrones,,0,False,True,2
UgzMXsCXt9Lh-tk3fZd4AaABAg.A_zGMKwFBhPA_zWhjiGKb7,6W4u8sGEnGM,UCyJhqmMbsvjpoarBBStA2kg,/@Murmullodelbarrio,Inician los trabajos de recuperación del Puente Belice II.,Gobierno de la República de Guatemala,Entertainment,"Esoooooo 
Así mero es",esoooooo así mero,0.0,0.0,sin cobertura léxica,0,,,,0,False,False,2
UgzM_dw7xZDkJJ8eYQ94AaABAg,n8iP75gIpmw,UCXgr7vXlRrsaskPdo097kGA,/@Rogergh-nw4oj,Qué rico come tu diputado,Quorum,News & Politics,asi o mas envelequero...,envelequero,0.0,0.0,sin cobertura léxica,0,,,,0,False,False,1
UgzMppllQcjsXkBLgiZ4AaABAg,n8iP75gIpmw,UCylqlpsh8ENNM1LqgQ1KbxA,/@Jel.Awesh.M,Qué rico come tu diputado,Quorum,News & Politics,Y eso es a lo que sale a luz ¿qué más  nos esconderán?,sale luz qué más esconderán,0.0,0.0,sin cobertura léxica,0,,,,0,False,False,1
UgzOB-KAGGElQGAPxEZ4AaABAg,n8iP75gIpmw,UC4cXueR2bKGFJV0Fk76gwmA,/@aluxdel4792,Qué rico come tu diputado,Quorum,News & Politics,"Por qué hay 160 diPUTAdos ? Máximo deberían ser 80 diPUTAdos , hambrientos porque saben que el pueblo paga y hasta da propina. Y mientras tanto en el corredor seco la gente se está muriendo de hambre",qué diputados máximo deberían diputados hambrientos saben pueblo paga da propina mientras tanto corredor seco gente está muriendo hambre,-4.0,-0.7184,negativo,2,,muriendo | hambre,,0,False,True,1
UgzOGr7KGQ9pa-CJdgN4AaABAg,n8iP75gIpmw,UCNBnKqWf4d-rS4HwJRQljmQ,/@LE_A22,Qué rico come tu diputado,Quorum,News & Politics,"Ósea que por ser diputados TIENEN QUE TENER PRIVILEGIOS A HUEVOS?  25 mil al mes más dietas,mocos etc. pero hablemos de 25 mil,ese ese el salario de 5 ó 6 meses de un ciudadano de a pie… y no tiene carro comida,tel etc gratis como estas ratas,y entre esos diputados los de la junta,los jefes de bloque son los más chuchos,pero quiere justificar todo como que fuese un derecho  y ellos fuesen reyes del país",ósea diputados tienen tener privilegios huevos mil mes más dietas mocos etc hablemos mil salario meses ciudadano pie carro comida tel etc gratis estas ratas esos diputados junta jefes bloque más chuchos quiere justificar fuese derecho fuesen reyes país,-2.0,-0.4588,negativo,2,gratis,ratas,,0,False,True,1
UgzOYjc2Ii04ZArW7vF4AaABAg,n8iP75gIpmw,UCmvOgzmmXbjUthHy-WJ52hQ,/@mariorodas593,Qué rico come tu diputado,Quorum,News & Politics,Eso del ferrogaril nunca se va a realisar.,ferrogaril nunca realisar,0.0,0.0,sin cobertura léxica,0,,,,0,False,False,1
UgzOeIbOqa0dhaWyj_B4AaABAg,s0eco-BofOs,UC6xI_MOaxajIWpoP8BH6E_Q,/@jahirdiaz5862,¿Quiénes pagan más en Centroamérica?,Quorum,News & Politics,wooow,wooow,0.0,0.0,sin cobertura léxica,0,,,,0,False,False,0
UgzPExq20lnf7-8d7_p4AaABAg,lj983NWyAQY,UCtMBF_1O2jY2INlb_luuB_A,/@mynorgudiel8646,Plan 2032 Ciudad de Guatemala,Municipalidad de Guatemala,News & Politics,Que Bonita ciudad mi Guatemala como te extraño algún día regresaremos saludos a todos los paisanos que estamos en el extranjero,bonita ciudad guatemala extraño algún día regresaremos saludos todos paisanos estamos extranjero,3.0,0.6124,positivo,2,bonita | saludos,,,0,False,True,0
UgzQTWwjC_XVPUNxuXp4AaABAg,OkXlHx0hx-8,UCrqXyRsg-_hTosURZ-uvoKg,/@flornolberto2425,EE.UU. envía a mexicanos deportados a Guatemala antes de su regreso a México | Noticias Telemundo,Noticias Telemundo,News & Politics,Que desgraciados sin Corazón y porque mandarlos a un pais del que no pertenesen ???? Si los  deportan por lo menos deverian de hacerlo al pais que pertenesen haci la familia puede verlos y ver sus nesecidad.,desgraciados corazón mandarlos pais pertenesen deportan menos deverian hacerlo pais pertenesen haci familia puede verlos ver nesecidad,0.0,0.0,sin cobertura léxica,0,,,,0,False,False,0
UgzRlz8OqalaHh8EnUl4AaABAg,OkXlHx0hx-8,UCGZMgmM92E3njyXNe9-kjAQ,/@pasionpornada,EE.UU. envía a mexicanos deportados a Guatemala antes de su regreso a México | Noticias Telemundo,Noticias Telemundo,News & Politics,""" Ayudanos a luchar contra el racismo y los malos tratos; vete de regreso a tu pais""
                                              Someone.",ayudanos luchar racismo malos tratos vete regreso pais someone,-2.0,-0.4588,negativo,1,,malos,,0,False,True,0
UgzRlz8OqalaHh8EnUl4AaABAg.Aa9hqaKl_ywAaB_OUjpKKh,OkXlHx0hx-8,UCi2KiZq63sRq8Mfbcp-MelQ,/@eugeneramirez4405,EE.UU. envía a mexicanos deportados a Guatemala antes de su regreso a México | Noticias Telemundo,Noticias Telemundo,News & Politics,"It ghe LAW 
You don't make your own rules!",it ghe law you don make your own rules,0.0,0.0,sin cobertura léxica,0,,,,0,False,False,0
UgzRyWsi9Ed1wsXKgwd4AaABAg,yLZS3JiEBg8,UCOY3XpD9qMCRSA8AA8c4CAw,/@franciscorodas9686,Arroz con pollo a la MONOPOLIO,Quorum,News & Politics,Muy buena explicación para entender los carteles y la necesidad de una Ley de Competencia. Felicitaciones.,buena explicación entender carteles necesidad ley competencia felicitaciones,5.2,0.802,positivo,2,buena | felicitaciones,,,0,False,True,3
UgzSjpcAY2zvJ6i-poh4AaABAg,is3Mk5oC19g,UCfRqgt2O-vjzUDMZY_tnxQw,/@Williams-Garcia67E,Capturan a ladrón que había quedado grabado mientras robaba en una parroquia de Retalhuleu,TN23 Guatemala,News & Politics,Robando en una iglesia eso es un gran pecado,robando iglesia gran pecado,-3.0,-0.6124,negativo,1,,robando,,0,False,True,1
UgzSu6dFpC7PrEYl7AF4AaABAg,n8iP75gIpmw,UC9vMq1YF-e7C-VO0SHkbUTA,/@ErvinLeonardoCarreraLat%C3%ADn,Qué rico come tu diputado,Quorum,News & Politics,Este señor le vale cuánto es el valor del almuerzo de un pobre y cuánto gana la población  más pobre,señor vale cuánto valor almuerzo pobre cuánto gana población más pobre,0.0,0.0,sin cobertura léxica,0,,,,0,False,False,1
UgzT_1dx4pvgJTFMsnZ4AaABAg,6W4u8sGEnGM,UCp29O_C7cchZV8IxV7Crdag,/@robertoescobar5507,Inician los trabajos de recuperación del Puente Belice II.,Gobierno de la República de Guatemala,Entertainment,"Parafraseando a Bukele, cuando no hay hueveo el pisto alcanza.",parafraseando bukele hueveo pisto alcanza,0.0,0.0,sin cobertura léxica,0,,,,0,False,False,2
UgzTqBd3og9IPuVu3o94AaABAg,n8iP75gIpmw,UCrJn_rbo_ENAdeqneS-RmRw,/@josecarrera9623,Qué rico come tu diputado,Quorum,News & Politics,se be q ese neri rodas kiere seguir comiendo acostillas de los pobres de guatemala verguenza no conose,be neri rodas kiere seguir comiendo acostillas pobres guatemala verguenza conose,-2.0,-0.4588,negativo,1,,verguenza,,0,False,True,1
UgzU2eLo006-Cz6rYLZ4AaABAg,ndAZjHqzzT8,UCjJf-AJKRFFWtiN-CSwkDmA,/@2jose82,Internet: escoger el menos malo,Quorum,News & Politics,En Tigo tienen una práctica que se llama falla programada y como lo dice el nombre lo hacen para obligar a los a clientes a migrar a nuevos servicios que seguramente podrían llegar a ser más caros o para que paguen x adelantado en el caso del internet residencial sin contrato,tigo tienen práctica llama falla programada dice nombre hacen obligar clientes migrar nuevos servicios seguramente podrían llegar más caros paguen adelantado caso internet residencial contrato,-2.0,-0.4588,negativo,2,,falla | caros,,0,False,True,3
UgzVRaRar_M-cPPi92x4AaABAg,is3Mk5oC19g,UCBtB5dIyx-C16UN8ClUD2UA,/@alexmonzon4257,Capturan a ladrón que había quedado grabado mientras robaba en una parroquia de Retalhuleu,TN23 Guatemala,News & Politics,Parece hijo del policia que esta a su lado...,parece hijo policia lado,0.0,0.0,sin cobertura léxica,0,,,,0,False,False,1
UgzVSZ19e2Cc28bFi-94AaABAg,n8iP75gIpmw,UCDUffaruH6dyUnUGwsTKpgg,/@luisletona2842,Qué rico come tu diputado,Quorum,News & Politics,Pobrecito dipucaco,pobrecito dipucaco,0.0,0.0,sin cobertura léxica,0,,,,0,False,False,1
UgzVsPOuFAogocL8wKB4AaABAg,6W4u8sGEnGM,UCgGqw4aqMdMVSGkKiMgrJRQ,/@pattyfigueroa5609,Inician los trabajos de recuperación del Puente Belice II.,Gobierno de la República de Guatemala,Entertainment,Interesante 😊 de haya cosas buenas en el país de guatemala.con el puente Belice dos.,interesante haya cosas buenas país guatemala puente belice,5.5,0.8176,positivo,2,interesante | buenas,,😊,0,False,True,2
UgzWNBqTQMz8ba4pbUd4AaABAg,j43HgwYFKfk,UC32oozucwCF3q8d4m8fyOUg,/@RauldejesusOlivagonzalez,La cooptación de Walter Mazariegos en la USAC,Quorum,News & Politics,La pregunta  es.quetanto poder tiene ese delicuente de. Masariego  porque es impone ese indibidodespierte amigo unibersitarios que pasa,pregunta quetanto poder delicuente masariego impone indibidodespierte amigo unibersitarios pasa,0.0,0.0,sin cobertura léxica,0,,,,0,False,False,1
UgzWNJK42U_F1IKlwwh4AaABAg,n8iP75gIpmw,UCvApqeCbLod-wejtT4CcVuA,/@davidgaher9550,Qué rico come tu diputado,Quorum,News & Politics,"Prepotente todavía, ni vergüenza tienen, gastar como no les cuesta nada deberían pagarlo con sus propio sueldo",prepotente todavía ni vergüenza tienen gastar cuesta nada deberían pagarlo propio sueldo,-0.52,-0.1331,negativo,2,vergüenza,prepotente,,1,False,True,1
UgzWs20muY6Ghm9Z7094AaABAg,JkpVO1hx2f8,UCHGd14aYuZZShLD73dkk6mg,/@noemiherrera3152,10 Preguntas a un año del Paro Nacional,Quorum,News & Politics,Fue emocionante! ❤🥹,emocionante,4.29,0.7423,positivo,0,,,❤🥹,0,False,True,0
UgzXDN6uNEworKy3uqZ4AaABAg,n8iP75gIpmw,UCiMythXHsw7eQEMykCdmMUA,/@JavierBecerra-h6x,Qué rico come tu diputado,Quorum,News & Politics,"Con la venta de fertilizantes se repone todo lo gastado y queda ganancia todavía, dice que tiene 40 agroservicios.",venta fertilizantes repone gastado queda ganancia todavía dice agroservicios,0.0,0.0,sin cobertura léxica,0,,,,0,False,False,1
UgzYz6n8mPI0dBWsP2h4AaABAg,j43HgwYFKfk,UC-fiZBS5Gp1eCJd9ucgWnCg,/@Tommii.10,La cooptación de Walter Mazariegos en la USAC,Quorum,News & Politics,Hay que sacar a como de lugar a estos 37 miembros del consejo que cumplieron su tiempo y colocar una denuncia penal contra estos que están usurpado los cargos en el CSU,sacar lugar estos miembros consejo cumplieron tiempo colocar denuncia penal estos están usurpado cargos csu,0.0,0.0,sin cobertura léxica,0,,,,0,False,False,1
UgzZMPOIKJlwEpgh7zd4AaABAg,b_Hkrkl3adA,UC5PrBbmUlQolwqmiru7yZhw,/@lazarochavez8269,Bloqueos en Guatemala este 31 de agosto por alza en combustibles afectan rutas principales,PrensaLibreOficial,News & Politics,Porque estan aciendo protestas si la gasolina aun subira mas de precio yo claro les edicho que si Nosotros perdemos la guerra Con Irán 🇮🇷 ustedes países como Mexico Guatemala todos los países del mundo 🌎no podrán comprar gasolina porque el galón subira $10. por galón cuánto es esto en tu país es mucho dinero saludos desde mi hermoso país 🇺🇸🇺🇸💵🦅🇺🇸🇺🇸♥️,estan aciendo protestas gasolina aun subira precio claro edicho nosotros perdemos guerra irán países mexico guatemala todos países mundo podrán comprar gasolina galón subira galón cuánto país mucho dinero saludos hermoso país,3.225,0.6399,positivo,2,saludos | hermoso,,,0,False,True,1
UgzZMPOIKJlwEpgh7zd4AaABAg.AaB6SZj2UadAaBRkGrUAJI,b_Hkrkl3adA,UC094EFEmMSdwVa8NQjjYBXg,/@CelestinoQuej-j7k,Bloqueos en Guatemala este 31 de agosto por alza en combustibles afectan rutas principales,PrensaLibreOficial,News & Politics,Pero ay que entender esta a 10 o un poco MAs de impuesto x galon en en Guatemala,ay entender impuesto galon guatemala,0.0,0.0,sin cobertura léxica,0,,,,0,False,False,1
UgzZMPOIKJlwEpgh7zd4AaABAg.AaB6SZj2UadAaCH5adXxCo,b_Hkrkl3adA,UCGm3gRBEHGRJYmtCryZLtDw,/@Jos%C3%A9Lopez-g6k,Bloqueos en Guatemala este 31 de agosto por alza en combustibles afectan rutas principales,PrensaLibreOficial,News & Politics,Pues  dile a tu presidente que deje de andar haciendo guerra a lo baboseo .,pues dile presidente deje andar haciendo guerra baboseo,0.0,0.0,sin cobertura léxica,0,,,,0,False,False,1
UgzZc-W-gVj1t4SXc-54AaABAg,lj983NWyAQY,UCwUAv3_LpWVtTIi7lkmTL7A,/@kingr4706,Plan 2032 Ciudad de Guatemala,Municipalidad de Guatemala,News & Politics,"Sería muy bueno que hicieran eso, y que también mejoren muchas cosas no solo en la capital. Ojalá antes lo hagan.
Vamos Guate, saldremos adelante con pasos pequeño pero firmes 🇬🇹❤️🇬🇹",sería bueno hicieran también mejoren muchas cosas solo capital ojalá hagan vamos guate saldremos adelante pasos pequeño firmes,7.7,0.8934,positivo,3,bueno | ojalá | adelante,,❤,0,False,True,0
UgzaTUgOy4ekC0xQoFt4AaABAg,n8iP75gIpmw,UC5H8ASmMC9WrURmzeB4ySog,/@ManuelEdran,Qué rico come tu diputado,Quorum,News & Politics,Es su obligacion trabajar...no se aproveche,obligacion trabajar aproveche,0.0,0.0,sin cobertura léxica,0,,,,0,False,False,1
UgzaWev1Ju6338Y7Ehl4AaABAg,ndAZjHqzzT8,UC5wuDq3U3vRAhOQI3D7gNdw,/@allanreneramirezgonzalez534,Internet: escoger el menos malo,Quorum,News & Politics,"Excelente informacion, me suscribí al canal por una publicacion en FB",excelente informacion suscribí canal publicacion fb,3.0,0.6124,positivo,1,excelente,,,0,False,True,3
UgzaWev1Ju6338Y7Ehl4AaABAg.A3Wof66r37mA3WrEtkJyep,ndAZjHqzzT8,UCvcu1kR8xMYy_I1Ty-2mV2Q,/@hashojea7348,Internet: escoger el menos malo,Quorum,News & Politics,Me pasó,pasó,0.0,0.0,sin cobertura léxica,0,,,,0,False,False,3
Ugzb66mq9Rv0T7aalfJ4AaABAg,n8iP75gIpmw,UCXXh7yg5KUFIWylTiKVEFKQ,/@MrDuenderojo,Qué rico come tu diputado,Quorum,News & Politics,El poeta de el diablo el portillo... y no que muy honesto el pastorcito  pues......,poeta diablo portillo honesto pastorcito pues,-2.4975,-0.5419,negativo,1,,honesto,,1,False,True,1
UgzcJTEHjaN8bEV8Hfd4AaABAg,n8iP75gIpmw,UC3XTwHxygNCgjndsg-UiCQA,/@marioajset4283,Qué rico come tu diputado,Quorum,News & Politics,"Julio Héctor Estrada, que triste que inconsciencia.",julio héctor estrada triste inconsciencia,-2.0,-0.4588,negativo,1,,triste,,0,False,True,1
UgzcVyiuFGJ0Yv0C4Zt4AaABAg,n8iP75gIpmw,UCsJJAvrVGupdmhOqgtDp8dg,/@nestorlorenzana1168,Qué rico come tu diputado,Quorum,News & Politics,Mentiras los diputados no ganan Q25mil......Ellos ganan Q45mil....no sea mentiroso,mentiras diputados ganan q25mil ganan q45mil sea mentiroso,-0.52,-0.1331,negativo,2,mentiroso,mentiras,,1,False,True,1
Ugzd2CVlJWOmHWBPSkN4AaABAg,n8iP75gIpmw,UCQ_-LPP8JAbfkc-b1Q6NvWw,/@MegaKristenstewart,Qué rico come tu diputado,Quorum,News & Politics,Diputados ladrones sin verguenza por eso guate nunca va salir adelante que pena.,diputados ladrones verguenza guate nunca salir adelante pena,-4.13,-0.7294,negativo,4,verguenza,ladrones | adelante | pena,,2,False,True,1
UgzeCbhVJhOJATewi5J4AaABAg,n8iP75gIpmw,UCtNfIBnc5S5DbbQj_yxgJTw,/@JosueRamirez-ey3ih,Qué rico come tu diputado,Quorum,News & Politics,Mantenidos,mantenidos,0.0,0.0,sin cobertura léxica,0,,,,0,False,False,1
UgzfLTatI6lJD6Z_u_94AaABAg,6W4u8sGEnGM,UC-Iul5tDYH_oiAMXQH-KaaQ,/@AlbertoMancilla-p9h,Inician los trabajos de recuperación del Puente Belice II.,Gobierno de la República de Guatemala,Entertainment,Wooooooooooooooooooooooooow calidad va llegará el tren asta izabal puerto Barrios el Atlántico y pacifico va ser súper lindo proyecto va ver mucho trabajo en el país saludos desde USA 🇺🇸 🎉,wooooooooooooooooooooooooow calidad llegará tren asta izabal puerto barrios atlántico pacifico súper lindo proyecto ver mucho trabajo país saludos usa,7.8,0.8957,positivo,3,calidad | lindo | saludos,,🎉,0,False,True,2
UgzfXuFsM8L3Qt6qWJV4AaABAg,WIUZtitfLRw,UCyW68EGZey4ao_Vf2cR5Ztg,/@ZabalaXabier,Caminar en una ciudad hecha para carros,Quorum,News & Politics,"Y los popos por las calles, humanos y de perros principalmente, nadie los limpia, un problema de seguridad vial y de salud pública. Hay que hacer algo más por los peatones.",popos calles humanos perros principalmente nadie limpia problema seguridad vial salud pública hacer más peatones,-1.0,-0.25,negativo,1,,problema,,0,False,True,3
Ugzfc9D5wlSKYgY5Jrh4AaABAg,OkXlHx0hx-8,UCZjm6U576nX8WOiLhmMR3bw,/@MariaNavarroYT,EE.UU. envía a mexicanos deportados a Guatemala antes de su regreso a México | Noticias Telemundo,Noticias Telemundo,News & Politics,Cuantas maldad😢😢😢,cuantas maldad,-6.0,-0.8402,negativo,0,,,😢😢😢,0,False,True,0
Ugzfc9D5wlSKYgY5Jrh4AaABAg.Aa9bbFyRF_AAaB_C3DtL_L,OkXlHx0hx-8,UCi2KiZq63sRq8Mfbcp-MelQ,/@eugeneramirez4405,EE.UU. envía a mexicanos deportados a Guatemala antes de su regreso a México | Noticias Telemundo,Noticias Telemundo,News & Politics,Mexico deports people all the time! So. Why is this different??,mexico deports people all the time so why is this different,0.0,0.0,sin cobertura léxica,0,,,,0,False,False,0
Ugzhc5zg6rDOR3ltTAZ4AaABAg,j43HgwYFKfk,UC_LYoGs5C3mbZKZuKuqYCvw,/@javiercifuentesarchila6041,La cooptación de Walter Mazariegos en la USAC,Quorum,News & Politics,Gracias por explicarlo!,gracias explicarlo,2.29,0.509,positivo,1,gracias,,,0,False,True,1
UgzhjFXjeUslGQMZ7KB4AaABAg,6W4u8sGEnGM,UCRfkkatKrNtAARnXMMYBGlA,/@BernerSoza-mg3vx,Inician los trabajos de recuperación del Puente Belice II.,Gobierno de la República de Guatemala,Entertainment,Que se termine la corrupcion para construier obras como estas  correjir el pais mano dura,termine corrupcion construier obras estas correjir pais mano dura,-3.0,-0.6124,negativo,1,,corrupcion,,0,False,True,2
UgzhtSisQXcyX7bqkzB4AaABAg,n8iP75gIpmw,UCA93ym2TXs_Ibyxb4Vcn-6Q,/@oswaldosolis8728,Qué rico come tu diputado,Quorum,News & Politics,"Tiene razón el diputado, le dan importancia a babosaditas",razón diputado dan importancia babosaditas,0.0,0.0,sin cobertura léxica,0,,,,0,False,False,1
Ugzi82q6lRyjtKUL5lV4AaABAg,n8iP75gIpmw,UCAmtbUiIrUIhikru0ZoTFig,/@Aura-vf6dm,Qué rico come tu diputado,Quorum,News & Politics,SON CÍNICOS,cínicos,-2.6,-0.5574,negativo,1,,cínicos,,0,False,True,1
Ugzin8yr1Zz1k47GsSp4AaABAg,n8iP75gIpmw,UCr1emrogPKkKTs_WTtx71xg,/@domingopeneleu6457,Qué rico come tu diputado,Quorum,News & Politics,Ay ricos shucos en la calle jajaja,ay ricos shucos calle jajaja,1.0,0.25,positivo,1,jajaja,,,0,False,True,1
UgzjFGboqNxQ7BcH0bZ4AaABAg,lj983NWyAQY,UCRznz9-N3Qc1w-qNdLSIY2Q,/@jimmygomez724,Plan 2032 Ciudad de Guatemala,Municipalidad de Guatemala,News & Politics,Hermosa cuidad de guatemala saludos desde el salvador,hermosa cuidad guatemala saludos salvador,3.0,0.6124,positivo,2,hermosa | saludos,,,0,False,True,0
UgzjqVqTKYeOrM1kW0F4AaABAg,lj983NWyAQY,UCY7Hq7F9Lnucf-Yr6JkHZNw,/@maynorcalel1442,Plan 2032 Ciudad de Guatemala,Municipalidad de Guatemala,News & Politics,Primero Dios,primero dios,0.0,0.0,sin cobertura léxica,0,,,,0,False,False,0
Ugzk5XnOVKoVj8FiOCB4AaABAg,OkXlHx0hx-8,UC-QOpE7GOxlXcHZ8b7HbQKA,/@mariaalexander427,EE.UU. envía a mexicanos deportados a Guatemala antes de su regreso a México | Noticias Telemundo,Noticias Telemundo,News & Politics,Y??? Entraron ilegalmente a un pais AJENO!! No tenemos obligacion de dejarlos en las puertas de sus ranchos! Problema de otro gobierno!🇺🇸💪🗽⚖️✈️✈️✈️,entraron ilegalmente pais ajeno tenemos obligacion dejarlos puertas ranchos problema otro gobierno,1.37,0.3335,positivo,1,,problema,💪,0,False,True,0
UgzlqevYeQWpdUl_KON4AaABAg,n8iP75gIpmw,UCjSKM9j0Q7HLDr1hD6D-TUw,/@josehidalgo4875,Qué rico come tu diputado,Quorum,News & Politics,Solo lo que sale a luz se da cuenta el pueblo de lo que hasen estos malvados y lo que hasen a escondidas quien les dise algo estos bien bien comidos y el pueblo que en eso yo mismo se los e dicho que el que sale beneficiado en todo es el político ustedes creen que se preocupan x el pueblo yo siempre les e dicho que solo las sobras le dejan al pueblo x que esta clase de gente solo tiene que ver primero sus intereses y lo demás les vale madre,solo sale luz da cuenta pueblo hasen estos malvados hasen escondidas dise estos comidos pueblo mismo dicho sale beneficiado político creen preocupan pueblo siempre dicho solo sobras dejan pueblo clase gente solo ver primero intereses demás vale madre,2.625,0.561,positivo,2,bien | bien,,,0,False,True,1
Ugzm7wFhhdctNQt_ubl4AaABAg,06mFNPU0aB8,UCwCfs-2zbD5k0lG-UVg_JBw,/@JessicaHuaz-96,Capturan a presuntos delincuentes disfrazados de mujer señalados de cometer asalto,Noti7,News & Politics,Al fin hicieron algo bueno los polis👏👏👏👏👏,fin hicieron bueno polis,9.1,0.9201,positivo,1,bueno,,👏👏👏👏👏,0,False,True,2
UgzmBKXDgncBFsDjRwd4AaABAg,n8iP75gIpmw,UC72gBAtyb_VXQlYDcFrh6oQ,/@osmanmorales3012,Qué rico come tu diputado,Quorum,News & Politics,Siempre tienen excusa,siempre tienen excusa,-1.5,-0.3612,negativo,1,,excusa,,0,False,True,1
UgzmBVMoFVO53-_ZZ-54AaABAg,PjmxCj-a9Hg,UC8xlJWNHz1V_W6q3fbuQH8g,/@NormaL%C3%B3pez-v7e,Conferencia de Prensa del Gobierno de Guatemala. #LaRondaGt,Gobierno de la República de Guatemala,Entertainment,Excelente señor ministro.,excelente señor ministro,3.0,0.6124,positivo,1,excelente,,,0,False,True,2
UgzpHaLJJjoD9FnKO6p4AaABAg,6W4u8sGEnGM,UCyJhqmMbsvjpoarBBStA2kg,/@Murmullodelbarrio,Inician los trabajos de recuperación del Puente Belice II.,Gobierno de la República de Guatemala,Entertainment,Viva nuestra Guatemala bendita y viva nuestro presidente Bernardo Arévalo,viva nuestra guatemala bendita viva nuestro presidente bernardo arévalo,4.0,0.7184,positivo,2,viva | viva,,,0,False,True,2
UgzpdnDQDBV6UZ96GZh4AaABAg,PjmxCj-a9Hg,UCgQJgI9vu1FI2dnC9mrFthw,/@srms70,Conferencia de Prensa del Gobierno de Guatemala. #LaRondaGt,Gobierno de la República de Guatemala,Entertainment,NO QUEREMOS EL TREN MAYA EN GUATEMALA,queremos tren maya guatemala,0.0,0.0,sin cobertura léxica,0,,,,0,False,False,2
UgzpzyaFY6F6IdFxzk14AaABAg,n8iP75gIpmw,UCLFdHr9BEbXHkoJopbEPLZw,/@kanterra4584,Qué rico come tu diputado,Quorum,News & Politics,Por lo general es así cuando los sujetos provienen de bajos estratos de la sociedad y son tirados con honda.,general así sujetos provienen bajos estratos sociedad tirados honda,0.0,0.0,sin cobertura léxica,0,,,,0,False,False,1
UgzrrbkpudLqNqr7s6R4AaABAg,n8iP75gIpmw,UCRETAiYdh2dL5ZxB0_N1zDA,/@Joseroland21,Qué rico come tu diputado,Quorum,News & Politics,"A todos no a unos si 😂
Mejor no hubiera se hubiera entrevistado. 😂

Un calcetín el
Señor. Abre la boca y meta la pata",todos mejor hubiera hubiera entrevistado calcetín señor abre boca meta pata,3.5,0.6705,positivo,1,mejor,,😂😂,0,False,True,1
Ugzs8eXa8mdQ8wlS4FZ4AaABAg,lj983NWyAQY,UCi-vPdnpQreC7BkFs40mJGA,/@bryansicasales4280,Plan 2032 Ciudad de Guatemala,Municipalidad de Guatemala,News & Politics,"Es un proyecto extraordinario , vamos adelante mi guate hermosa!",proyecto extraordinario vamos adelante guate hermosa,6.79,0.8686,positivo,3,extraordinario | adelante | hermosa,,,0,False,True,0
UgztKpwRx20oET8wGLJ4AaABAg,PjmxCj-a9Hg,UCHTGCgY2l-DQJIvlA_cpa_Q,/@virgiliogarcia3039,Conferencia de Prensa del Gobierno de Guatemala. #LaRondaGt,Gobierno de la República de Guatemala,Entertainment,Con mucho Respeto  sen̈or presidente lo saludo y que Dios los vendiga lo unico que le pido que mencione y hagan algo por la seguridad del pais ya que siguen matando personas trabajadores y honrradas hagan algo con esos delincuentes .,mucho respeto sen or presidente saludo dios vendiga unico pido mencione hagan seguridad pais siguen matando personas trabajadores honrradas hagan esos delincuentes,-0.3,-0.0772,negativo,2,respeto,delincuentes,,0,False,True,2
UgzuugQO6qMSbkVsdGp4AaABAg,PjmxCj-a9Hg,UCtNyHmRZtvGF2hSvI2dUBWw,/@aureliomaldonado4793,Conferencia de Prensa del Gobierno de Guatemala. #LaRondaGt,Gobierno de la República de Guatemala,Entertainment,Pregúntenle si se acuerda de la marca del vino que se toma todos los días,pregúntenle acuerda marca vino toma todos días,0.0,0.0,sin cobertura léxica,0,,,,0,False,False,2
UgzvKLXKEkVzjn_XRHp4AaABAg,n8iP75gIpmw,UCsjs5Hp_r86x1xbK6FAeqaA,/@alvaroesquivel563,Qué rico come tu diputado,Quorum,News & Politics,Eso es exactamente lo que significa la verdadera politica: dividirse la riqueza del país entre unos cuantos. Sólo se puede guardar por todos estos delincuentes políticos un sentimiento de vivisima repugnancia.-,exactamente significa verdadera politica dividirse riqueza país cuantos sólo puede guardar todos estos delincuentes políticos sentimiento vivisima repugnancia,-2.5,-0.5423,negativo,1,,delincuentes,,0,False,True,1
UgzwvEpQc3M_AWvNDad4AaABAg,lj983NWyAQY,UCRcSR3Lvn9DZAmJpVPANfZQ,/@WalksandSuch,Plan 2032 Ciudad de Guatemala,Municipalidad de Guatemala,News & Politics,muy padre. saludos desde mexico.,padre saludos mexico,1.2625,0.3099,positivo,1,saludos,,,0,False,True,0
Ugzx7TTfRu5S-pT0LuZ4AaABAg,n8iP75gIpmw,UCz3gu01bmjNv0DpRq-K3XYg,/@eusebiovasquez4385,Qué rico come tu diputado,Quorum,News & Politics,Pero que estará aportando éste delincuente,estará aportando éste delincuente,-2.5,-0.5423,negativo,1,,delincuente,,0,False,True,1
UgzxhrnRAMNePfy6u7J4AaABAg,PjmxCj-a9Hg,UCGX_UbAQOXGZknv5iqklwTA,/@ronaldgarcia8522,Conferencia de Prensa del Gobierno de Guatemala. #LaRondaGt,Gobierno de la República de Guatemala,Entertainment,Este hombre esta loco,hombre loco,0.0,0.0,sin cobertura léxica,0,,,,0,False,False,2
UgzzpE27HS1dmWfyATJ4AaABAg,n8iP75gIpmw,UC-hfX8J5JPJ-dfuakzegMLA,/@normaleticiaorozcojuarez2418,Qué rico come tu diputado,Quorum,News & Politics,"Si son asesores los que participan en las mesas de trabajo, ellos también tienen buenos sueldos y pueden costear sus gastos personales, jamás con el sueldo de  los Diputados y menos con recursos del pueblo, hay que ser  verdaderamente CABAL. Con respecto a el trabajo que realizan , cualquier proyecto que sea  y en sus diferentes etapas, considero que lo hace porque le gusta  y se siente realizado, se le recuerda que no es gratis, reciben un sueldo y que los compromisos laborales no se resuelven en un restaurante,  para eso están oficinas, las reuniones  en estos lugares es más convivencia que trabajo.  Que Dios les ilumine.",asesores participan mesas trabajo también tienen buenos sueldos pueden costear gastos personales jamás sueldo diputados menos recursos pueblo verdaderamente cabal respecto trabajo realizan cualquier proyecto sea diferentes etapas considero hace gusta siente realizado recuerda gratis reciben sueldo compromisos laborales resuelven restaurante están oficinas reuniones estos lugares más convivencia trabajo dios ilumine,2.76,0.5803,positivo,3,buenos | gusta,gratis,,1,False,True,1
